repo,source_csv,found,match_name,match_path,default_branch,ref_scanned,match_url,match_sha,match_size_bytes,scan_method,http_status,error_type,error_message,scanned_at_utc,stars,fork,archived,id,name,isFork,commits,branches,releases,forks,mainLanguage,defaultBranch,license,homepage,watchers,stargazers,contributors,size,createdAt,pushedAt,updatedAt,totalIssues,openIssues,totalPullRequests,openPullRequests,blankLines,codeLines,commentLines,metrics,lastCommit,lastCommitSHA,hasWiki,isArchived,isDisabled,isLocked,languages,labels,topics
ArcInstitute/SRAgent,results.csv,True,SKILL.md,/claude-skill/SKILL.md,main,main,https://github.com/ArcInstitute/SRAgent/blob/ba13533302277494949b29e898529957b94c3b65/claude-skill/SKILL.md,980350cc939e2aaa198db4af942467f87aaba7a2,,code_search,200,none,,2026-02-18T15:16:22Z,149,false,false,,,,,,,,,,,,,,,,,,,,,,,,,,,,,,,,,,,
ArtificialAnalysis/Stirrup,results.csv,True,SKILL.md,/skills/data_analysis/SKILL.md,main,main,https://github.com/ArtificialAnalysis/Stirrup/blob/f02a66ba1ab5da76d72814a6e01691fe81e9648d/skills/data_analysis/SKILL.md,bcf67a5c4b186ce087ee7eb2aa66925e99072739,,code_search,200,none,,2026-02-18T15:17:24Z,306,false,false,,,,,,,,,,,,,,,,,,,,,,,,,,,,,,,,,,,
AsyncFuncAI/AsyncReview,results.csv,True,SKILL.md,/skills/asyncreview/SKILL.md,main,main,https://github.com/AsyncFuncAI/AsyncReview/blob/616d9c965151aee5080da1ed4fc47bde9fd8ea9e/skills/asyncreview/SKILL.md,2fc46f6a31816107c160f6ed228c365d95843730,,code_search,200,none,,2026-02-18T15:17:24Z,189,false,false,,,,,,,,,,,,,,,,,,,,,,,,,,,,,,,,,,,
AvivK5498/The-Claude-Protocol,results.csv,True,SKILL.md,/SKILL.md,main,main,https://github.com/AvivK5498/The-Claude-Protocol/blob/main/SKILL.md,8bab5b946eaab1fe81cff156931f5f2b6c8ed544,8662,contents_api,200,none,,2026-02-18T15:18:25Z,133,false,false,,,,,,,,,,,,,,,,,,,,,,,,,,,,,,,,,,,
Azure-Samples/azure-search-openai-demo,results.csv,True,SKILL.md,/.github/skills/github-pr-inline-reply/SKILL.md,main,main,https://github.com/Azure-Samples/azure-search-openai-demo/blob/03c2e2c35d7a1d1cb11a8da33c18a18518f57ccd/.github/skills/github-pr-inline-reply/SKILL.md,3b6b08c18bf564bc3c1afe5c545e799e9574f923,,code_search,200,none,,2026-02-18T15:18:26Z,7571,false,false,,,,,,,,,,,,,,,,,,,,,,,,,,,,,,,,,,,
BayramAnnakov/claude-reflect,results.csv,True,SKILL.md,/SKILL.md,main,main,https://github.com/BayramAnnakov/claude-reflect/blob/main/SKILL.md,c82175904c103cbffad29e5221d9817f06ea4ff6,2508,contents_api,200,none,,2026-02-18T15:20:29Z,692,false,false,,,,,,,,,,,,,,,,,,,,,,,,,,,,,,,,,,,
BrownFineSecurity/iothackbot,results.csv,True,SKILL.md,/skills/jadx/SKILL.md,master,master,https://github.com/BrownFineSecurity/iothackbot/blob/fdd25f8c2ee3559bfcabb5f231ff9aba512bfeda/skills/jadx/SKILL.md,fba542fc5976c8872e9c506a09275927cf855c61,,code_search,200,none,,2026-02-18T15:21:32Z,639,false,false,,,,,,,,,,,,,,,,,,,,,,,,,,,,,,,,,,,
Chen-zexi/open-ptc-agent,results.csv,True,SKILL.md,/skills/pdf/SKILL.md,main,main,https://github.com/Chen-zexi/open-ptc-agent/blob/425b9575bfdcaf949b0a4053e981cf8070c70e03/skills/pdf/SKILL.md,f6a22ddf88fdc7e7b7603f4c9064cc51bd930ad9,,code_search,200,none,,2026-02-18T15:23:36Z,652,false,false,,,,,,,,,,,,,,,,,,,,,,,,,,,,,,,,,,,
Dicklesworthstone/mcp_agent_mail,results.csv,True,SKILL.md,/SKILL.md,main,main,https://github.com/Dicklesworthstone/mcp_agent_mail/blob/main/SKILL.md,63c0da5d891572dfffe16a42420bc1cb0a971a4d,13492,contents_api,200,none,,2026-02-18T15:30:49Z,1695,false,false,,,,,,,,,,,,,,,,,,,,,,,,,,,,,,,,,,,
FoundationAgents/MetaGPT,results.csv,True,SKILL.md,/metagpt/prompts/generate_skill.md,main,main,https://github.com/FoundationAgents/MetaGPT/blob/11cdf466d042aece04fc6cfd13b28e1a70341b1f/metagpt/prompts/generate_skill.md,e96f8181a6cbf9cba625a5aa36d5e391d169499c,,code_search,200,none,,2026-02-18T15:38:04Z,64276,false,false,,,,,,,,,,,,,,,,,,,,,,,,,,,,,,,,,,,
HKUDS/DeepCode,results.csv,True,SKILL.md,/nanobot/nanobot/skills/cron/SKILL.md,main,main,https://github.com/HKUDS/DeepCode/blob/76d30cdac88217ff5919ddd2b93b5546946ded84/nanobot/nanobot/skills/cron/SKILL.md,c8beecb6f02da69f85091227ff494d44b035ecf9,,code_search,200,none,,2026-02-18T15:44:15Z,14522,false,false,,,,,,,,,,,,,,,,,,,,,,,,,,,,,,,,,,,
Hmbown/Hegelion,results.csv,True,SKILL.md,/skills/hegelion/SKILL.md,main,main,https://github.com/Hmbown/Hegelion/blob/d51a5af594747b2d4e8e89aeb734cf564a449ad7/skills/hegelion/SKILL.md,5a810a8e4aba39e0a034d4a7b628f5af78abf4d2,,code_search,200,none,,2026-02-18T15:47:21Z,115,false,false,,,,,,,,,,,,,,,,,,,,,,,,,,,,,,,,,,,
ImCa0/just-laws,results.csv,True,SKILL.md,/.claude/skills/addlaws/SKILL.md,master,master,https://github.com/ImCa0/just-laws/blob/23d998cefc6ef2fc883545b594726e7dc47ac458/.claude/skills/addlaws/SKILL.md,68e207a645c75e630aaab15065b90892aa9437c8,,code_search,200,none,,2026-02-18T15:48:24Z,708,false,false,,,,,,,,,,,,,,,,,,,,,,,,,,,,,,,,,,,
Jeffallan/claude-skills,results.csv,True,SKILL.md,/skills/cpp-pro/SKILL.md,main,main,https://github.com/Jeffallan/claude-skills/blob/c9616024d961bed5738e45ae56093bd96290dffb/skills/cpp-pro/SKILL.md,79107d0f460c023ced99fe1debc573728dcea4f9,,code_search,200,none,,2026-02-18T15:52:31Z,3095,false,false,,,,,,,,,,,,,,,,,,,,,,,,,,,,,,,,,,,
K-Dense-AI/claude-scientific-skills,results.csv,True,SKILL.md,/scientific-skills/esm/SKILL.md,main,main,https://github.com/K-Dense-AI/claude-scientific-skills/blob/22b0ad54abaf56c60884c19707aa5a03e1355d95/scientific-skills/esm/SKILL.md,35d4b9721f6ea0ba72469403c0d8b774cf85bb42,,code_search,200,none,,2026-02-18T15:54:36Z,8833,false,false,,,,,,,,,,,,,,,,,,,,,,,,,,,,,,,,,,,
K-Dense-AI/claude-scientific-writer,results.csv,True,SKILL.md,/skills/markitdown/SKILL.md,main,main,https://github.com/K-Dense-AI/claude-scientific-writer/blob/2ae9407efbb2991cadadd2163bd94d74705826e4/skills/markitdown/SKILL.md,eb42c4c15edec13157c99a84ad96c939ed0925ea,,code_search,200,none,,2026-02-18T15:54:36Z,811,false,false,,,,,,,,,,,,,,,,,,,,,,,,,,,,,,,,,,,
MGdaasLab/WHartTest,results.csv,True,SKILL.md,/WHartTest_Skills/playwright-skill/SKILL.md,master,master,https://github.com/MGdaasLab/WHartTest/blob/9946c0628f18b419afed61d1b78ae5ad6e90bea9/WHartTest_Skills/playwright-skill/SKILL.md,a6fc84a74b238a6309d47cc6babb65f2af3aca93,,code_search,200,none,,2026-02-18T16:03:53Z,626,false,false,,,,,,,,,,,,,,,,,,,,,,,,,,,,,,,,,,,
MaksimZayats/fastdjango,results.csv,True,SKILL.md,/.claude/skills/docs-reader/SKILL.md,main,main,https://github.com/maksimzayats/fastdjango/blob/727828547f239629df5a46392709f2c7f7db03e9/.claude/skills/docs-reader/SKILL.md,d5fbbb69548d146858b67b46338c004460339f5e,,code_search,200,none,,2026-02-18T16:04:56Z,185,false,false,,,,,,,,,,,,,,,,,,,,,,,,,,,,,,,,,,,
NPC-Worldwide/npcsh,results.csv,True,SKILL.md,/npcsh/npc_team/jinxs/skills/debugging/SKILL.md,main,main,https://github.com/NPC-Worldwide/npcsh/blob/34443499b1ffebf80c98f4a1c449412fe0096936/npcsh/npc_team/jinxs/skills/debugging/SKILL.md,ea6995ae01445db9eefbe36599366fb3fb319786,,code_search,200,none,,2026-02-18T16:13:11Z,217,false,false,,,,,,,,,,,,,,,,,,,,,,,,,,,,,,,,,,,
OpenBB-finance/backends-for-openbb,results.csv,True,SKILL.md,/.claude/skills/openbb-app-builder/SKILL.md,main,main,https://github.com/OpenBB-finance/backends-for-openbb/blob/a02df3bcd57d6734950f4e6634db3f55bb5c4652/.claude/skills/openbb-app-builder/SKILL.md,2d13c448be503d70eccba43f05e729a376c0127d,,code_search,200,none,,2026-02-18T16:17:20Z,146,false,false,,,,,,,,,,,,,,,,,,,,,,,,,,,,,,,,,,,
OpenSQZ/GTPlanner,results.csv,True,SKILL.md,/.claude/skills/gtplanner/SKILL.md,main,main,https://github.com/OpenSQZ/GTPlanner/blob/e8771e89c85cfca450c4f3e0cf11b33d1a122465/.claude/skills/gtplanner/SKILL.md,00d3053871505e315b5b221893e0e1d2ba2aafbd,,code_search,200,none,,2026-02-18T16:19:23Z,211,false,false,,,,,,,,,,,,,,,,,,,,,,,,,,,,,,,,,,,
OriNachum/autonomous-intelligence,results.csv,True,SKILL.md,/qq/skills/coding/SKILL.md,main,main,https://github.com/OriNachum/autonomous-intelligence/blob/7e1c9b6f5ecf27613802e9a1705ca0097044a92c/qq/skills/coding/SKILL.md,6c4d6a1a805976f08de308c297d1bf3615252a2b,,code_search,200,none,,2026-02-18T16:19:24Z,211,false,false,,,,,,,,,,,,,,,,,,,,,,,,,,,,,,,,,,,
OthmanAdi/planning-with-files,results.csv,True,SKILL.md,/skills/planning-with-files/SKILL.md,master,master,https://github.com/OthmanAdi/planning-with-files/blob/4292f000a15ecf07a6d0900ab495b80864de2a15/skills/planning-with-files/SKILL.md,7f4024a5f9c480ef3b6763f2a354bf60ba84ea41,,code_search,200,none,,2026-02-18T16:20:25Z,14060,false,false,,,,,,,,,,,,,,,,,,,,,,,,,,,,,,,,,,,
Pangu-Immortal/hunter-ai-content-factory,results.csv,True,SKILL.md,/src/factory/skills/skill.md,main,main,https://github.com/Pangu-Immortal/hunter-ai-content-factory/blob/21cebd438f668083f7307870bf079ff7f766166d/src/factory/skills/skill.md,198e197e807e90e8dc651be9c290caa6cbc15600,,code_search,200,none,,2026-02-18T16:21:28Z,243,false,false,,,,,,,,,,,,,,,,,,,,,,,,,,,,,,,,,,,
PleasePrompto/notebooklm-skill,results.csv,True,SKILL.md,/SKILL.md,master,master,https://github.com/PleasePrompto/notebooklm-skill/blob/master/SKILL.md,2be7e1615889f128c87c6938ca2c4f262f861a9a,9442,contents_api,200,none,,2026-02-18T16:23:31Z,3581,false,false,,,,,,,,,,,,,,,,,,,,,,,,,,,,,,,,,,,
Saik0s/mcp-browser-use,results.csv,True,SKILL.md,/skills/browser-use/SKILL.md,main,main,https://github.com/Saik0s/mcp-browser-use/blob/03e0dad7f429568f922e0cc09b72849472cb867c/skills/browser-use/SKILL.md,2a13f7151b86ea5f868480067193aa3fb442b417,,code_search,200,none,,2026-02-18T16:32:49Z,893,false,false,,,,,,,,,,,,,,,,,,,,,,,,,,,,,,,,,,,
SterlingChin/marvin-template,results.csv,True,SKILL.md,/skills/start/SKILL.md,main,main,https://github.com/SterlingChin/marvin-template/blob/b7e37f2981cf778ef850f3f37a7801edb38ef1b6/skills/start/SKILL.md,09d491568579ca0e97e703692519a6f5de8d9436,,code_search,200,none,,2026-02-18T16:38:00Z,883,false,false,,,,,,,,,,,,,,,,,,,,,,,,,,,,,,,,,,,
SuperClaude-Org/SuperClaude_Framework,results.csv,True,SKILL.md,/skills/confidence-check/SKILL.md,master,master,https://github.com/SuperClaude-Org/SuperClaude_Framework/blob/55c658c77f88c538cf9d90a3736c1b24f8f64f44/skills/confidence-check/SKILL.md,cd64d562509b574b6733dc18789c640f5cfc4c2e,,code_search,200,none,,2026-02-18T16:39:01Z,20854,false,false,,,,,,,,,,,,,,,,,,,,,,,,,,,,,,,,,,,
TheCraigHewitt/seomachine,results.csv,True,SKILL.md,/.claude/skills/form-cro/SKILL.md,main,main,https://github.com/TheCraigHewitt/seomachine/blob/f40d9f6de5e36f336161b314292a300a95989a7b/.claude/skills/form-cro/SKILL.md,31cd48e67a420120565bd0d0bc918e33ed88d643,,code_search,200,none,,2026-02-18T16:43:10Z,349,false,false,,,,,,,,,,,,,,,,,,,,,,,,,,,,,,,,,,,
TurixAI/TuriX-CUA,results.csv,True,SKILL.md,/OpenCLaw_TuriX_skill/SKILL.md,main,main,https://github.com/TurixAI/TuriX-CUA/blob/fff3ba3cdaa706b788cdf3336ebd0f14edcb7f24/OpenCLaw_TuriX_skill/SKILL.md,e0a6e8b3c14e73ccec1f476c15bbff70cbf19e17,,code_search,200,none,,2026-02-18T16:46:16Z,620,false,false,,,,,,,,,,,,,,,,,,,,,,,,,,,,,,,,,,,
Zaloog/kanban-tui,results.csv,True,SKILL.md,/src/kanban_tui/assets/SKILL.md,main,main,https://github.com/Zaloog/kanban-tui/blob/b1a8b3d926933ebcf0adecdea068fa6438a95bfb/src/kanban_tui/assets/SKILL.md,fef38ad23835f50a349d37f4b8e0423c5b4237d4,,code_search,200,none,,2026-02-18T16:56:36Z,198,false,false,,,,,,,,,,,,,,,,,,,,,,,,,,,,,,,,,,,
ZhuoZhuoCrayon/throttled-py,results.csv,True,SKILL.md,/.claude/skills/pre-release/SKILL.md,main,main,https://github.com/ZhuoZhuoCrayon/throttled-py/blob/b5a1cfd6acaebebb8d501ad97e9c6e5c05178d65/.claude/skills/pre-release/SKILL.md,4e8bf0ae71ebf40a0c469cee0e40e33071a838b3,,code_search,200,none,,2026-02-18T16:57:38Z,614,false,false,,,,,,,,,,,,,,,,,,,,,,,,,,,,,,,,,,,
abracadabra50/claude-code-voice-skill,results.csv,True,SKILL.md,/SKILL.md,main,main,https://github.com/abracadabra50/claude-code-voice-skill/blob/main/SKILL.md,0531a48cf07181b46891757ebc4503d7a7f72a17,2713,contents_api,200,none,,2026-02-18T17:00:44Z,155,false,false,,,,,,,,,,,,,,,,,,,,,,,,,,,,,,,,,,,
ace-step/ACE-Step-1.5,results.csv,True,SKILL.md,/.claude/skills/acestep/SKILL.md,main,main,https://github.com/ace-step/ACE-Step-1.5/blob/816825b121c50c6aec547a5bbd0e34cbd21561c5/.claude/skills/acestep/SKILL.md,9967e54ba4fabd39fdb569ae4b0153edd7ced098,,code_search,200,none,,2026-02-18T17:01:46Z,5808,false,false,,,,,,,,,,,,,,,,,,,,,,,,,,,,,,,,,,,
adithya-s-k/manim_skill,results.csv,True,SKILL.md,/skills/manim-composer/SKILL.md,main,main,https://github.com/adithya-s-k/manim_skill/blob/cef045011722d285692e3381d12d4d637da56e18/skills/manim-composer/SKILL.md,aefb1fd04f557ee19b84a96d50494a5fedd750a0,,code_search,200,none,,2026-02-18T17:05:53Z,596,false,false,,,,,,,,,,,,,,,,,,,,,,,,,,,,,,,,,,,
aeromomo/claw-compactor,results.csv,True,SKILL.md,/SKILL.md,main,main,https://github.com/aeromomo/claw-compactor/blob/main/SKILL.md,c431129b26329dd7fbaabbec825b3bde06c9b0f9,7993,contents_api,200,none,,2026-02-18T17:05:54Z,772,false,false,,,,,,,,,,,,,,,,,,,,,,,,,,,,,,,,,,,
agentic-mcp-tools/memora,results.csv,True,SKILL.md,/.claude/skills/memora/SKILL.md,main,main,https://github.com/agentic-mcp-tools/memora/blob/902f364de5ee16d33cd6cd2d457ff8396e1cc72d/.claude/skills/memora/SKILL.md,f7be85dcdd0504dc66aefc72e14fece43f49943e,,code_search,200,none,,2026-02-18T17:06:56Z,286,false,false,,,,,,,,,,,,,,,,,,,,,,,,,,,,,,,,,,,
aiming-lab/SimpleMem,results.csv,True,SKILL.md,/SKILL/simplemem-skill/SKILL.md,main,main,https://github.com/aiming-lab/SimpleMem/blob/a4f707d9329bb88c1a9291df18ba73f3dabce1b4/SKILL/simplemem-skill/SKILL.md,64907da416c7647f7a991ae8e119ba670d5f95c2,,code_search,200,none,,2026-02-18T17:11:04Z,2947,false,false,,,,,,,,,,,,,,,,,,,,,,,,,,,,,,,,,,,
aitytech/agentkits-marketing,results.csv,True,SKILL.md,/.claude/skills/form-cro/SKILL.md,main,main,https://github.com/aitytech/agentkits-marketing/blob/5bd154681d112eb4f33939f533f770c23f153974/.claude/skills/form-cro/SKILL.md,5cb2c1030a5d02bd47d029b79ce3fd2fe2f43b10,,code_search,200,none,,2026-02-18T17:12:06Z,295,false,false,,,,,,,,,,,,,,,,,,,,,,,,,,,,,,,,,,,
albumentations-team/albumentations_examples,results.csv,True,SKILL.md,/.cursor/skills/notebook-metadata/SKILL.md,main,main,https://github.com/albumentations-team/albumentations_examples/blob/d43a0435cd49be4b770a6d4edea55f852c5c985b/.cursor/skills/notebook-metadata/SKILL.md,38cacf70d207f046f388989feeb320031a6b5afa,,code_search,200,none,,2026-02-18T17:15:11Z,445,false,false,,,,,,,,,,,,,,,,,,,,,,,,,,,,,,,,,,,
alirezarezvani/ClaudeForge,results.csv,True,SKILL.md,/skill/SKILL.md,dev,dev,https://github.com/alirezarezvani/ClaudeForge/blob/e7512689c18cf78b0421e778852f0089ed20bab6/skill/SKILL.md,a1a23bb8f76ac8b5304d1f0ae67136501db80900,,code_search,200,none,,2026-02-18T17:19:20Z,152,false,false,,,,,,,,,,,,,,,,,,,,,,,,,,,,,,,,,,,
alirezarezvani/claude-skills,results.csv,True,SKILL.md,/ra-qm-team/capa-officer/SKILL.md,main,main,https://github.com/alirezarezvani/claude-skills/blob/0bea02d2b6ab9647300dc10d71e4336ddd61c68c/ra-qm-team/capa-officer/SKILL.md,4acf62e38b7b99e79d7699d86a79b03282285b92,,code_search,200,none,,2026-02-18T17:19:20Z,1855,false,false,,,,,,,,,,,,,,,,,,,,,,,,,,,,,,,,,,,
alonw0/web-asset-generator,results.csv,True,SKILL.md,/skills/web-asset-generator/SKILL.md,main,main,https://github.com/alonw0/web-asset-generator/blob/c6d56dc54ab86eae4eeb1393d9c8cdc71ae8d1a8/skills/web-asset-generator/SKILL.md,923f281083a293cf1b550eede1293ed2c214d97e,,code_search,200,none,,2026-02-18T17:20:22Z,184,false,false,,,,,,,,,,,,,,,,,,,,,,,,,,,,,,,,,,,
alvarobartt/hf-mem,results.csv,True,SKILL.md,/SKILL.md,main,main,https://github.com/alvarobartt/hf-mem/blob/main/SKILL.md,25d7495274c040febb4ce9f84206d239bb0f187c,1264,contents_api,200,none,,2026-02-18T17:21:23Z,740,false,false,,,,,,,,,,,,,,,,,,,,,,,,,,,,,,,,,,,
ambient-code/agentready,results.csv,True,SKILL.md,/.skills-proposals/setup-claude-md/SKILL.md,main,main,https://github.com/ambient-code/agentready/blob/5c684f9d602fba5967b1d64e6ad5669d67236c6e/.skills-proposals/setup-claude-md/SKILL.md,f3f1b3506dc44a4702b6f95c1e1cd6cfacbb43f2,,code_search,200,none,,2026-02-18T17:21:25Z,112,false,false,,,,,,,,,,,,,,,,,,,,,,,,,,,,,,,,,,,
amszuidas/mini-opencode,results.csv,True,SKILL.md,/skills/skill-creator/SKILL.md,main,main,https://github.com/amszuidas/mini-opencode/blob/d09f3e96eca1ac3fb40f7e9ab3740ef67daedc86/skills/skill-creator/SKILL.md,7ae68a43e117f11d9757d92df53faad3c2879ee1,,code_search,200,none,,2026-02-18T17:23:28Z,110,false,false,,,,,,,,,,,,,,,,,,,,,,,,,,,,,,,,,,,
andrewm4894/anomstack,results.csv,True,SKILL.md,/.claude/skills/debug-demo-instance/SKILL.md,main,main,https://github.com/andrewm4894/anomstack/blob/08d38ffef33f7728bc2b46515506ff6962a8b230/.claude/skills/debug-demo-instance/SKILL.md,80b438dcc7456825de43d734251c38cb40d74aac,,code_search,200,none,,2026-02-18T17:25:32Z,107,false,false,,,,,,,,,,,,,,,,,,,,,,,,,,,,,,,,,,,
asklokesh/claudeskill-loki-mode,results.csv,True,SKILL.md,/SKILL.md,main,main,https://github.com/asklokesh/loki-mode/blob/main/SKILL.md,0b9b8c1c7a98066a17a31fea895b72ff977f029f,10745,contents_api,200,none,,2026-02-18T17:36:54Z,634,false,false,,,,,,,,,,,,,,,,,,,,,,,,,,,,,,,,,,,
athola/claude-night-market,results.csv,True,SKILL.md,/plugins/imbue/skills/catchup/SKILL.md,master,master,https://github.com/athola/claude-night-market/blob/d9d89b507f2afda65e3892bd89485e7f2d429858/plugins/imbue/skills/catchup/SKILL.md,2a722d4a19bff3ea9dad22e81c7f5b2676211a43,,code_search,200,none,,2026-02-18T17:40:00Z,174,false,false,,,,,,,,,,,,,,,,,,,,,,,,,,,,,,,,,,,
banteg/takopi,results.csv,True,SKILL.md,/.codex/skills/takopi-release/SKILL.md,master,master,https://github.com/banteg/takopi/blob/3e85848292a5137093974e4ab69bac248f93ce94/.codex/skills/takopi-release/SKILL.md,ba5bd2d48f2bf9ae8623e2ab0c6eb4f923376cb7,,code_search,200,none,,2026-02-18T17:48:15Z,746,false,false,,,,,,,,,,,,,,,,,,,,,,,,,,,,,,,,,,,
basnijholt/agent-cli,results.csv,True,SKILL.md,/agent_cli/dev/skill/SKILL.md,main,main,https://github.com/basnijholt/agent-cli/blob/7b5a8704b250b1c88f43373148c45eff965d4ac2/agent_cli/dev/skill/SKILL.md,9c4e52f55d5185d3cd16059e6a66ae785d560ed1,,code_search,200,none,,2026-02-18T17:49:18Z,113,false,false,,,,,,,,,,,,,,,,,,,,,,,,,,,,,,,,,,,
blueman82/ai-counsel,results.csv,True,SKILL.md,/.claude/skills/adapter-factory/SKILL.md,main,main,https://github.com/blueman82/ai-counsel/blob/a3c69af3698f5ca9f9185017a97ff07c920c5225/.claude/skills/adapter-factory/SKILL.md,e323ad701104f3203739eef314e1b20f46b1ede7,,code_search,200,none,,2026-02-18T18:03:46Z,186,false,false,,,,,,,,,,,,,,,,,,,,,,,,,,,,,,,,,,,
boringdata/boring-semantic-layer,results.csv,True,SKILL.md,/docs/md/doc/query-agent-skill.md,main,main,https://github.com/boringdata/boring-semantic-layer/blob/47d5718c2b779ab302eb0ead48057787b4fb18cd/docs/md/doc/query-agent-skill.md,f36101f34cc464f34d05620c9af5d18b2449dd93,,code_search,200,none,,2026-02-18T18:05:50Z,398,false,false,,,,,,,,,,,,,,,,,,,,,,,,,,,,,,,,,,,
browser-use/browser-use,results.csv,True,SKILL.md,/skills/browser-use/SKILL.md,main,main,https://github.com/browser-use/browser-use/blob/1e4cfcef652d09f831109b1f75f01b290b2eaf2e/skills/browser-use/SKILL.md,5203041ac86aeb3efa5feae9118782bc57c0ad1f,,code_search,200,none,,2026-02-18T18:09:58Z,78511,false,false,,,,,,,,,,,,,,,,,,,,,,,,,,,,,,,,,,,
cmpnd-ai/dspy-cli,results.csv,True,SKILL.md,/.claude/skills/tmux/SKILL.md,main,main,https://github.com/cmpnd-ai/dspy-cli/blob/2b59513400a2e67cf7fd2de3b9f3490bbc57af16/.claude/skills/tmux/SKILL.md,5e80e032caabbd76677ece4f02662e2729fcb039,,code_search,200,none,,2026-02-18T18:33:43Z,117,false,false,,,,,,,,,,,,,,,,,,,,,,,,,,,,,,,,,,,
coleam00/context-engineering-intro,results.csv,True,SKILL.md,/use-cases/build-with-agent-team/SKILL.md,main,main,https://github.com/coleam00/context-engineering-intro/blob/38113371a1ac8d3f8ca1e586ec402e6d7c47370d/use-cases/build-with-agent-team/SKILL.md,e08220949211ccdfc35c8522666ea6fdc856a583,,code_search,200,none,,2026-02-18T18:36:49Z,12513,false,false,,,,,,,,,,,,,,,,,,,,,,,,,,,,,,,,,,,
coleam00/ottomator-agents,results.csv,True,SKILL.md,/claude-skill-archon/.claude/skills/archon/SKILL.md,main,main,https://github.com/coleam00/ottomator-agents/blob/2be20d5737fc49aa0f665a012f3ffde283d26d54/claude-skill-archon/.claude/skills/archon/SKILL.md,03ff4b23c0c5671d8b30a0fb9616781db8099297,,code_search,200,none,,2026-02-18T18:36:50Z,5353,false,false,,,,,,,,,,,,,,,,,,,,,,,,,,,,,,,,,,,
conorluddy/ios-simulator-skill,results.csv,True,SKILL.md,/ios-simulator-skill/SKILL.md,main,main,https://github.com/conorluddy/ios-simulator-skill/blob/afcf21f5f8f69978f350cae942ac23cadedc1b65/ios-simulator-skill/SKILL.md,4a93a1d2f301da908a266a8feb4bb2c286af6d1f,,code_search,200,none,,2026-02-18T18:39:56Z,494,false,false,,,,,,,,,,,,,,,,,,,,,,,,,,,,,,,,,,,
daaain/claude-code-log,results.csv,True,SKILL.md,/.claude/skills/tool-renderer/SKILL.md,main,main,https://github.com/daaain/claude-code-log/blob/70bb2e044aed9e7655d8c96b0df40d5d4e368bcf/.claude/skills/tool-renderer/SKILL.md,d5b4315336d61ead162951cb35385ac5fae369f7,,code_search,200,none,,2026-02-18T18:50:15Z,735,false,false,,,,,,,,,,,,,,,,,,,,,,,,,,,,,,,,,,,
daymade/claude-code-skills,results.csv,True,SKILL.md,/qa-expert/SKILL.md,main,main,https://github.com/daymade/claude-code-skills/blob/38f96d78e1bb21b12766ae57eb905e2b35730e77/qa-expert/SKILL.md,8554a09d59826a3f105352c017791174a44b3ec8,,code_search,200,none,,2026-02-18T18:57:29Z,588,false,false,,,,,,,,,,,,,,,,,,,,,,,,,,,,,,,,,,,
dmitriiweb/extract-emails,results.csv,True,SKILL.md,/.codex/skills/skill-creator/SKILL.md,main,main,https://github.com/dmitriiweb/extract-emails/blob/1f2bb4008e0231784fd78b4140780a2992f5c851/.codex/skills/skill-creator/SKILL.md,b7f86598b002c99a6be96026443217b6af3c561d,,code_search,200,none,,2026-02-18T19:13:00Z,108,false,false,,,,,,,,,,,,,,,,,,,,,,,,,,,,,,,,,,,
droidrun/droidrun,results.csv,True,SKILL.md,/SKILL.md,main,main,https://github.com/droidrun/droidrun/blob/main/SKILL.md,07ede51c8354068d4e5370eceefb539bb5c2f8df,3766,contents_api,200,none,,2026-02-18T19:18:10Z,7682,false,false,,,,,,,,,,,,,,,,,,,,,,,,,,,,,,,,,,,
elevenlabs/skills,results.csv,True,SKILL.md,/music/SKILL.md,main,main,https://github.com/elevenlabs/skills/blob/21a3e2fcd68448e3c1620b26a0a2cc3b4601b7d7/music/SKILL.md,8339b9100bb78a6ef1fb139aceb2426c5ff3568c,,code_search,200,none,,2026-02-18T19:26:26Z,110,false,false,,,,,,,,,,,,,,,,,,,,,,,,,,,,,,,,,,,
femto/minion,results.csv,True,SKILL.md,/examples/skills/code-review/SKILL.md,main,main,https://github.com/femto/minion/blob/1d45cfa4706f84945863f18a9901bc8bb545659c/examples/skills/code-review/SKILL.md,e6de882c25c3ce192f5800f55f198029e3392b44,,code_search,200,none,,2026-02-18T19:50:11Z,120,false,false,,,,,,,,,,,,,,,,,,,,,,,,,,,,,,,,,,,
ferdousbhai/investor-agent,results.csv,True,SKILL.md,/skills/investment-analysis/SKILL.md,main,main,https://github.com/ferdousbhai/investor-agent/blob/341fe753acee2fa9c8a855dc26f71a0e8951d001/skills/investment-analysis/SKILL.md,7614d1d24ee37ceaf6ddc144bf3c35253fe600c5,,code_search,200,none,,2026-02-18T19:50:12Z,310,false,false,,,,,,,,,,,,,,,,,,,,,,,,,,,,,,,,,,,
filipstrand/mflux,results.csv,True,SKILL.md,/.cursor/skills/mflux-pr/SKILL.md,main,main,https://github.com/filipstrand/mflux/blob/bcdf4af465e546fc43b5fcfc7c601ab4722254fc/.cursor/skills/mflux-pr/SKILL.md,523aff3d68f231437a7f026c742d49dfc91106b6,,code_search,200,none,,2026-02-18T19:51:13Z,1832,false,false,,,,,,,,,,,,,,,,,,,,,,,,,,,,,,,,,,,
gadievron/raptor,results.csv,True,SKILL.md,/.claude/commands/create-skill.md,main,main,https://github.com/gadievron/raptor/blob/1f5105effc754d5ade95728db5a2c132dc3631e8/.claude/commands/create-skill.md,577abba780bf1cd785e1d54397333ea704ba5250,,code_search,200,none,,2026-02-18T20:01:33Z,1113,false,false,,,,,,,,,,,,,,,,,,,,,,,,,,,,,,,,,,,
gmh5225/awesome-game-security,results.csv,True,SKILL.md,/.claude/skills/overview/SKILL.md,main,main,https://github.com/gmh5225/awesome-game-security/blob/07353ae4827907ac623a50bdca2f03bc5d9e7ab7/.claude/skills/overview/SKILL.md,f61fba4642a0d492073f27848e8a950401f9eb9f,,code_search,200,none,,2026-02-18T20:12:55Z,2705,false,false,,,,,,,,,,,,,,,,,,,,,,,,,,,,,,,,,,,
gmickel/gmickel-claude-marketplace,results.csv,True,SKILL.md,/plugins/flow/skills/flow-plan/SKILL.md,main,main,https://github.com/gmickel/gmickel-claude-marketplace/blob/ce315a1c3ceffb76b9c74f70b03b0376eca2507d/plugins/flow/skills/flow-plan/SKILL.md,aaed205b8197c3c0cfa4567a9edb7f6df6f7e825,,code_search,200,none,,2026-02-18T20:12:56Z,512,false,false,,,,,,,,,,,,,,,,,,,,,,,,,,,,,,,,,,,
gotalab/skillport,results.csv,True,SKILL.md,/.skills/experimental/skill-evaluator/SKILL.md,main,main,https://github.com/gotalab/skillport/blob/808598fa00c95a0951cc5267acf8824d92e9a8c6/.skills/experimental/skill-evaluator/SKILL.md,e8d142aeb8f3730f7f5ef53a5a2cde74def8c00c,,code_search,200,none,,2026-02-18T20:13:58Z,318,false,false,,,,,,,,,,,,,,,,,,,,,,,,,,,,,,,,,,,
gptme/gptme,results.csv,True,SKILL.md,/gptme/lessons/skills/python-repl/SKILL.md,master,master,https://github.com/gptme/gptme/blob/60881e4871548c8a3e1f8390fec55b5370bd3bd2/gptme/lessons/skills/python-repl/SKILL.md,b4b844b6e28774a06d8484e3e7b147d66f14cc5b,,code_search,200,none,,2026-02-18T20:15:00Z,4193,false,false,,,,,,,,,,,,,,,,,,,,,,,,,,,,,,,,,,,
gradio-app/daggr,results.csv,True,SKILL.md,/.agents/skills/daggr/SKILL.md,main,main,https://github.com/gradio-app/daggr/blob/97a46b1de513106eeb0f3504283dd2be3528544c/.agents/skills/daggr/SKILL.md,7c35215d2ddba130b05756deef74e52242bab702,,code_search,200,none,,2026-02-18T20:15:00Z,503,false,false,,,,,,,,,,,,,,,,,,,,,,,,,,,,,,,,,,,
huangrt01/cs-notes,results.csv,True,SKILL.md,/.trae/skills/fix/SKILL.md,master,master,https://github.com/huangrt01/CS-Notes/blob/ee30af804314af94b6231a7a3983baac1b7d38d5/.trae/skills/fix/SKILL.md,9be38d2dfa0b1a8a817d4db5485571160b003219,,code_search,200,none,,2026-02-18T20:35:40Z,3943,false,false,,,,,,,,,,,,,,,,,,,,,,,,,,,,,,,,,,,
hugohe3/ppt-master,results.csv,True,SKILL.md,/.agent/skills/ocr_image_to_markdown/SKILL.md,main,main,https://github.com/hugohe3/ppt-master/blob/325306898d7cc44e1e15458e412d9561eaf911cf/.agent/skills/ocr_image_to_markdown/SKILL.md,e650b1f633c300a3dfb52d45840cbecf1c950dbd,,code_search,200,none,,2026-02-18T20:36:41Z,1728,false,false,,,,,,,,,,,,,,,,,,,,,,,,,,,,,,,,,,,
iamzhihuix/happy-claude-skills,results.csv,True,SKILL.md,/skills/browser/SKILL.md,main,main,https://github.com/iamzhihuix/happy-claude-skills/blob/632f2c3472ecf2af93906f4c909da53716816e14/skills/browser/SKILL.md,fb6a950302225ee1c490cf4bdb5e45a44c677c39,,code_search,200,none,,2026-02-18T20:41:51Z,254,false,false,,,,,,,,,,,,,,,,,,,,,,,,,,,,,,,,,,,
inclusionAI/AWorld,results.csv,True,SKILL.md,/examples/skill_agent/skills/code/skill.md,main,main,https://github.com/inclusionAI/AWorld/blob/01a3cb685b47d3bde8e7013e8785ccc57236b597/examples/skill_agent/skills/code/skill.md,e2d5b1f88534c552e465368c025bf234ea8887b8,,code_search,200,none,,2026-02-18T20:48:03Z,1127,false,false,,,,,,,,,,,,,,,,,,,,,,,,,,,,,,,,,,,
itsmostafa/aws-agent-skills,results.csv,True,SKILL.md,/skills/s3/SKILL.md,main,main,https://github.com/itsmostafa/aws-agent-skills/blob/e9e01ada13b6e64fbfe06915380625facca60ed4/skills/s3/SKILL.md,47af83a2310897d9a797cff4a04d6818fe1097da,,code_search,200,none,,2026-02-18T20:54:15Z,995,false,false,,,,,,,,,,,,,,,,,,,,,,,,,,,,,,,,,,,
jMerta/codex-skills,results.csv,True,SKILL.md,/ci-fix/SKILL.md,main,main,https://github.com/jMerta/codex-skills/blob/1be063de2a730d61133e957dfc01a670cce7abd4/ci-fix/SKILL.md,f05dcec0168a608d3da0e0e9fbd84a6195440804,,code_search,200,none,,2026-02-18T20:56:19Z,116,false,false,,,,,,,,,,,,,,,,,,,,,,,,,,,,,,,,,,,
jlevy/repren,results.csv,True,SKILL.md,/repren/skills/SKILL.md,master,master,https://github.com/jlevy/repren/blob/002b76ca84967ae95f7689d4958054131322c761/repren/skills/SKILL.md,78c47ab5a5e9cca6f3a8ed06a2f894d8f34c91fb,,code_search,200,none,,2026-02-18T21:11:49Z,370,false,false,,,,,,,,,,,,,,,,,,,,,,,,,,,,,,,,,,,
joeseesun/anything-to-notebooklm,results.csv,True,SKILL.md,/SKILL.md,main,main,https://github.com/joeseesun/anything-to-notebooklm/blob/main/SKILL.md,d49b516d339eaa1f73b42caea6b7f5056fe924f0,16023,contents_api,200,none,,2026-02-18T21:13:53Z,341,false,false,,,,,,,,,,,,,,,,,,,,,,,,,,,,,,,,,,,
johnhuang316/code-index-mcp,results.csv,True,SKILL.md,/.codex/skills/release-prep/SKILL.md,master,master,https://github.com/johnhuang316/code-index-mcp/blob/428613fafb5eefd8584c45be44d1cf8fd18411f0/.codex/skills/release-prep/SKILL.md,18848fbb0052540bb8bba5132d60f2d10eb1f075,,code_search,200,none,,2026-02-18T21:14:55Z,781,false,false,,,,,,,,,,,,,,,,,,,,,,,,,,,,,,,,,,,
kalil0321/reverse-api-engineer,results.csv,True,SKILL.md,/plugins/reverse-api-engineer/skills/reverse-engineering-api/SKILL.md,main,main,https://github.com/kalil0321/reverse-api-engineer/blob/2d772cea32ea092789ca68237779235127191766/plugins/reverse-api-engineer/skills/reverse-engineering-api/SKILL.md,be80b96e9f821482df9ce930d8bfb74fa4f5445d,,code_search,200,none,,2026-02-18T21:27:20Z,406,false,false,,,,,,,,,,,,,,,,,,,,,,,,,,,,,,,,,,,
karpathy/nanochat,results.csv,True,SKILL.md,/.claude/skills/read-arxiv-paper/SKILL.md,master,master,https://github.com/karpathy/nanochat/blob/0a23f87643945410eb7c0e33951b5acfba05257c/.claude/skills/read-arxiv-paper/SKILL.md,6a9cda7121e3c643895fa572b0af47016b844f43,,code_search,200,none,,2026-02-18T21:29:23Z,43608,false,false,,,,,,,,,,,,,,,,,,,,,,,,,,,,,,,,,,,
kasperjunge/agent-resources,results.csv,True,SKILL.md,/.opencode/skill/ost/SKILL.md,main,main,https://github.com/kasperjunge/agent-resources/blob/6a2bbc674af043881958813a175f05ff480dd747/.opencode/skill/ost/SKILL.md,8a82a7e06927ac7fe78d6180da7e2af69505814e,,code_search,200,none,,2026-02-18T21:29:24Z,398,false,false,,,,,,,,,,,,,,,,,,,,,,,,,,,,,,,,,,,
leochlon/pythea,results.csv,True,SKILL.md,/.codex/skills/rca-fix-agent/SKILL.md,main,main,https://github.com/leochlon/pythea/blob/419343e16ed7f8c275f3194c04fbeb349396a0a1/.codex/skills/rca-fix-agent/SKILL.md,3d245933d63b1a96ba1fea51dc5911d401d92420,,code_search,200,none,,2026-02-18T21:53:10Z,1601,false,false,,,,,,,,,,,,,,,,,,,,,,,,,,,,,,,,,,,
leondgarse/keras_cv_attention_models,results.csv,True,SKILL.md,/.agent/skills/weight-conversion/SKILL.md,main,main,https://github.com/leondgarse/keras_cv_attention_models/blob/811933b1e11bda5df72ab090fa607c773e5e8bb3/.agent/skills/weight-conversion/SKILL.md,b41c8fae907b26c1fe75bc3864a79f0060ec2a7b,,code_search,200,none,,2026-02-18T21:53:10Z,624,false,false,,,,,,,,,,,,,,,,,,,,,,,,,,,,,,,,,,,
luongnv89/claude-howto,results.csv,True,SKILL.md,/03-skills/refactor/SKILL.md,main,main,https://github.com/luongnv89/claude-howto/blob/20779dbf79fe1fc14e333e31c10e0ee4686773a7/03-skills/refactor/SKILL.md,1f816d3687583818ce18673618c1565ecf7fa073,,code_search,200,none,,2026-02-18T22:07:38Z,985,false,false,,,,,,,,,,,,,,,,,,,,,,,,,,,,,,,,,,,
mangiucugna/json_repair,results.csv,True,SKILL.md,/.agents/skills/docs-demo-local-test/SKILL.md,main,main,https://github.com/mangiucugna/json_repair/blob/529be35078ed8e5f0d30c745a003c1f294f01ba1/.agents/skills/docs-demo-local-test/SKILL.md,b3770d0f251820461c2a4c55cdb75b02674ac07d,,code_search,200,none,,2026-02-18T22:14:52Z,4517,false,false,,,,,,,,,,,,,,,,,,,,,,,,,,,,,,,,,,,
martinopiaggi/summarize,results.csv,True,SKILL.md,/.agent/skills/summarize/SKILL.md,main,main,https://github.com/martinopiaggi/summarize/blob/146d7d8ceaf829802f7b7c485ca6b2cdb7b08400/.agent/skills/summarize/SKILL.md,2dc6b4ff5131e75d41a0157714b849b853f87dfe,,code_search,200,none,,2026-02-18T22:22:06Z,144,false,false,,,,,,,,,,,,,,,,,,,,,,,,,,,,,,,,,,,
maxvaega/skillkit,results.csv,True,SKILL.md,/examples/skills/git-helper/SKILL.md,main,main,https://github.com/maxvaega/skillkit/blob/2a30ae54cf1a5d1d37973a96e614de055c307690/examples/skills/git-helper/SKILL.md,65dc96b84337a7f65907f330c9ee5b7e03b9c9a1,,code_search,200,none,,2026-02-18T22:28:17Z,124,false,false,,,,,,,,,,,,,,,,,,,,,,,,,,,,,,,,,,,
memovai/memov,results.csv,True,SKILL.md,/skills/vibegit/SKILL.md,main,main,https://github.com/memovai/memov/blob/f25232386f04a302f36ba98023617adfc3296549/skills/vibegit/SKILL.md,1c9068249f7f11095e1920545f5c12bc9311f40f,,code_search,200,none,,2026-02-18T22:31:24Z,142,false,false,,,,,,,,,,,,,,,,,,,,,,,,,,,,,,,,,,,
microsoft/semantic-link-labs,results.csv,True,SKILL.md,/.claude/skills/run-tests/SKILL.md,main,main,https://github.com/microsoft/semantic-link-labs/blob/41bc0ddd0ba8de0278074a5158933b580d15c3bb/.claude/skills/run-tests/SKILL.md,b671cc19f5f3e31d53a417cbaec798555ecfc28f,,code_search,200,none,,2026-02-18T22:45:52Z,472,false,false,,,,,,,,,,,,,,,,,,,,,,,,,,,,,,,,,,,
mrexodia/ida-pro-mcp,results.csv,True,SKILL.md,/skills/idapython/SKILL.md,main,main,https://github.com/mrexodia/ida-pro-mcp/blob/a4fcf2b3d566ed318106087384b800bb5aae7d2a/skills/idapython/SKILL.md,10a0e2db2e7eada1fba393d143b4fece49d2261c,,code_search,200,none,,2026-02-18T23:00:20Z,5605,false,false,,,,,,,,,,,,,,,,,,,,,,,,,,,,,,,,,,,
muratcankoylan/Agent-Skills-for-Context-Engineering,results.csv,True,SKILL.md,/SKILL.md,main,main,https://github.com/muratcankoylan/Agent-Skills-for-Context-Engineering/blob/main/SKILL.md,4d4a8f6249e2ac7c94030143abf623ab6246c949,7754,contents_api,200,none,,2026-02-18T23:03:26Z,8358,false,false,,,,,,,,,,,,,,,,,,,,,,,,,,,,,,,,,,,
neurostuff/nimare,results.csv,True,SKILL.md,/.skills/writing_code/SKILL.md,main,main,https://github.com/neurostuff/NiMARE/blob/5fac65c0eb5966613273eadceec6fb3a51c22cf1/.skills/writing_code/SKILL.md,9cce1103da75f2dc71be09f43e5d66f863b7e3a5,,code_search,200,none,,2026-02-18T23:13:46Z,203,false,false,,,,,,,,,,,,,,,,,,,,,,,,,,,,,,,,,,,
nextlevelbuilder/ui-ux-pro-max-skill,results.csv,True,SKILL.md,/.claude/skills/ui-ux-pro-max/SKILL.md,main,main,https://github.com/nextlevelbuilder/ui-ux-pro-max-skill/blob/6623f12b4058d09618c89cffb2de59a47c45f999/.claude/skills/ui-ux-pro-max/SKILL.md,e58d6187f3d2fa94927fccbdb06ea0314ac89b2c,,code_search,200,none,,2026-02-18T23:15:49Z,32511,false,false,,,,,,,,,,,,,,,,,,,,,,,,,,,,,,,,,,,
ninehills/skills,results.csv,True,SKILL.md,/skills/doc/SKILL.md,main,main,https://github.com/ninehills/skills/blob/b774a799b6a9e6e05d2bb9e3d5a341bd83f2bdba/skills/doc/SKILL.md,c6d96121f0dc34f5d325bac8ee5cd54098d32ae0,,code_search,200,none,,2026-02-18T23:18:56Z,159,false,false,,,,,,,,,,,,,,,,,,,,,,,,,,,,,,,,,,,
nkapila6/mcp-local-rag,results.csv,True,SKILL.md,/skills/local-rag-search/SKILL.md,main,main,https://github.com/nkapila6/mcp-local-rag/blob/1e96748859f3b70716d3830d3dfa7941c4e688b4/skills/local-rag-search/SKILL.md,e5b79d5a26c98e4c44ecd5a3419057d161882387,,code_search,200,none,,2026-02-18T23:19:58Z,111,false,false,,,,,,,,,,,,,,,,,,,,,,,,,,,,,,,,,,,
ntno/mkdocs-terminal,results.csv,True,SKILL.md,/.github/skills/openspec-explore/SKILL.md,main,main,https://github.com/ntno/mkdocs-terminal/blob/395485f5305cb5bee1c7f092bb8834c453c64b79/.github/skills/openspec-explore/SKILL.md,8ed4a7646532495b7ed154627843ba7cb79d9894,,code_search,200,none,,2026-02-18T23:24:06Z,301,false,false,,,,,,,,,,,,,,,,,,,,,,,,,,,,,,,,,,,
op7418/Document-illustrator-skill,results.csv,True,SKILL.md,/SKILL.md,main,main,https://github.com/op7418/Document-illustrator-skill/blob/main/SKILL.md,928ac9f3f5cdf6f82d26955897b6df6319c063b8,11648,contents_api,200,none,,2026-02-18T23:32:22Z,245,false,false,,,,,,,,,,,,,,,,,,,,,,,,,,,,,,,,,,,
op7418/Youtube-clipper-skill,results.csv,True,SKILL.md,/SKILL.md,main,main,https://github.com/op7418/Youtube-clipper-skill/blob/main/SKILL.md,79938ae5671077a080facbb8dd56427bf6d60269,10859,contents_api,200,none,,2026-02-18T23:32:22Z,1364,false,false,,,,,,,,,,,,,,,,,,,,,,,,,,,,,,,,,,,
openclaw/skills,results.csv,True,SKILL.md,/skills/kk17/nlb/SKILL.md,main,main,https://github.com/openclaw/skills/blob/1bd414f4f4b0f77fdde78ed702b7ca888d4fb662/skills/kk17/nlb/SKILL.md,39640f64ecb598d60ed53703dc3d883c8312a41d,,code_search,200,none,,2026-02-18T23:34:27Z,1138,false,false,,,,,,,,,,,,,,,,,,,,,,,,,,,,,,,,,,,
otrf/threathunter-playbook,results.csv,True,SKILL.md,/.github/skills/hunt-focus-definition/SKILL.md,main,main,https://github.com/OTRF/ThreatHunter-Playbook/blob/d310f3882eb065329a6fb081fa13b205f522392d/.github/skills/hunt-focus-definition/SKILL.md,13e65f77d4352575d425e70840f644703cc9c4a1,,code_search,200,none,,2026-02-18T23:42:41Z,4476,false,false,,,,,,,,,,,,,,,,,,,,,,,,,,,,,,,,,,,
parcadei/Continuous-Claude-v3,results.csv,True,SKILL.md,/.claude/skills/fix/SKILL.md,main,main,https://github.com/parcadei/Continuous-Claude-v3/blob/d07ff4b06b62f43771bc0c927d0211b734d6149e/.claude/skills/fix/SKILL.md,513c495248fcbca30d8def75d05eeb732a81c240,,code_search,200,none,,2026-02-18T23:49:55Z,3525,false,false,,,,,,,,,,,,,,,,,,,,,,,,,,,,,,,,,,,
pchalasani/claude-code-tools,results.csv,True,SKILL.md,/plugins/langroid/skills/patterns/SKILL.md,main,main,https://github.com/pchalasani/claude-code-tools/blob/fe69cb0da599aa98c77f6471b778a39ff4049c47/plugins/langroid/skills/patterns/SKILL.md,1df6d6a791d752f132da07768cb89ff1c48e2786,,code_search,200,none,,2026-02-18T23:53:01Z,1458,false,false,,,,,,,,,,,,,,,,,,,,,,,,,,,,,,,,,,,
posit-dev/py-shiny,results.csv,True,SKILL.md,/.claude/skills/port-from-bslib/SKILL.md,main,main,https://github.com/posit-dev/py-shiny/blob/299bdbeeadc121f4d6cc15e2eff0f22dccf48adf/.claude/skills/port-from-bslib/SKILL.md,09acb7b11fa9bf73240eb7bf3b837696fc8dfb06,,code_search,200,none,,2026-02-19T00:05:26Z,1686,false,false,,,,,,,,,,,,,,,,,,,,,,,,,,,,,,,,,,,
pthom/imgui_bundle,results.csv,True,SKILL.md,/.claude/skills/review-book/SKILL.md,main,main,https://github.com/pthom/imgui_bundle/blob/1c7282dc666995fd84c094f4e60c8bc505e1c94c/.claude/skills/review-book/SKILL.md,879117e3856233a642d17353542347f69443a505,,code_search,200,none,,2026-02-19T00:10:35Z,1075,false,false,,,,,,,,,,,,,,,,,,,,,,,,,,,,,,,,,,,
pydantic/pydantic-ai,results.csv,True,SKILL.md,/.claude/skills/pre-push-review/SKILL.md,main,main,https://github.com/pydantic/pydantic-ai/blob/c6ff1cbf4d1a5b5ce17d72f6a43c03395bfd9740/.claude/skills/pre-push-review/SKILL.md,68cbb09f23e98409b1473222a807b48220d758e0,,code_search,200,none,,2026-02-19T00:14:44Z,14956,false,false,,,,,,,,,,,,,,,,,,,,,,,,,,,,,,,,,,,
ramakay/claude-self-reflect,results.csv,True,SKILL.md,/docs/design/conversation-analyzer/SKILL.md,main,main,https://github.com/ramakay/claude-self-reflect/blob/197f716bea607d0777fdaa66a9ac9c757c8f3b45/docs/design/conversation-analyzer/SKILL.md,29e54bff26e14cce4e88e844eaf0501d4f15808e,,code_search,200,none,,2026-02-19T00:32:19Z,202,false,false,,,,,,,,,,,,,,,,,,,,,,,,,,,,,,,,,,,
ran-isenberg/aws-lambda-handler-cookbook,results.csv,True,SKILL.md,/.github/skills/ai-sdlc/skill.md,main,main,https://github.com/ran-isenberg/aws-lambda-handler-cookbook/blob/edb843bcbfb1d7d2a45a8665b0f1168e35946129/.github/skills/ai-sdlc/skill.md,31fe041e47b306d7b1ca0c1686792ef87746ed37,,code_search,200,none,,2026-02-19T00:33:20Z,666,false,false,,,,,,,,,,,,,,,,,,,,,,,,,,,,,,,,,,,
rohitg00/kubectl-mcp-server,results.csv,True,SKILL.md,/kubernetes-skills/claude/k8s-cli/SKILL.md,main,main,https://github.com/rohitg00/kubectl-mcp-server/blob/1e304f0b7884f19feb602cefa41482c264de4c08/kubernetes-skills/claude/k8s-cli/SKILL.md,6f1b61c831a51a6d6244a9952fc42818387aeaae,,code_search,200,none,,2026-02-19T00:49:52Z,822,false,false,,,,,,,,,,,,,,,,,,,,,,,,,,,,,,,,,,,
run-llama/vibe-llama,results.csv,True,SKILL.md,/documentation/skills/llamactl/SKILL.md,main,main,https://github.com/run-llama/vibe-llama/blob/cb28f060f3f3d6942202c48e594745511aaa2288/documentation/skills/llamactl/SKILL.md,1f64ec365f4cf9a6ec2e588c63f05d42114efeb7,,code_search,200,none,,2026-02-19T00:55:01Z,175,false,false,,,,,,,,,,,,,,,,,,,,,,,,,,,,,,,,,,,
ruvnet/wifi-densepose,results.csv,True,SKILL.md,/.claude/skills/stream-chain/SKILL.md,main,main,https://github.com/ruvnet/wifi-densepose/blob/16c50abca362d6be1002f027d22a8fd259a809c4/.claude/skills/stream-chain/SKILL.md,6ed65fbb65df4c323f797fec6d6eba34f1ebb3f1,,code_search,200,none,,2026-02-19T00:56:03Z,7016,false,false,,,,,,,,,,,,,,,,,,,,,,,,,,,,,,,,,,,
scarletkc/vexor,results.csv,True,SKILL.md,/plugins/vexor/skills/vexor-cli/SKILL.md,main,main,https://github.com/scarletkc/vexor/blob/5058af0d2d6690ca51ab7766dc42f32e18b1b8f7/plugins/vexor/skills/vexor-cli/SKILL.md,e8ed34b3bfa2a7697ae19539cbcb572befc4675e,,code_search,200,none,,2026-02-19T01:04:20Z,200,false,false,,,,,,,,,,,,,,,,,,,,,,,,,,,,,,,,,,,
sirkirby/unifi-network-mcp,results.csv,True,SKILL.md,/.codex/skills/project-governance/SKILL.md,main,main,https://github.com/sirkirby/unifi-network-mcp/blob/3e425f50f27c422d1cde8c2a198a661ddab8f730/.codex/skills/project-governance/SKILL.md,abeb165cb51e8bacbee3d2afd27a957b2cb782a2,,code_search,200,none,,2026-02-19T01:20:51Z,162,false,false,,,,,,,,,,,,,,,,,,,,,,,,,,,,,,,,,,,
skillcreatorai/Ai-Agent-Skills,results.csv,True,SKILL.md,/skills/pdf/SKILL.md,main,main,https://github.com/skillcreatorai/Ai-Agent-Skills/blob/6195a031c29c5bc11d1d4b3e4c64e660e441f087/skills/pdf/SKILL.md,1c2647e1aa6b9568468c72a2e8474fd5badb2162,,code_search,200,none,,2026-02-19T01:21:54Z,822,false,false,,,,,,,,,,,,,,,,,,,,,,,,,,,,,,,,,,,
softaworks/agent-toolkit,results.csv,True,SKILL.md,/skills/mui/SKILL.md,main,main,https://github.com/softaworks/agent-toolkit/blob/62b5df50daf75a28d3c0c626d6147539287575fc/skills/mui/SKILL.md,cc235b246e3887db6b37dc12c61fdb25a740a3c4,,code_search,200,none,,2026-02-19T01:28:05Z,618,false,false,,,,,,,,,,,,,,,,,,,,,,,,,,,,,,,,,,,
solatis/claude-config,results.csv,True,SKILL.md,/skills/planner/SKILL.md,main,main,https://github.com/solatis/claude-config/blob/6e72bc29e542f82f7936673f175a7cca5eee7499/skills/planner/SKILL.md,e53047a042da9f9b00c88a7d992e1897a456c21d,,code_search,200,none,,2026-02-19T01:28:06Z,607,false,false,,,,,,,,,,,,,,,,,,,,,,,,,,,,,,,,,,,
study8677/antigravity-workspace-template,results.csv,True,SKILL.md,/src/skills/research/SKILL.md,main,main,https://github.com/study8677/antigravity-workspace-template/blob/2d73960a9148b44d824563c4d133828768fe7402/src/skills/research/SKILL.md,b21f98dcd058077aa1a43496c1cf9626312e204d,,code_search,200,none,,2026-02-19T01:40:30Z,891,false,false,,,,,,,,,,,,,,,,,,,,,,,,,,,,,,,,,,,
team-attention/plugins-for-claude-natives,results.csv,True,SKILL.md,/plugins/agent-council/SKILL.md,main,main,https://github.com/team-attention/plugins-for-claude-natives/blob/c5f2d72e9995c77a119665886e2560eaca73e87c/plugins/agent-council/SKILL.md,e162bf53587b4cb8506fdda9a6b3ac4e1c5ae70b,,code_search,200,none,,2026-02-19T01:52:53Z,527,false,false,,,,,,,,,,,,,,,,,,,,,,,,,,,,,,,,,,,
teng-lin/notebooklm-py,results.csv,True,SKILL.md,/src/notebooklm/data/SKILL.md,main,main,https://github.com/teng-lin/notebooklm-py/blob/9eb13cea51af9dad53a66c3c467b3bbb78f72b0e/src/notebooklm/data/SKILL.md,d68d47e4b9d79139dde19236b17389fa94127f87,,code_search,200,none,,2026-02-19T01:54:59Z,2009,false,false,,,,,,,,,,,,,,,,,,,,,,,,,,,,,,,,,,,
the-momentum/open-wearables,results.csv,True,SKILL.md,/.ai/skills/code-review/SKILL.md,main,main,https://github.com/the-momentum/open-wearables/blob/f3b4f75dc1c95843d18ab3f3d6831c4049b188c6/.ai/skills/code-review/SKILL.md,193f097503e2ce00667c0fc39a7a69cbb2804b9f,,code_search,200,none,,2026-02-19T01:59:05Z,522,false,false,,,,,,,,,,,,,,,,,,,,,,,,,,,,,,,,,,,
timothywarner-org/claude-code,results.csv,True,SKILL.md,/.claude/skills/mcp-scaffold/SKILL.md,main,main,https://github.com/timothywarner-org/claude-code/blob/66e4e69f69153880a7d1401b59d3d2755399864b/.claude/skills/mcp-scaffold/SKILL.md,a485ee4ddacdc6f70f73a6a203944feeb80e9d32,,code_search,200,none,,2026-02-19T02:07:21Z,195,false,false,,,,,,,,,,,,,,,,,,,,,,,,,,,,,,,,,,,
tom-doerr/repo_posts,results.csv,True,SKILL.md,/docs/_posts/2026-02-17-ViktorAxelsen-MemSkill.md,main,main,https://github.com/tom-doerr/repo_posts/blob/6b2f9138b15605cc34f4c33df01a807f425e616c/docs/_posts/2026-02-17-ViktorAxelsen-MemSkill.md,1d448b1e4559aea292c0bd14a49e1d23c29e7406,,code_search,200,none,,2026-02-19T02:11:29Z,231,false,false,,,,,,,,,,,,,,,,,,,,,,,,,,,,,,,,,,,
tpvasconcelos/ridgeplot,results.csv,True,SKILL.md,/skills/dropping-and-adding-support-for-python-versions/SKILL.md,main,main,https://github.com/tpvasconcelos/ridgeplot/blob/87d5a98e2ebaaaf256898dc11c1856093ae1375b/skills/dropping-and-adding-support-for-python-versions/SKILL.md,136402d4e3adc78609b147ed3111b8f2981655b0,,code_search,200,none,,2026-02-19T02:14:36Z,239,false,false,,,,,,,,,,,,,,,,,,,,,,,,,,,,,,,,,,,
tripleyak/SkillForge,results.csv,True,SKILL.md,/SKILL.md,main,main,https://github.com/tripleyak/SkillForge/blob/main/SKILL.md,41ec608dfad85261c5b5f768f0eb9bdf9172aa11,33643,contents_api,200,none,,2026-02-19T02:15:38Z,509,false,false,,,,,,,,,,,,,,,,,,,,,,,,,,,,,,,,,,,
truera/trulens,results.csv,True,SKILL.md,/skills/SKILL.md,main,main,https://github.com/truera/trulens/blob/6ec8e8990b464da6c8d538aaf750f0176d737512/skills/SKILL.md,a0fe7cd7778678573bbeac1b19e11439b66ade56,,code_search,200,none,,2026-02-19T02:15:39Z,3095,false,false,,,,,,,,,,,,,,,,,,,,,,,,,,,,,,,,,,,
ucbepic/docetl,results.csv,True,SKILL.md,/.claude/skills/docetl/SKILL.md,main,main,https://github.com/ucbepic/docetl/blob/1744bfcef77dd104ceb129cb2ab39d0fe337b0c3/.claude/skills/docetl/SKILL.md,b2fcb7ceeaecfb6b4bb9555af6287f8425a79716,,code_search,200,none,,2026-02-19T02:20:48Z,3590,false,false,,,,,,,,,,,,,,,,,,,,,,,,,,,,,,,,,,,
vectorize-io/hindsight,results.csv,True,SKILL.md,/skills/hindsight-docs/SKILL.md,main,main,https://github.com/vectorize-io/hindsight/blob/41db2960c5aa021e2cb41fc046f06d1c5bd226d0/skills/hindsight-docs/SKILL.md,10abdf9f8e54f440acd32d5890e3f60a28ffc0d4,,code_search,200,none,,2026-02-19T02:28:02Z,1445,false,false,,,,,,,,,,,,,,,,,,,,,,,,,,,,,,,,,,,
vuer-ai/vuer,results.csv,True,SKILL.md,/docs/guides/claude_skill.md,main,main,https://github.com/vuer-ai/vuer/blob/b84d0a2e44b72505be86d29b08fcef9016b7d01a/docs/guides/claude_skill.md,e75c6e29bfc11e9744d0760fe0baf8450eff9f53,,code_search,200,none,,2026-02-19T02:35:16Z,338,false,false,,,,,,,,,,,,,,,,,,,,,,,,,,,,,,,,,,,
vstorm-co/pydantic-deepagents,results.csv,True,SKILL.md,/examples/skills/code-review/SKILL.md,main,main,https://github.com/vstorm-co/pydantic-deepagents/blob/4f7c5596eaa26a3f29f3be6ca1475a41d8ff4bc0/examples/skills/code-review/SKILL.md,4c36f82af8d8def2d22e8bc2e4c32fbe6018c0e1,,code_search,200,none,,2026-02-19T02:35:16Z,303,false,false,,,,,,,,,,,,,,,,,,,,,,,,,,,,,,,,,,,
wshuyi/x-article-publisher-skill,results.csv,True,SKILL.md,/skills/x-article-publisher/SKILL.md,main,main,https://github.com/wshuyi/x-article-publisher-skill/blob/eb3197d1d8579556aea5018d5c0b141d55fc2df6/skills/x-article-publisher/SKILL.md,9c7c894bdc385bc480cec04cd7c80e623ccc7a6d,,code_search,200,none,,2026-02-19T02:47:40Z,587,false,false,,,,,,,,,,,,,,,,,,,,,,,,,,,,,,,,,,,
wshobson/agents,results.csv,True,SKILL.md,/plugins/conductor/skills/track-management/SKILL.md,main,main,https://github.com/wshobson/agents/blob/5d65aa10638bcc1b390738e11f9bff213f61955a/plugins/conductor/skills/track-management/SKILL.md,27e5ec02c16d53c5e7bd895ebc030ad19c17bc1c,,code_search,200,none,,2026-02-19T02:47:40Z,28867,false,false,,,,,,,,,,,,,,,,,,,,,,,,,,,,,,,,,,,
yhy0/CHYing-agent,results.csv,True,SKILL.md,/chying_agent/skills/rce/SKILL.md,main,main,https://github.com/yhy0/CHYing-agent/blob/3c083114b10710203250b10deadbe98cda6cefb3/chying_agent/skills/rce/SKILL.md,876b829923bc873aab45e8af8d1ca355157a9d7f,,code_search,200,none,,2026-02-19T02:59:02Z,352,false,false,,,,,,,,,,,,,,,,,,,,,,,,,,,,,,,,,,,
yunshu0909/yunshu_skillshub,results.csv,True,SKILL.md,/ui-design/SKILL.md,master,master,https://github.com/yunshu0909/yunshu_skillshub/blob/4692832eb6ed01d125e0404bcc12fef65a0588b5/ui-design/SKILL.md,98f44c206199be4c3bf079d483351e1bbedf802c,,code_search,200,none,,2026-02-19T03:03:10Z,183,false,false,,,,,,,,,,,,,,,,,,,,,,,,,,,,,,,,,,,
yusufkaraaslan/Skill_Seekers,results.csv,True,SKILL.md,/docs/features/BOOTSTRAP_SKILL.md,development,development,https://github.com/yusufkaraaslan/Skill_Seekers/blob/cb87a6c5b631dd6c36daa8e115fdc3a3affa556d/docs/features/BOOTSTRAP_SKILL.md,98302f6487ac329b70c88932b64be24d830b660f,,code_search,200,none,,2026-02-19T03:04:11Z,9620,false,false,,,,,,,,,,,,,,,,,,,,,,,,,,,,,,,,,,,
zscole/adversarial-spec,results.csv,True,SKILL.md,/skills/adversarial-spec/SKILL.md,main,main,https://github.com/zscole/adversarial-spec/blob/f90cf0c36c3999b8dc272c9c06dee9846076f369/skills/adversarial-spec/SKILL.md,9e5fe12e32d3b318177d609834d08fe83fe4e09c,,code_search,200,none,,2026-02-19T03:12:28Z,489,false,false,,,,,,,,,,,,,,,,,,,,,,,,,,,,,,,,,,,
zscole/model-hierarchy-skill,results.csv,True,SKILL.md,/SKILL.md,main,main,https://github.com/zscole/model-hierarchy-skill/blob/main/SKILL.md,c42e982ff635a9a865bb6582056b7d4d43053ba4,9152,contents_api,200,none,,2026-02-19T03:13:29Z,317,false,false,,,,,,,,,,,,,,,,,,,,,,,,,,,,,,,,,,,
zstmfhy/zlibrary-to-notebooklm,results.csv,True,SKILL.md,/SKILL.md,main,main,https://github.com/zstmfhy/zlibrary-to-notebooklm/blob/main/SKILL.md,e1b58d477b94e99a5a60dd3fd3d234d1b6c92b44,6621,contents_api,200,none,,2026-02-19T03:13:29Z,1358,false,false,,,,,,,,,,,,,,,,,,,,,,,,,,,,,,,,,,,
zstmfhy/annas-to-notebooklm,results.csv,True,SKILL.md,/SKILL.md,main,main,https://github.com/zstmfhy/annas-to-notebooklm/blob/main/SKILL.md,843aa31844b386ad930854f440a75f5f36a379d6,8704,contents_api,200,none,,2026-02-19T03:13:29Z,193,false,false,,,,,,,,,,,,,,,,,,,,,,,,,,,,,,,,,,,
