language,rank,repo,skill_count,stars,forks,commits,contributors
C,1,RtlZeroMemory/Zireael,31,30,2,,
C,2,edwnh/dqmc,6,16,5,,
C,3,tpn/perfecthash,5,87,15,,
C,4,alex-ilgayev/MCPSpy,4,498,73,,
C,5,OpenSwiftUIProject/DarwinPrivateFrameworks,4,24,3,,
C,6,microsoft/ebpf-for-windows,4,3435,277,,
C,7,M5Fly-kanazawa/stampfly_ecosystem,3,18,0,,
C,8,tdimino/bg3se-macos,3,24,5,,
C,9,d3nd3/sof_buddy,2,14,0,,
C,10,yoanbernabeu/grepai,2,1323,100,,
C,11,wysaid/android-gpuimage-plus,2,1906,478,,
C,12,zfogg/ascii-chat,2,181,8,,
C,13,NativePHP/mobile-air,1,138,24,,
C,14,crosspoint-reader/crosspoint-reader,1,2345,333,,
C,15,cfoust/cy,1,200,8,,
C,16,bouffalolab/bouffalo_sdk,1,457,166,,
C,17,pikasTech/PikaPython,1,1707,164,,
C#,1,moorestech/moorestech,101,63,7,,
C#,2,zoucdr/unity3d-mcp,64,38,4,,
C#,3,baotoq/micro-commerce,41,92,25,,
C#,4,hatayama/uLoopMCP,35,164,16,,
C#,5,dotnet/dotnet,31,973,251,,
C#,6,oocx/tfplan2md,29,127,7,,
C#,7,aalmada/BookStore,29,15,0,,
C#,8,exceptionless/Exceptionless,27,2451,513,,
C#,9,foxminchan/BookWorm,26,475,62,,
C#,10,timdeschryver/Sandbox,22,47,16,,
C#,11,JinFanZheng/kode-sdk-csharp,20,55,16,,
C#,12,vchelaru/Gum,19,428,68,,
C#,13,lofcz/LLMTornado,18,560,92,,
C#,14,doomclouds/LightRAGNet,14,10,3,,
C#,15,mitkox/ai-coding-factory,13,134,52,,
C#,16,dotnet/maui,13,23188,1914,,
C#,17,dotnet/aspire,12,5467,811,,
C#,18,mono/SkiaSharp,12,5273,613,,
C#,19,mitchdenny/hex1b,11,101,5,,
C#,20,rickdotnet/Momus,10,11,0,,
C#,21,DaveSkender/Stock.Indicators,10,1182,265,,
C#,22,Azure/azure-sdk-for-net,9,5939,5118,,
C#,23,umbraco/Umbraco.AI,9,15,9,,
C#,24,recyclarr/recyclarr,8,1860,34,,
C#,25,MarcelMichau/fake-survey-generator,8,86,18,,
C#,26,dotnet/runtime,7,17702,5352,,
C#,27,thangchung/agent-engineering-experiment,7,11,1,,
C#,28,AzureAD/microsoft-authentication-library-for-dotnet,6,1490,395,,
C#,29,VSadov/Satori,6,324,18,,
C#,30,hardkoded/puppeteer-sharp,6,3862,488,,
C#,31,rwjdk/MicrosoftAgentFrameworkSamples,6,177,59,,
C#,32,dotnet/msbuild,5,5487,1406,,
C#,33,DataDog/dd-trace-dotnet,5,544,153,,
C#,34,JasonXuDeveloper/JEngine,5,2181,342,,
C#,35,MatterHackers/agg-sharp,5,187,75,,
C#,36,EvotecIT/PSPublishModule,4,41,13,,
C#,37,RicherTunes/Brainarr,4,32,0,,
C#,38,POW-Software/ByteSync,4,149,11,,
C#,39,davidortinau/SentenceStudio,4,21,5,,
C#,40,mono/SkiaSharp.Extended,3,258,73,,
C#,41,microsoft/Generative-AI-for-beginners-dotnet,3,2328,1772,,
C#,42,LM-Kit/lm-kit-net-samples,3,38,6,,
C#,43,OrchardCMS/OrchardCore,3,8041,2550,,
C#,44,GitTools/GitVersion,3,3087,664,,
C#,45,CoplayDev/unity-mcp,3,6241,758,,
C#,46,jguadagno/jjgnet-broadcast,3,18,4,,
C#,47,elbruno/elbruno.localembeddings,3,13,0,,
C#,48,dotnet/sdk,3,3058,1205,,
C#,49,cmdscale/CmdScale.EntityFrameworkCore.TimescaleDB,3,47,6,,
C#,50,sbroenne/mcp-server-excel,2,52,8,,
C#,51,whuanle/EasyTouch,2,24,6,,
C#,52,yucchiy/UniCli,2,11,0,,
C#,53,sheng-jie/learn-cc-csharp,2,33,9,,
C#,54,dotnet/android,2,2097,568,,
C#,55,ThindalTV/BlazorBlocks,2,13,1,,
C#,56,BloomBooks/BloomDesktop,2,41,18,,
C#,57,AzureAD/microsoft-identity-web,2,771,255,,
C#,58,maddymontaquila/aspirifridays,2,17,5,,
C#,59,reynj/reynj,2,14,0,,
C#,60,ingen084/KyoshinEewViewerIngen,2,170,18,,
C#,61,quartznet/quartznet,2,7002,1731,,
C#,62,dotnet/SqlClient,2,960,322,,
C#,63,doggy8088/gemini-tts-cli,2,27,3,,
C#,64,ZenoxZX/trello-cli,1,15,2,,
C#,65,ShapeCrawler/ShapeCrawler,1,409,77,,
C#,66,MarsonShine/Books,1,49,10,,
C#,67,MDA2AV/Http11Probe,1,10,5,,
C#,68,PowerShell/PowerShell,1,51651,8187,,
C#,69,ProjectMagma/Magma,1,110,1,,
C#,70,AIDotNet/OpenDeepWiki,1,2834,370,,
C#,71,Redth/Maui.Gtk,1,19,1,,
C#,72,Redth/MauiDevFlow,1,23,4,,
C#,73,craigktreasure/SlnUp,1,12,0,,
C#,74,altasoft/DomainPrimitives,1,60,2,,
C#,75,dotnet/aspnetcore,1,37744,10591,,
C#,76,dotnet/dev-proxy,1,777,80,,
C#,77,dotnet/extensions,1,3120,854,,
C#,78,liyingsong99/AIBridge,1,42,3,,
C#,79,lionfire/Trading,1,19,6,,
C#,80,justeattakeaway/JustSaying,1,55,23,,
C#,81,elastic/docs-builder,1,16,34,,
C#,82,dotnet/nuget-trends,1,179,41,,
C#,83,dotnet/razor,1,708,236,,
C#,84,microsoft/playwright-dotnet,1,2892,297,,
C#,85,microsoft/PowerToys,1,130079,7728,,
C#,86,openai/openai-dotnet,1,2504,365,,
C#,87,platformplatform/PlatformPlatform,1,398,50,,
C#,88,natemcmaster/CommandLineUtils,1,2277,264,,
C#,89,mizrael/OpenSleigh,1,335,41,,
C#,90,shinyorg/mediator,1,42,5,,
C#,91,shinyorg/mauiplatforms,1,12,2,,
C#,92,shinyorg/maui,1,10,0,,
C#,93,shinyorg/reflector,1,19,1,,
C++,1,cloudflare/workerd,20,7545,540,,
C++,2,rvdbreemen/OTGW-firmware,18,171,39,,
C++,3,AztecProtocol/aztec-packages,15,424,590,,
C++,4,dartsim/dart,12,1058,296,,
C++,5,ClickHouse/ClickHouse,7,46049,8115,,
C++,6,j-r-beckett/SpeedReader,6,11,1,,
C++,7,zilliztech/knowhere,5,322,128,,
C++,8,laoshanxi/app-mesh,4,211,28,,
C++,9,hzqst/metamod-fallguys,4,16,5,,
C++,10,ossrs/srs,4,28552,5650,,
C++,11,microsoft/WindowsAppSDK,3,4434,417,,
C++,12,vllm-project/vllm-ascend,3,1692,846,,
C++,13,nwjs/chromium.src,3,159,128,,
C++,14,chromium/chromium,3,23024,8605,,
C++,15,intel/confidential-computing-zoo,3,350,66,,
C++,16,vanillapdf/vanillapdf,2,12,1,,
C++,17,grafana/pyroscope-dotnet,2,35,10,,
C++,18,ispc/ispc,2,2844,344,,
C++,19,Apra-Labs/ApraPipes,1,33,36,,
C++,20,electron/electron,1,120218,17008,,
C++,21,ezEngine/ezEngine,1,1901,236,,
C++,22,apache/tvm-ffi,1,350,62,,
C++,23,Mq-b/Lab2QRCode,1,15,10,,
C++,24,chdb-io/chdb,1,2618,102,,
C++,25,crazyguitar/cppcheatsheet,1,258,48,,
C++,26,invergent-ai/surogate,1,105,2,,
C++,27,ecubus/EcuBus-Pro,1,721,197,,
C++,28,kvcache-ai/Mooncake,1,4808,567,,
C++,29,mcpp-community/mcpp-style-ref,1,28,0,,
C++,30,ml-explore/mlx-swift,1,1596,156,,
C++,31,openharmony/graphic_graphic_2d,1,11,5,,
C++,32,tenstorrent/tt-llk,1,34,26,,
C++,33,tenzir/tenzir,1,723,103,,
Go,1,LerianStudio/ring,108,113,12,,
Go,2,moasq/nanowave,104,27,5,,
Go,3,go-mizu/mizu,52,44,2,,
Go,4,diillson/chatcli,47,62,20,,
Go,5,drn/dots,44,22,4,,
Go,6,smallnest/langgraphgo,40,198,30,,
Go,7,linanwx/nagobot,38,31,4,,
Go,8,DotNetAge/mindx,35,15,5,,
Go,9,microbus-io/fabric,29,170,5,,
Go,10,sunholo-data/ailang,27,20,2,,
Go,11,vfarcic/dot-ai-controller,27,42,5,,
Go,12,hiromaily/go-crypto-wallet,25,124,35,,
Go,13,fall-out-bug/sdp,24,16,0,,
Go,14,github/gh-aw,24,3613,252,,
Go,15,eat-pray-ai/yutu,22,383,38,,
Go,16,thc1006/nephoran-intent-operator,22,14,2,,
Go,17,jaxxstorm/sentinel,20,32,2,,
Go,18,jaxxstorm/tscli,20,61,8,,
Go,19,pilinux/gorest,20,487,63,,
Go,20,Gentleman-Programming/engram,19,469,40,,
Go,21,liza-mas/liza,19,61,17,,
Go,22,jordanhubbard/loom,17,84,9,,
Go,23,marcus/sidecar,17,799,59,,
Go,24,prime-radiant-inc/serf,17,11,0,,
Go,25,UnicomAI/wanwu,16,4105,72,,
Go,26,aiyuekuang/LLMProxy,16,10,2,,
Go,27,kaptinlin/gozod,15,18,1,,
Go,28,kalbasit/ncps,14,271,11,,
Go,29,roborev-dev/roborev,14,605,55,,
Go,30,joa23/linear-cli,13,82,9,,
Go,31,devantler-tech/ksail,11,133,5,,
Go,32,eser/aya.is,11,54,23,,
Go,33,goern/forgejo-mcp,11,30,7,,
Go,34,openshift/hypershift,11,511,446,,
Go,35,Goldziher/ai-rulez,10,89,7,,
Go,36,oodaris/autocodex,10,11,0,,
Go,37,weibaohui/kom,10,146,33,,
Go,38,luthersystems/elps,9,36,9,,
Go,39,GoBetterAuth/go-better-auth,8,129,17,,
Go,40,willvelida/code-minions,8,22,2,,
Go,41,chmouel/lazyworktree,7,129,6,,
Go,42,danshapiro/kilroy,7,115,24,,
Go,43,holon-run/holon,7,76,6,,
Go,44,rubiojr/rugo,7,22,1,,
Go,45,wavetermdev/waveterm,7,17509,783,,
Go,46,yaacov/kubectl-mtv,7,11,1,,
Go,47,Dowwie/tasker,6,15,1,,
Go,48,TsingmaoAI/xw-cli,6,290,30,,
Go,49,alibaba/higress,6,7572,994,,
Go,50,clidey/whodb,6,4646,172,,
Go,51,jclark/satpulse,6,33,2,,
Go,52,ubie-oss/terraform-provider-lightdash,6,17,4,,
Go,53,yxhpy/qcc_plus,6,39,13,,
Go,54,GoogleCloudPlatform/gke-mcp,5,125,51,,
Go,55,chainloop-dev/chainloop,5,526,47,,
Go,56,chrisbanes/grove,5,17,0,,
Go,57,ezbuy/ezorm,5,50,21,,
Go,58,k-orc/openstack-resource-controller,5,68,35,,
Go,59,maximhq/bifrost,5,2548,264,,
Go,60,openshift-online/maestro,5,17,34,,
Go,61,pgplex/pgschema,5,798,30,,
Go,62,rilldata/rill,5,2504,164,,
Go,63,DataDog/datadog-agent,4,3527,1377,,
Go,64,asteroid-belt/skulto,4,22,0,,
Go,65,axiomhq/cli,4,54,12,,
Go,66,aztfmod/terraform-provider-azurecaf,4,183,101,,
Go,67,cloudshipai/station,4,384,35,,
Go,68,dagger/dagger,4,15458,845,,
Go,69,epam/edp-keycloak-operator,4,71,31,,
Go,70,kcaldas/genie,4,11,0,,
Go,71,securego/gosec,4,8696,685,,
Go,72,snyk/snyk-ls,4,75,15,,
Go,73,superplanehq/superplane,4,689,109,,
Go,74,towns-protocol/towns,4,66,62,,
Go,75,wordflowlab/agentsdk,4,12,2,,
Go,76,xmtp/xmtpd,4,55,44,,
Go,77,MitulShah1/openai-agents-go,3,33,2,,
Go,78,avivsinai/agent-message-queue,3,27,3,,
Go,79,avivsinai/bitbucket-cli,3,23,6,,
Go,80,avivsinai/jenkins-cli,3,25,3,,
Go,81,blueman82/conductor,3,39,2,,
Go,82,boolean-maybe/tiki,3,85,3,,
Go,83,engneer-hamachan/ruby-ti,3,65,2,,
Go,84,entireio/cli,3,3022,206,,
Go,85,gke-labs/gemini-for-kubernetes-development,3,10,17,,
Go,86,junevm/splathash,3,170,5,,
Go,87,jzila/canopy,3,28,5,,
Go,88,louisho5/picobot,3,1059,137,,
Go,89,mnemon-dev/mnemon,3,16,0,,
Go,90,nandemo-ya/kecs,3,41,0,,
Go,91,okteto/okteto,3,3490,316,,
Go,92,pevans/erc,3,12,2,,
Go,93,planetscale/terraform-provider-planetscale,3,21,3,,
Go,94,projectcalico/calico,3,7090,1545,,
Go,95,pulumi/pulumi-alicloud,3,71,7,,
Go,96,pulumi/pulumi-auth0,3,25,6,,
Go,97,pulumi/pulumi-aws,3,570,182,,
Go,98,pulumi/pulumi-azure,3,144,54,,
Go,99,pulumi/pulumi-azuread,3,20,7,,
Go,100,pulumi/pulumi-cloudflare,3,147,16,,
Java,1,Hack23/cia,79,207,53,,
Java,2,bitsoex/bitso-java,45,36,30,,
Java,3,JetBrains/intellij-community,26,19741,5690,,
Java,4,aehrc/pathling,25,120,19,,
Java,5,jabrena/cursor-rules-java,25,295,55,,
Java,6,osalvador/ReplicaDB,20,478,111,,
Java,7,alibaba/druid,20,28218,8612,,
Java,8,fluxzero-io/fluxzero-sdk-java,18,13,1,,
Java,9,undsky/RuoYi-SpringBoot3-Pro,17,122,47,,
Java,10,datavane/tis,10,1282,276,,
Java,11,XiaoMi/mone,9,1152,179,,
Java,12,apache/beam,9,8497,4516,,
Java,13,dokimos-dev/dokimos,8,18,2,,
Java,14,microsoft/typespec,7,5601,341,,
Java,15,copilot-community-sdk/copilot-sdk-java,6,42,8,,
Java,16,entropy-cloud/nop-entropy,6,678,95,,
Java,17,ls1intum/Hephaestus,6,16,1,,
Java,18,pinpoint-apm/pinpoint,6,13808,3769,,
Java,19,spring-ai-community/spring-ai-agent-utils,6,127,27,,
Java,20,spldeolin/allison1875,6,17,2,,
Java,21,whtoo/How_to_implment_PL_in_Antlr4,6,33,5,,
Java,22,sky-map-team/stardroid,5,1588,263,,
Java,23,cyberkaida/reverse-engineering-assistant,5,606,54,,
Java,24,Rainnny7/RESTfulMC,5,22,1,,
Java,25,alibaba/spring-ai-alibaba,4,8459,1859,,
Java,26,itxaiohanglover/codestyle,4,14,1,,
Java,27,eclipse-rdf4j/rdf4j,4,394,180,,
Java,28,dromara/Sa-Token,4,18630,2884,,
Java,29,dtprj/dongting,3,208,19,,
Java,30,apache/shardingsphere,3,20685,6915,,
Java,31,PlayersCommittee/gemp-swccg-public,3,30,35,,
Java,32,siy/coding-technology,3,12,3,,
Java,33,microwind/design-patterns,3,91,19,,
Java,34,langgraph4j/langgraph4j,3,1352,186,,
Java,35,duoec/duo-video,3,54,10,,
Java,36,liftwizard/liftwizard,2,15,8,,
Java,37,apache/juneau,2,92,38,,
Java,38,Azure/autorest.java,2,36,85,,
Java,39,mzmine/mzmine,2,259,156,,
Java,40,agents-flex/agents-flex,2,1386,109,,
Java,41,Tahanima/playwright-java-test-automation-architecture,2,106,91,,
Java,42,DataDog/dd-trace-java,2,691,329,,
Java,43,MorphiaOrg/morphia,2,1677,454,,
Java,44,AnySoftKeyboard/AnySoftKeyboard,1,3241,904,,
Java,45,AxonFramework/AxonFramework,1,3552,831,,
Java,46,JohanBlome/encapp,1,25,17,,
Java,47,ZSPSTRIVE/SpringAI-langchain-StudyBot,1,39,6,,
Java,48,deltazefiro/Amarok-Hider,1,2853,96,,
Java,49,cqframework/clinical-reasoning,1,45,39,,
Java,50,apache/ignite-3,1,307,138,,
Java,51,apache/fesod,1,5827,485,,
Java,52,JetBrains/youtrackdb,1,128,9,,
Java,53,flutter/flutter-intellij,1,2016,336,,
Java,54,glowroot/glowroot,1,1323,332,,
Java,55,gravitee-io/gravitee-access-management,1,58,27,,
Java,56,microsoft/playwright-java,1,1445,271,,
Java,57,johannilsson/sthlmtraveling,1,114,37,,
Java,58,itxaiohanglover/mcp-codestyle-server,1,44,2,,
Java,59,naver/spring-jdbc-plus,1,292,34,,
Java,60,themixednuts/GhidraMCP,1,40,7,,
Java,61,wgzhao/Addax,1,1404,331,,
Java,62,xiaou61/Code-Nest,1,786,21,,
Java,63,zero-ws/zero-ecotope,1,22,4,,
JavaScript,1,a5c-ai/babysitter,2023,331,15,,
JavaScript,2,Community-Access/accessibility-agents,83,47,4,,
JavaScript,3,dr-robert-li/cowork-wordpress-expert,54,15,1,,
JavaScript,4,sd0xdev/sd0x-dev-flow,47,39,4,,
JavaScript,5,pbakaus/impeccable,36,217,14,,
JavaScript,6,lintendo/Axhub-Make,34,20,6,,
JavaScript,7,shoootyou/get-shit-done-multi,34,12,1,,
JavaScript,8,agent-sh/agentsys,30,484,46,,
JavaScript,9,popup-studio-ai/bkit-gemini,29,30,8,,
JavaScript,10,CloudToLocalLLM-online/CloudToLocalLLM,25,18,3,,
JavaScript,11,LowyShin/giip-dev-agent,25,25,3,,
JavaScript,12,hexianWeb/Third-Person-MC,24,15,5,,
JavaScript,13,wasintoh/toh-framework,24,73,16,,
JavaScript,14,radioactive-labs/plutonium-core,23,56,7,,
JavaScript,15,telagod/code-abyss,21,79,7,,
JavaScript,16,xiaobei930/cc-best,19,25,0,,
JavaScript,17,Yangchengshuai/Aerotri-Web,18,15,5,,
JavaScript,18,bradygaster/squad,18,347,36,,
JavaScript,19,NASA-AMMOS/slim,17,31,14,,
JavaScript,20,liyecom/liye-ai,17,33,4,,
JavaScript,21,jongwony/epistemic-protocols,16,46,4,,
JavaScript,22,Project-N-E-K-O/N.E.K.O,15,683,94,,
JavaScript,23,adobe/helix-website,15,38,55,,
JavaScript,24,zylos-ai/zylos-core,14,805,79,,
JavaScript,25,block/goosetown,12,40,5,,
JavaScript,26,leonardomso/33-js-concepts,12,66256,9192,,
JavaScript,27,sailscastshq/boring-stack,12,485,24,,
JavaScript,28,angular/dev-infra,11,71,61,,
JavaScript,29,FHIR/sql-on-fhir-v2,10,126,34,,
JavaScript,30,hamr0/liteagents,10,11,2,,
JavaScript,31,akiojin/unity-mcp-server,9,22,6,,
JavaScript,32,paralleldrive/aidd,9,244,17,,
JavaScript,33,suyashb734/cliagents,9,14,2,,
JavaScript,34,Joncik91/ucai,8,26,2,,
JavaScript,35,MetalLegBob/solana-vibes-kit,8,13,0,,
JavaScript,36,joshtol/emotive-engine,8,11,1,,
JavaScript,37,popmechanic/vibes-cli,8,15,2,,
JavaScript,38,shinpr/agentic-code,8,34,3,,
JavaScript,39,stephengpope/thepopebot,8,765,390,,
JavaScript,40,vercel/next.js,8,137982,30512,,
JavaScript,41,facebook/react,7,243360,50626,,
JavaScript,42,influxdata/docs-v2,7,80,325,,
JavaScript,43,itz4blitz/agentful,7,12,7,,
JavaScript,44,jdubray/puffin,7,16,4,,
JavaScript,45,josstei/maestro-gemini,7,49,1,,
JavaScript,46,Ratler/dream-team,6,12,2,,
JavaScript,47,asamassekou10/ship-safe,6,59,2,,
JavaScript,48,caretive-ai/project-careti,6,46,10,,
JavaScript,49,nabondance/Trailhead-Banner,6,46,1,,
JavaScript,50,atlassian/atlassian-mcp-server,5,346,39,,
JavaScript,51,kazuph/reviw,5,17,0,,
JavaScript,52,mikkelkrogsholm/ai-laegens-bord,5,37,3,,
JavaScript,53,peterfei/ai-agent-team,5,274,34,,
JavaScript,54,sinewaveai/agent-security-scanner-mcp,5,58,5,,
JavaScript,55,Codename-Inc/spectre,4,106,11,,
JavaScript,56,Purple-Horizons/tick-md,4,12,0,,
JavaScript,57,TryGhost/Ghost,4,51905,11339,,
JavaScript,58,apify/apify-docs,4,62,173,,
JavaScript,59,mark-friedman/scheme-js,4,12,2,,
JavaScript,60,pwndoc/pwndoc,4,2759,498,,
JavaScript,61,searlsco/prove_it,4,135,5,,
JavaScript,62,victorGPT/vibeusage,4,96,5,,
JavaScript,63,bbplayer-app/BBPlayer,3,385,21,,
JavaScript,64,buildonspark/spark,3,83,44,,
JavaScript,65,dongbeixiaohuo/writing-agent,3,68,15,,
JavaScript,66,duolingo/pre-commit-hooks,3,66,10,,
JavaScript,67,facebook/hermes,3,10804,735,,
JavaScript,68,lwj1994/flutter_view_model,3,20,1,,
JavaScript,69,pbakaus/agent-reviews,3,49,2,,
JavaScript,70,trendmicro-frontend/tonic-ui,3,134,39,,
JavaScript,71,wrenfix/oag,3,10,0,,
JavaScript,72,Chia-Network/cadt,2,39,14,,
JavaScript,73,FREEZONEX/Tier0-Edge,2,157,23,,
JavaScript,74,GeneBO98/tradetally,2,147,26,,
JavaScript,75,GoogleChromeLabs/web-ai-demos,2,280,68,,
JavaScript,76,SawyerHood/sawyer-mart,2,69,4,,
JavaScript,77,ServiceStack/llms,2,575,24,,
JavaScript,78,aikarjal/wilmai,2,19,3,,
JavaScript,79,dialpad/dialtone,2,14,6,,
JavaScript,80,flutter-it/get_it,2,1451,156,,
JavaScript,81,leeguooooo/Mailbox,2,36,5,,
JavaScript,82,madebyaris/advance-minimax-m2-cursor-rules,2,57,5,,
JavaScript,83,maorfsdev/reflect-yourself,2,17,0,,
JavaScript,84,navidrome/website,2,32,149,,
JavaScript,85,nicobailon/surf-cli,2,272,23,,
JavaScript,86,optave/codegraph,2,12,1,,
JavaScript,87,robinebers/openusage,2,1033,87,,
JavaScript,88,yuch85/superdoc-redlines,2,17,4,,
JavaScript,89,zhukunpenglinyutong/ai-max,2,172,14,,
JavaScript,90,AhmedElTabarani/hadith-checker-extension,1,65,6,,
JavaScript,91,AzureCosmosDB/cosmosdb-agent-kit,1,21,5,,
JavaScript,92,CatKang/catkang.github.io,1,26,11,,
JavaScript,93,Claudate/project-multilevel-index,1,92,4,,
JavaScript,94,EvoMap/evolver,1,630,85,,
JavaScript,95,Hulupeep/Specflow,1,22,4,,
JavaScript,96,JarvusInnovations/hologit,1,20,2,,
JavaScript,97,McShelby/hugo-theme-relearn,1,585,233,,
JavaScript,98,PaulRBerg/cryptfolio-scripts,1,24,2,,
JavaScript,99,Red-Hat-AI-Innovation-Team/sdg_hub,1,112,50,,
JavaScript,100,SoFriendly/orca,1,44,3,,
PHP,1,AuroraWebSoftware/AAuth,21,41,7,,
PHP,2,coollabsio/coolify,15,51056,3684,,
PHP,3,bnomei/kirby-mcp,15,36,1,,
PHP,4,Automattic/wordpress-activitypub,14,561,85,,
PHP,5,JaguarJack/catch-admin,10,889,137,,
PHP,6,unopim/unopim,7,9113,117,,
PHP,7,daveroverts/bmac,6,11,13,,
PHP,8,laravel/boost,6,3291,274,,
PHP,9,vizra-ai/vizra-adk,5,286,32,,
PHP,10,hotwired-laravel/turbo-laravel,5,837,53,,
PHP,11,MohmmedAshraf/laravel-translations,4,799,116,,
PHP,12,spatie/freek.dev,4,642,156,,
PHP,13,TypiCMS/Base,3,1599,494,,
PHP,14,Chemaclass/unspent,3,14,0,,
PHP,15,KeygraphHQ/xbow-validation-benchmarks,3,19,4,,
PHP,16,raphaelstolt/lean-package-validator,3,15,7,,
PHP,17,ludoguenet/laravel-zap,3,1407,100,,
PHP,18,livewire/livewire,3,23448,1726,,
PHP,19,shopperlabs/shopper,3,1064,166,,
PHP,20,herkobi/saas,2,22,0,,
PHP,21,filamentphp/demo,2,1180,550,,
PHP,22,sauce-base/saucebase,2,18,5,,
PHP,23,ploi/roadmap,2,554,114,,
PHP,24,phpstan/phpstan,2,13834,943,,
PHP,25,mglaman/phpstan-drupal,2,207,81,,
PHP,26,tallstackui/tallstackui,2,696,68,,
PHP,27,yamadashy/phpstan-friendly-formatter,2,63,5,,
PHP,28,laravel/ai,1,557,118,,
PHP,29,knuckleswtf/scribe,1,2256,358,,
PHP,30,byjg/php-rest-reference-architecture,1,17,6,,
PHP,31,duxweb/dux-lite,1,14,3,,
PHP,32,Soneso/stellar-php-sdk,1,40,19,,
PHP,33,ChurchCRM/CRM,1,818,514,,
PHP,34,jeffersongoncalves/filament-service-desk,1,10,0,,
PHP,35,iurygdeoliveira/labSIS-KIT,1,31,15,,
PHP,36,foxbytehq/laravel-inertia-dataproviders,1,25,1,,
PHP,37,glhd/aire,1,544,40,,
PHP,38,ohdearapp/ohdear-cli,1,138,3,,
PHP,39,laravel/fortify,1,1723,329,,
PHP,40,relaticle/flowforge,1,375,42,,
PHP,41,prism-php/prism,1,2306,266,,
PHP,42,open-runtimes/open-runtimes,1,273,69,,
PHP,43,phpstan/phpstan-src,1,385,553,,
PHP,44,laravel/socialite,1,5735,958,,
PHP,45,laravel/pennant,1,568,62,,
PHP,46,scify/laravel-cookie-guard,1,136,4,,
PHP,47,spatie/laravel-backup,1,5944,794,,
PHP,48,spatie/laravel-permission,1,12838,1824,,
PHP,49,spatie/laravel-pdf,1,971,85,,
PHP,50,spatie/laravel-og-image,1,11,0,,
PHP,51,spatie/laravel-medialibrary,1,6094,1101,,
PHP,52,spatie/laravel-screenshot,1,73,3,,
PHP,53,spatie/laravel-responsecache,1,2758,241,,
PHP,54,spatie/laravel-ray,1,316,72,,
PHP,55,viames/pair,1,10,2,,
Python,1,hainamchung/agent-assistant,388,26,11,,
Python,2,DNYoussef/context-cascade,252,20,6,,
Python,3,gtmagents/gtm-agents,244,88,13,,
Python,4,malue-ai/dazee-small,174,23,0,,
Python,5,wshobson/agents,146,29356,3213,,
Python,6,openakita/openakita,142,720,75,,
Python,7,SimHacker/moollm,127,30,4,,
Python,8,giuseppe-trisciuoglio/developer-kit,110,113,8,,
Python,9,kagenti/kagenti,100,72,44,,
Python,10,existential-birds/beagle,87,27,4,,
Python,11,openshift-eng/ai-helpers,84,41,207,,
Python,12,ancoleman/ai-design-components,76,290,44,,
Python,13,williamzujkowski/standards,67,12,0,,
Python,14,proffesor-for-testing/sentinel-api-testing,65,34,8,,
Python,15,matteocervelli/llms,64,19,2,,
Python,16,alishangtian/proteus-ai,62,11,7,,
Python,17,johnson7788/BusinessBot,60,43,6,,
Python,18,adelpro/quran-search-engine,51,12,20,,
Python,19,soimy/atlasify,51,35,5,,
Python,20,trohitg/MachinaOS,48,10,1,,
Python,21,OpenHands/extensions,47,58,13,,
Python,22,leandrosilvaferreira/gitai,47,35,3,,
Python,23,xenitV1/Antigravity-Workflows,46,121,21,,
Python,24,thapaliyabikendra/ai-artifacts,44,11,3,,
Python,25,mikeOnBreeze/cc-crossbeam,43,67,25,,
Python,26,Ibrahim-3d/conductor-orchestrator-superpowers,42,230,24,,
Python,27,Fu-Jie/openwebui-extensions,39,79,7,,
Python,28,Kilo-Org/kilo-marketplace,38,37,11,,
Python,29,jpoley/flowspec,37,12,1,,
Python,30,j5ik2o/okite-ai,36,38,2,,
Python,31,kivo360/OmoiOS,35,26,1,,
Python,32,lhl/realitycheck,35,10,0,,
Python,33,Hidden-History/ai-memory,34,21,4,,
Python,34,kasperjunge/agent-resources,34,403,30,,
Python,35,prowler-cloud/prowler,34,13099,2011,,
Python,36,sfc-gh-dflippo/snowflake-dbt-demo,34,28,8,,
Python,37,aitytech/agentkits-marketing,32,310,33,,
Python,38,yazelin/ching-tech-os,32,19,7,,
Python,39,huangrt01/CS-Notes,31,3944,484,,
Python,40,2025Emma/vibe-coding-cn,30,12670,1407,,
Python,41,Abilityai/cornelius,30,64,18,,
Python,42,definableai/definable.ai,30,12,2,,
Python,43,jd-opensource/JoySafeter,30,136,22,,
Python,44,vstorm-co/pydantic-deepagents,30,347,36,,
Python,45,kv0906/pm-kit,29,45,11,,
Python,46,sammcj/agentic-coding,29,95,16,,
Python,47,deepeshBodh/human-in-loop,27,21,1,,
Python,48,dsifry/goodtogo,27,43,2,,
Python,49,emanueleielo/ciana-parrot,27,58,9,,
Python,50,yezannnnn/agentGroup,27,31,3,,
Python,51,Haaaiawd/Antigravity-Workflow-System,26,82,11,,
Python,52,manusco/resonance,26,33,6,,
Python,53,rand/cc-polymath,26,74,5,,
Python,54,rohitg00/kubectl-mcp-server,26,837,167,,
Python,55,sddevelopment-be/quickstart_agent-augmented-development,26,13,3,,
Python,56,TheCraigHewitt/seomachine,25,352,99,,
Python,57,davidabeyer/formaltask,25,13,1,,
Python,58,VioletCranberry/coco-search,24,12,0,,
Python,59,aws-samples/sample-strands-agent-with-agentcore,24,103,38,,
Python,60,hannesill/m4,24,16,9,,
Python,61,kazukinagata/shinkoku,24,170,10,,
Python,62,dagster-io/erk,23,71,7,,
Python,63,ginlix-ai/LangAlpha,23,14,3,,
Python,64,nWave-ai/nWave,23,172,18,,
Python,65,cnoe-io/ai-platform-engineering,22,312,45,,
Python,66,mehdic/bazinga,22,17,0,,
Python,67,okwinds/miscellany,22,27,2,,
Python,68,OpenDCAI/leonai,21,21,1,,
Python,69,jonathan-vella/azure-agentic-infraops,21,94,28,,
Python,70,JochenYang/Jochen-ai-rules,20,12,2,,
Python,71,astronomer/agents,20,242,22,,
Python,72,huangwb8/ChineseResearchLaTeX,20,819,106,,
Python,73,snyk/agent-scan,20,1581,157,,
Python,74,ArcaneOrion/Alice-Single,19,12,2,,
Python,75,Salesably/salesably-marketplace,19,14,2,,
Python,76,bytedance/agentkit-samples,19,215,41,,
Python,77,llama-farm/llamafarm,19,816,47,,
Python,78,jjmartres/opencode,18,50,5,,
Python,79,vasilievyakov/miracle-infrastructure,18,11,0,,
Python,80,Qredence/fleet-rlm,17,21,2,,
Python,81,SCStelz/security-investigator,17,42,13,,
Python,82,Soju06/codex-lb,17,100,19,,
Python,83,adamfilli/happy-simulator,17,11,0,,
Python,84,nanorepublica/django-deadcode,17,40,1,,
Python,85,nanorepublica/django-prodserver,17,52,3,,
Python,86,Mulily0513/Omni,16,14,1,,
Python,87,atopile/atopile,16,3081,168,,
Python,88,canonical/copilot-collections,16,10,8,,
Python,89,indexedlabs/pydantic-ai-gepa,16,22,5,,
Python,90,opendatahub-io/ai-helpers,16,15,26,,
Python,91,Blazemeter/bzm-mcp,15,24,4,,
Python,92,MiniMax-AI/Mini-Agent,15,1677,254,,
Python,93,Qredence/agentic-fleet,15,92,10,,
Python,94,Opentrons/opentrons,14,491,194,,
Python,95,OthmanAdi/planning-with-files,14,14533,1343,,
Python,96,UKGovernmentBEIS/inspect_evals,14,380,262,,
Python,97,dlt-hub/dlt,14,4951,459,,
Python,98,goldengrape/Agent-company,14,35,4,,
Python,99,swarm-ai-safety/swarm,14,11,2,,
Python,100,terrorproforma/GradientOS,14,18,3,,
Rust,1,frumu-ai/tandem,117,67,7,,
Rust,2,Goldziher/spikard,72,101,4,,
Rust,3,loonghao/auroraview,45,25,3,,
Rust,4,pacphi/sindri,45,10,4,,
Rust,5,agent-sh/agnix,41,60,4,,
Rust,6,Finesssee/linear-cli,38,31,8,,
Rust,7,ruvnet/ruvector,37,1007,144,,
Rust,8,rivet-dev/rivet,33,5031,154,,
Rust,9,ruvnet/ruv-FANN,30,313,90,,
Rust,10,ruvnet/midstream,26,61,20,,
Rust,11,agenticsorg/lean-agentic,25,44,6,,
Rust,12,zerx-lab/rmx,22,28,0,,
Rust,13,loonghao/vx,21,16,2,,
Rust,14,Creatiwity/siren,20,20,1,,
Rust,15,BA-CalderonMorales/terminal-jarvis,19,120,16,,
Rust,16,Hmbown/MiniMax-CLI,19,10,2,,
Rust,17,bolivian-peru/os-moda,17,62,8,,
Rust,18,mikeyobrien/ralph-orchestrator,17,1913,198,,
Rust,19,vicanso/zedis,15,1695,38,,
Rust,20,byteowlz/oqto,12,25,1,,
Rust,21,nwiizo/cargo-coupling,12,66,2,,
Rust,22,antinomyhq/forge,11,4562,1164,,
Rust,23,majiayu000/litellm-rs,11,20,4,,
Rust,24,nanvix/nanvix,11,207,104,,
Rust,25,tursodatabase/turso,11,17519,744,,
Rust,26,fjrevoredo/mini-diarium,10,209,10,,
Rust,27,mofa-org/mofa-studio,10,11,24,,
Rust,28,raphaelmansuy/edgequake,10,616,78,,
Rust,29,ricardoquesada/regenerator2000,10,24,2,,
Rust,30,JamieMason/syncpack,9,1937,68,,
Rust,31,berrzebb/zeroquant,9,11,9,,
Rust,32,cyberfabric/cyberfabric-core,9,44,51,,
Rust,33,gotempsh/temps,9,169,5,,
Rust,34,govctl-org/govctl,9,75,5,,
Rust,35,peteonrails/voxtype,9,411,25,,
Rust,36,r3bl-org/r3bl-open-core,9,460,30,,
Rust,37,slvDev/weasel,9,25,1,,
Rust,38,tari-project/tari-ootle,9,22,25,,
Rust,39,washanhanzi/connectrpc-axum,9,19,1,,
Rust,40,biomejs/biome,8,23817,875,,
Rust,41,decentpaste/decentpaste,8,154,7,,
Rust,42,doraemonkeys/sloc-guard,8,18,2,,
Rust,43,elodin-sys/elodin,8,508,29,,
Rust,44,rust-works/succinctly,8,44,2,,
Rust,45,trymirai/uzu,8,1437,43,,
Rust,46,0xPlaygrounds/rig,7,6128,666,,
Rust,47,Open-Quant/openquant,7,28,3,,
Rust,48,ZhangHanDong/agent-teams-rs,7,13,4,,
Rust,49,bearcove/pikru,7,24,1,,
Rust,50,brwse/earl,7,89,3,,
Rust,51,coltonbatts/VCR,7,19,0,,
Rust,52,dmmulroy/overseer,7,214,11,,
Rust,53,manthanabc/paws,7,11,2,,
Rust,54,noir-lang/noir,7,1311,373,,
Rust,55,txpipe/dolos,7,110,48,,
Rust,56,Azure/azure-sdk-for-rust,6,863,332,,
Rust,57,DataDog/lading,6,93,14,,
Rust,58,Jxck/sptth,6,122,5,,
Rust,59,Pama-Lee/Ordo,6,23,2,,
Rust,60,Piebald-AI/splitrail,6,117,11,,
Rust,61,PierreZ/moonpool,6,19,1,,
Rust,62,StepfenShawn/kota,6,77,6,,
Rust,63,axone-protocol/contracts,6,123,19,,
Rust,64,foxzool/open-lark,6,61,18,,
Rust,65,j5ik2o/takt-sdd,6,22,0,,
Rust,66,jwilger/eventcore,6,11,1,,
Rust,67,lucifer1004/typub,6,20,0,,
Rust,68,mag123c/toktrack,6,47,2,,
Rust,69,pinax-network/substreams-svm,6,14,0,,
Rust,70,screenpipe/screenpipe,6,16995,1419,,
Rust,71,tachyon-zcash/ragu,6,32,13,,
Rust,72,athola/skrills,5,52,8,,
Rust,73,dada-lang/dada,5,498,32,,
Rust,74,nwiizo/ccswarm,5,111,13,,
Rust,75,probelabs/probe,5,462,45,,
Rust,76,quickwit-oss/quickwit,5,10915,520,,
Rust,77,raine/workmux,5,816,54,,
Rust,78,wowsignal-io/pedro,5,18,7,,
Rust,79,MeowLynxSea/yororen-ui,4,154,3,,
Rust,80,Mieluoxxx/opcd,4,18,3,,
Rust,81,cladam/tbdflow,4,37,2,,
Rust,82,delightful-ai/beads-rs,4,20,0,,
Rust,83,ecto/vcad,4,244,11,,
Rust,84,eqtylab/y,4,10,0,,
Rust,85,everruns/everruns,4,10,0,,
Rust,86,facet-rs/facet,4,2417,109,,
Rust,87,isLinXu/crablet,4,12,1,,
Rust,88,jayasuryajsk/codex-kaioken,4,32,2,,
Rust,89,jiangzhe/doradb,4,118,3,,
Rust,90,liqiongyu/agentpack,4,16,3,,
Rust,91,liquidos-ai/Odyssey,4,10,3,,
Rust,92,madesroches/micromegas,4,37,5,,
Rust,93,nicosuave/memex,4,70,7,,
Rust,94,noshishiRust/leptos-daisyui-rs,4,11,2,,
Rust,95,openai/codex,4,61868,8207,,
Rust,96,pplmx/husky-rs,4,31,0,,
Rust,97,rubentalstra/Trial-Submission-Studio,4,11,1,,
Rust,98,sledtools/pika,4,22,11,,
Rust,99,wado-lang/wado,4,70,2,,
Rust,100,zircote/subcog,4,12,2,,
TypeScript,1,danielmiessler/Personal_AI_Infrastructure,317,9174,1260,,
TypeScript,2,proffesor-for-testing/agentic-qe,272,202,42,,
TypeScript,3,yonatangross/orchestkit,174,90,8,,
TypeScript,4,CharlesWiltgen/Axiom,165,490,46,,
TypeScript,5,kriegcloud/beep-effect,147,41,5,,
TypeScript,6,CoWork-OS/CoWork-OS,143,126,12,,
TypeScript,7,jmagly/aiwg,138,92,12,,
TypeScript,8,alsk1992/CloddsBot,121,50,13,,
TypeScript,9,udecode/better-convex,120,362,25,,
TypeScript,10,OzeroHAX/AssistAgents,86,24,2,,
TypeScript,11,adoresever/AGI_Ananans,85,26,1,,
TypeScript,12,elizaOS/eliza,79,17616,5432,,
TypeScript,13,nahisaho/MUSUBIX,76,11,2,,
TypeScript,14,Aniket-a14/SRA,75,17,1,,
TypeScript,15,charlietlamb/ferix,75,10,0,,
TypeScript,16,gvkhosla/compound-engineering-pi,70,29,2,,
TypeScript,17,Kastalien-Research/thoughtbox,68,46,10,,
TypeScript,18,ReinaMacCredy/maestro,68,23,3,,
TypeScript,19,daffy0208/ai-dev-standards,65,17,6,,
TypeScript,20,NJX-njx/opensoul,61,15,3,,
TypeScript,21,AIDotNet/MoYuCode,59,72,15,,
TypeScript,22,mangiapanejohn-dev/Resonix-AG,56,16,0,,
TypeScript,23,outfitter-dev/agents,56,22,0,,
TypeScript,24,wukongrobot/wukongbot,55,14,0,,
TypeScript,25,ShunsukeHayashi/Miyabi,50,16,8,,
TypeScript,26,letta-ai/lettabot,48,228,46,,
TypeScript,27,mukhbit0/Flutter-Theme-Generator,48,47,5,,
TypeScript,28,vudovn/antigravity-kit,48,5234,1062,,
TypeScript,29,pr-pm/prpm,46,94,11,,
TypeScript,30,TencentCloudBase/CloudBase-MCP,45,960,114,,
TypeScript,31,Steffen025/pai-opencode,44,95,10,,
TypeScript,32,Heyvhuang/ship-faster,42,233,35,,
TypeScript,33,linkerlin/PUAX,42,213,20,,
TypeScript,34,anton-abyzov/specweave,40,79,7,,
TypeScript,35,evolving-machines-lab/evolve,40,45,2,,
TypeScript,36,HAI3org/HAI3,39,28,30,,
TypeScript,37,rp1-run/rp1,39,10,1,,
TypeScript,38,markuplint/markuplint,37,597,64,,
TypeScript,39,mikeyobrien/rho,37,293,22,,
TypeScript,40,flora131/atomic,36,89,25,,
TypeScript,41,gannonh/kata-orchestrator,33,88,3,,
TypeScript,42,lossyrob/phased-agent-workflow,33,21,5,,
TypeScript,43,PackmindHub/packmind,32,214,7,,
TypeScript,44,taurgis/sfcc-dev-mcp,32,21,7,,
TypeScript,45,ParadeTo/vue-tree-list,30,686,126,,
TypeScript,46,howells/arc,30,10,0,,
TypeScript,47,tryportal/portal,30,18,3,,
TypeScript,48,vfarcic/dot-ai,30,293,57,,
TypeScript,49,cin12211/orca-q,29,60,0,,
TypeScript,50,ruvnet/marketing,29,31,11,,
TypeScript,51,EthanAlgoX/MarketBot,28,41,8,,
TypeScript,52,WellApp-ai/Well,28,309,44,,
TypeScript,53,agenticsorg/hackathon-tv5,28,22,41,,
TypeScript,54,srbhr/Resume-Matcher,28,26036,4702,,
TypeScript,55,wordflowlab/novelweave,28,51,14,,
TypeScript,56,growupanand/ConvoForm,27,101,32,,
TypeScript,57,hhhh124hhhh/godot-mcp,27,19,2,,
TypeScript,58,oedokumaci/gale-shapley-algorithm,26,10,2,,
TypeScript,59,ruvnet/agentic-robotics,26,14,3,,
TypeScript,60,sgcarstrends/sgcarstrends,26,19,1,,
TypeScript,61,vspo-lab/vspo-portal,26,21,4,,
TypeScript,62,PaulJPhilp/EffectPatterns,25,683,22,,
TypeScript,63,different-ai/agent-bank,25,196,37,,
TypeScript,64,fellipeutaka/kanpeki,25,28,1,,
TypeScript,65,laborany/laborany,25,40,1,,
TypeScript,66,s-hiraoku/vscode-sidebar-terminal,25,12,6,,
TypeScript,67,dereekb/dbx-components,24,12,1,,
TypeScript,68,TheOrcDev/8bitcn-ui,23,1653,101,,
TypeScript,69,espennilsen/pi,23,12,0,,
TypeScript,70,hoangsonww/PetSwipe-Match-App,23,18,10,,
TypeScript,71,jpmorgan-payments/embedded-finance,23,18,6,,
TypeScript,72,lvndry/jazz,23,36,5,,
TypeScript,73,yi-john-huang/sdd-mcp,22,35,3,,
TypeScript,74,netease-youdao/LobsterAI,21,2439,266,,
TypeScript,75,runtime-env/runtime-env,21,41,2,,
TypeScript,76,LIDR-academy/AI4Devs-LTI-extended,20,39,60,,
TypeScript,77,RtlZeroMemory/Rezi,20,459,10,,
TypeScript,78,facebook/immersive-web-sdk,20,481,62,,
TypeScript,79,getsentry/dotagents,20,67,3,,
TypeScript,80,jixoai/openspecui,20,31,6,,
TypeScript,81,quiqr/quiqr-desktop,20,169,10,,
TypeScript,82,shenjingnan/xiaozhi-client,20,259,69,,
TypeScript,83,tsedio/tsed-cli,20,43,24,,
TypeScript,84,0xAxiom/AppFactory,19,122,22,,
TypeScript,85,GGPrompts/TabzChrome,19,126,10,,
TypeScript,86,Peiiii/skild,19,96,7,,
TypeScript,87,aexol-studio/axolotl,19,27,2,,
TypeScript,88,civitai/civitai,19,7019,708,,
TypeScript,89,gamekit-agent/gamekit-cli,19,41,3,,
TypeScript,90,mitsuhiko/agent-stuff,19,1337,89,,
TypeScript,91,natea/ExoMind,19,12,0,,
TypeScript,92,powroom/flins,19,34,7,,
TypeScript,93,senweaver/senweaver-ide,19,14,0,,
TypeScript,94,AgentWorkforce/relay,18,252,18,,
TypeScript,95,ComposioHQ/composio,18,27181,4455,,
TypeScript,96,KartikLabhshetwar/screenshot-studio,18,442,84,,
TypeScript,97,nclamvn/bom-cham,18,21,11,,
TypeScript,98,nrwl/nx-console,18,1395,238,,
TypeScript,99,ramo4040/olyx-ui,18,12,0,,
TypeScript,100,saffron-health/opencode-gui,18,22,7,,
