rank,scripts_file_count,repo,mainLanguage,stars,forks,commits,contributors
1,834,snakeying/Textum,Python,41,4,103.0,1.0
2,816,yonatangross/orchestkit,TypeScript,117,13,339.0,2.0
3,586,eggent-ai/eggent,TypeScript,219,42,36.0,1.0
4,570,definableai/definable.ai,Python,20,2,177.0,2.0
5,454,CraftOS-dev/CraftBot,Python,55,5,494.0,4.0
6,416,xuey490/project,PHP,12,0,773.0,1.0
7,414,proffesor-for-testing/agentic-qe,TypeScript,250,48,1153.0,7.0
8,402,hainamchung/agent-assistant,Python,36,14,13.0,1.0
9,400,openakita/openakita,Python,1219,150,1312.0,7.0
10,382,UnicomAI/wanwu,Go,3959,79,3767.0,53.0
11,372,datascienceworld-kan/vinagent,Python,71,11,186.0,4.0
12,370,rvdbreemen/OTGW-firmware,C++,176,39,2407.0,20.0
13,370,kv0906/pm-kit,Python,68,16,102.0,1.0
14,358,eigent-ai/eigent,TypeScript,12993,1494,2151.0,63.0
15,354,GCWing/BitFun,TypeScript,451,47,305.0,11.0
16,352,codemo1991/nanobot-webui,Python,21,7,59.0,2.0
17,352,ginlix-ai/LangAlpha,Python,52,7,699.0,7.0
18,348,LdotJdot/OpenLum,JavaScript,26,5,8.0,1.0
19,348,agentscope-ai/CoPaw,Python,11481,1363,292.0,74.0
20,346,kyopark2014/strands-agent,Python,28,6,198.0,1.0
21,327,bytedance/agentkit-samples,Python,247,46,453.0,28.0
22,300,cyberfabric/cyber-pilot,Python,29,10,367.0,7.0
23,282,nucliweb/webperf-snippets,JavaScript,1417,79,332.0,17.0
24,261,kriegcloud/beep-effect,TypeScript,46,5,7803.0,728.0
25,250,ancoleman/ai-design-components,Python,310,48,81.0,2.0
26,240,yezannnnn/agentGroup,Python,53,17,13.0,1.0
27,192,smallnest/langgraphgo,Go,209,34,328.0,10.0
28,188,vobase/vobase,TypeScript,25,3,285.0,3.0
29,171,mikeOnBreeze/cc-crossbeam,Python,145,53,69.0,1.0
30,168,sunholo-data/ailang,Go,22,2,2060.0,6.0
31,168,Deepractice/AgentX,TypeScript,82,9,809.0,20.0
32,168,kivo360/OmoiOS,Python,37,4,701.0,5.0
33,164,jiahao-jayden/vibe-any-tanstack,TypeScript,50,14,128.0,2.0
34,160,marian2js/opengoat,TypeScript,285,31,573.0,2.0
35,153,OthmanAdi/planning-with-files,Python,16064,1476,155.0,22.0
36,147,krafton-ai/KIRA,Python,712,97,121.0,9.0
37,144,OpenCoworkAI/open-cowork,TypeScript,634,64,316.0,11.0
38,144,laborany/laborany,TypeScript,50,4,244.0,5.0
39,137,vibeforge1111/vibeship-spark-intelligence,Python,114,31,984.0,7.0
40,136,okwinds/miscellany,Python,39,2,50.0,3.0
41,135,HAI3org/HAI3,TypeScript,27,33,676.0,18.0
42,134,williamzujkowski/standards,Python,13,0,176.0,2.0
43,130,netease-youdao/LobsterAI,TypeScript,3938,453,370.0,18.0
44,126,kyopark2014/mcp,Python,40,8,850.0,1.0
45,120,zylos-ai/zylos-core,JavaScript,735,67,367.0,9.0
46,117,ImGoodBai/goodable,TypeScript,161,34,130.0,3.0
47,114,onyx-dot-app/onyx-foss,Python,242,48,6781.0,183.0
48,108,laraxot/laravelpizza.com,PHP,26,22,505.0,2.0
49,108,outfitter-dev/agents,TypeScript,25,0,107.0,2.0
50,105,Heyvhuang/ship-faster,TypeScript,319,54,81.0,3.0
51,104,inboundemail/inbound,TypeScript,334,42,809.0,10.0
52,98,0xAxiom/AppFactory,TypeScript,127,23,156.0,5.0
53,96,bifrost-proxy/bifrost,Rust,12,0,394.0,3.0
54,96,snyk/agent-scan,Python,1873,186,376.0,11.0
55,94,mehdic/bazinga,Python,19,0,566.0,3.0
56,93,initializ/forge,Go,10,1,104.0,2.0
57,90,senweaver/senweaver-ide,TypeScript,15,0,63.0,4.0
58,84,gvkhosla/compound-engineering-pi,TypeScript,35,2,18.0,1.0
59,82,sfc-gh-dflippo/snowflake-dbt-demo,Python,31,8,301.0,2.0
60,81,pacphi/sindri,Rust,11,6,386.0,3.0
61,80,a5c-ai/babysitter,JavaScript,441,24,1028.0,10.0
62,74,hAcKlyc/MyAgents,TypeScript,112,21,882.0,2.0
63,74,AIDotNet/MoYuCode,TypeScript,74,15,62.0,1.0
64,74,eddiebelaval/squire,Python,14,3,13.0,1.0
65,72,peterfei/ai-agent-team,JavaScript,291,36,51.0,1.0
66,72,iOfficeAI/AionUi,TypeScript,18771,1469,2966.0,57.0
67,70,adoresever/AGI_Ananas,TypeScript,148,21,37.0,4.0
68,70,Yangchengshuai/Aerotri-Web,JavaScript,15,5,91.0,3.0
69,69,6BNBN/FlowPilot,TypeScript,101,7,169.0,1.0
70,68,countbot-ai/CountBot,Python,208,35,82.0,3.0
71,68,codexstar69/bug-hunter,JavaScript,95,1,58.0,1.0
72,66,AIDotNet/OpenCowork,TypeScript,165,36,160.0,3.0
73,66,openteams-lab/openteams,Rust,73,5,1781.0,53.0
74,64,Mulily0513/Omni,Python,15,1,2.0,1.0
75,64,undsky/RuoYi-SpringBoot3-Pro,Java,133,49,66.0,1.0
76,64,ArcaneOrion/Alice-Single,Python,13,2,75.0,1.0
77,64,Xerus-ai/openwork,TypeScript,31,1,41.0,4.0
78,64,MiniMax-AI/Mini-Agent,Python,1844,278,54.0,12.0
79,64,AizenvoltPrime/damocles,TypeScript,46,3,253.0,1.0
80,63,jmagly/aiwg,TypeScript,97,14,648.0,4.0
81,63,yazelin/ching-tech-os,Python,22,8,639.0,4.0
82,62,ThinkInAIXYZ/deepchat,TypeScript,5583,641,2686.0,61.0
83,60,bgauryy/octocode-mcp,TypeScript,751,59,373.0,6.0
84,60,spring-ai-community/spring-ai-agent-utils,Java,189,37,100.0,3.0
85,60,mitsuhiko/agent-stuff,TypeScript,1595,105,202.0,4.0
86,56,byteowlz/oqto,Rust,34,2,481.0,1.0
87,54,sunflowermm/XRK-AGT,JavaScript,88,6,619.0,1.0
88,54,malue-ai/dazee-small,Python,30,0,193.0,9.0
89,54,udecode/better-convex,TypeScript,379,28,393.0,9.0
90,54,Fu-Jie/openwebui-extensions,Python,112,9,802.0,6.0
91,52,zhu1090093659/CodeConductor,TypeScript,70,3,120.0,2.0
92,51,j5ik2o/oni-comb-rs,Rust,42,0,4288.0,5.0
93,50,vasilyu1983/AI-Agents-public,Python,41,9,26.0,1.0
94,48,s-hiraoku/vscode-sidebar-terminal,TypeScript,12,7,1657.0,6.0
95,48,aklofas/kicad-happy,Python,51,5,15.0,2.0
96,48,axiomhq/gilfoyle,TypeScript,196,10,175.0,5.0
97,48,matteocervelli/llms,Python,20,2,26.0,1.0
98,48,bitsoex/bitso-java,JavaScript,36,30,414.0,17.0
99,46,tercumantanumut/selene,TypeScript,146,28,1032.0,2.0
100,44,Taoidle/plan-cascade,Rust,95,6,579.0,11.0
101,44,astronomer/agents,Python,281,27,228.0,14.0
102,44,aicodingstack/aicodingstack.io,TypeScript,28,7,438.0,3.0
103,44,dp-archive/archive,Python,1111,97,195.0,2.0
104,43,AgentConnect/awiki-agent-id-message,Python,10,2,111.0,2.0
105,42,gqy20/IssueLab,Python,10,6,438.0,7.0
106,42,hannesill/m4,Python,23,10,378.0,11.0
107,42,XiaoMi/mone,Java,1149,179,4361.0,55.0
108,42,tomascupr/sandstorm,Python,426,40,70.0,5.0
109,42,thetahealth/mirobody,Python,973,183,54.0,9.0
110,42,aitytech/agentkits-marketing,Python,374,44,69.0,4.0
111,42,poteto/noodle,Go,119,6,1396.0,2.0
112,42,HoangTheQuyen/think-better,Python,58,11,43.0,4.0
113,42,Chen-zexi/open-ptc-agent,Python,693,80,44.0,1.0
114,42,Flexasaurusrex/OpenPaw,TypeScript,12,0,14274.0,800.0
115,42,jd-opensource/JoySafeter,Python,176,35,219.0,5.0
116,40,bytedance/deer-flow,Python,30569,3694,1608.0,124.0
117,40,merylldindin/helix,Python,13,0,1252.0,3.0
118,40,ArvorCo/Relentless,TypeScript,86,5,243.0,3.0
119,40,sammcj/agentic-coding,Python,108,18,370.0,3.0
120,39,j5ik2o/okite-ai,Python,73,2,248.0,2.0
121,38,mono/SkiaSharp,C#,5297,616,3306.0,101.0
122,38,openshift-eng/ai-helpers,Python,52,214,836.0,88.0
123,38,Alenryuichi/openmemory-plus,TypeScript,17,1,70.0,1.0
124,38,sjtu-sai-agents/EvoMaster,Python,27,14,95.0,7.0
125,36,sd0xdev/sd0x-dev-flow,JavaScript,86,12,174.0,1.0
126,36,jayasuryajsk/codex-kaioken,Rust,32,2,2248.0,248.0
127,36,kipeum86/contract-review-agent,Python,10,1,31.0,4.0
128,36,Qredence/agentic-fleet,Python,92,10,780.0,9.0
129,36,four-meme-community/four-meme-ai,JavaScript,11,5,8.0,1.0
130,36,ace-step/ACE-Step-1.5,Python,7861,887,1009.0,53.0
131,36,coltonbatts/VCR,Rust,21,0,148.0,1.0
132,36,adelpro/quran-search-engine,Python,19,37,26.0,1.0
133,36,vurakit/agentup,Python,55,15,10.0,1.0
134,36,soimy/atlasify,Python,35,5,103.0,3.0
135,35,AytuncYildizli/reprompter,JavaScript,19,3,76.0,4.0
136,34,zscole/adversarial-spec,Python,511,43,41.0,6.0
137,34,gannonh/kata-orchestrator,JavaScript,105,3,1855.0,2.0
138,34,shangyankeji/super-dev,Python,131,35,68.0,2.0
139,34,kaivyy/kabot,Python,21,6,343.0,4.0
140,34,raphaelmansuy/edgequake,Rust,1443,148,127.0,7.0
141,34,kasperjunge/agent-resources,Python,409,35,386.0,5.0
142,34,modelscope/ms-agent,Python,4059,472,794.0,47.0
143,34,rangerrick337/operator-os,Python,11,1,3.0,1.0
144,33,co-r-e/dexcode,TypeScript,13,1,57.0,1.0
145,33,PackmindHub/packmind,TypeScript,243,12,2594.0,11.0
146,33,jmandel/request-my-ehi,TypeScript,10,0,99.0,2.0
147,32,leandrosilvaferreira/gitai,Python,36,2,73.0,2.0
148,32,aliyun/alibabacloud-adb-mysql-mcp-server,Python,26,19,14.0,5.0
149,32,opencmit/alphora,Python,345,33,157.0,3.0
150,32,diillson/chatcli,Go,69,21,689.0,2.0
151,32,mukhbit0/Flutter-Theme-Generator,TypeScript,47,5,122.0,2.0
152,32,Project-N-E-K-O/N.E.K.O,Python,781,103,802.0,29.0
153,32,vudovn/antigravity-kit,TypeScript,6037,1192,28.0,7.0
154,30,OpenHands/extensions,Python,72,15,101.0,11.0
155,30,vedantb2/eva,TypeScript,33,2,1384.0,3.0
156,30,rm2thaddeus/Pixel_Detective,Python,16,3,337.0,1.0
157,30,getsentry/sentry-javascript,TypeScript,8602,1756,13437.0,670.0
158,30,adobe/helix-website,JavaScript,39,56,4564.0,53.0
159,30,intertwine/hive-orchestrator,Python,14,2,316.0,6.0
160,30,heroui-inc/heroui,TypeScript,28396,2073,4072.0,233.0
161,30,jewbetcha/openflight,Python,168,17,317.0,4.0
162,30,vinayakkulkarni/v-intl,TypeScript,14,2,2356.0,3.0
163,30,nex-agi/NexAU,Python,50,10,357.0,17.0
164,30,spboyer/sensei,TypeScript,20,4,50.0,3.0
165,30,zhuanggenhua/BoardGame,TypeScript,12,4,312.0,3.0
166,28,microsoft/WindowsAppSDK,C++,4457,423,1861.0,126.0
167,28,SimHacker/moollm,Python,34,4,2287.0,3.0
168,28,understudy-ai/understudy,TypeScript,226,12,14.0,2.0
169,28,xenitV1/Antigravity-Workflows,Python,129,21,23.0,3.0
170,28,openaeon/OpenAEON,TypeScript,14,1,15.0,1.0
171,28,pymc-labs/decision-hub,Python,37,3,449.0,6.0
172,28,rand/cc-polymath,Python,80,5,158.0,2.0
173,28,ReinaMacCredy/maestro,TypeScript,23,3,562.0,3.0
174,28,eosphoros-ai/DB-GPT,Python,18260,2570,3289.0,171.0
175,27,moorestech/moorestech,C#,63,7,9821.0,15.0
176,27,cluesmith/codev,TypeScript,247,34,2515.0,3.0
177,27,chrispangg/deepagentsdk,TypeScript,107,11,167.0,4.0
178,27,srbhr/Resume-Matcher,TypeScript,26305,4742,1055.0,73.0
179,27,huangrt01/CS-Notes,Python,3947,484,819.0,4.0
180,26,ThierryN/fire-flow,Python,58,19,2.0,1.0
181,26,jonathan-vella/azure-agentic-infraops-accelerator,Python,16,16,24.0,4.0
182,26,jonathan-vella/azure-agentic-infraops,Python,164,61,492.0,6.0
183,26,Agents2AgentsAI/ata,Rust,67,3,4843.0,374.0
184,26,opendatahub-io/ai-helpers,Python,18,30,180.0,16.0
185,26,deepeshBodh/human-in-loop,Python,24,1,223.0,1.0
186,26,i2y/castella,Python,39,1,331.0,1.0
187,26,memovai/memov,Python,164,17,172.0,3.0
188,26,Kilo-Org/kilo-marketplace,Python,53,16,211.0,31.0
189,26,lintendo/Axhub-Make,TypeScript,26,9,64.0,2.0
190,26,microsoft/PowerToys,C#,130508,7775,8955.0,607.0
191,24,lofcz/LLMTornado,C#,573,95,1743.0,24.0
192,24,2025Emma/vibe-coding-cn,Python,14463,1594,130.0,2.0
193,24,shapeshift/web,TypeScript,201,201,7113.0,109.0
194,24,t0dorakis/murmur,TypeScript,20,0,88.0,1.0
195,24,elizaOS/eliza,TypeScript,17797,5452,17562.0,652.0
196,24,ruvnet/ruflo,TypeScript,21050,2318,5960.0,12.0
197,24,alibaba/higress,Go,7770,1029,1601.0,165.0
198,24,nuclia/frontend,TypeScript,55,18,2632.0,29.0
199,24,itxaiohanglover/mcp-codestyle-server,Java,48,7,109.0,8.0
200,24,Kurarion/Genshin-Calc,TypeScript,72,8,370.0,2.0
201,24,cofy-x/deck,TypeScript,11,2,22.0,1.0
202,24,giuseppe-trisciuoglio/developer-kit,Python,161,11,380.0,3.0
203,24,loonghao/auroraview,Rust,28,4,886.0,4.0
204,22,wordflowlab/agentsdk,Go,13,2,68.0,1.0
205,22,letta-ai/lettabot,TypeScript,270,63,425.0,21.0
206,22,SpartanLabsXyz/simmer-sdk,Python,33,10,322.0,4.0
207,22,Tai-ch0802/arc-like-chrome-extension,JavaScript,35,2,420.0,4.0
208,22,PaddlePaddle/PaddleOCR,Python,72293,9959,6851.0,285.0
209,22,AndurilCode/mcp-apps-kit,TypeScript,13,2,229.0,7.0
210,22,mangiapanejohn-dev/Resonix-AG,TypeScript,26,0,12909.0,749.0
211,22,karaage0703/ai-assistant-workspace,Python,12,2,8.0,1.0
212,21,canonical/copilot-collections,Python,16,9,56.0,10.0
213,21,mikeyobrien/rho,TypeScript,325,25,442.0,4.0
214,21,magicseek/nblm,Python,25,2,152.0,3.0
215,20,Cratis/Chronicle,C#,38,8,15832.0,16.0
216,20,tsinghua-fib-lab/AgentSociety,Python,855,156,491.0,15.0
217,20,wukongrobot/wukongbot,TypeScript,14,0,14.0,1.0
218,20,NJX-njx/opensoul,TypeScript,42,5,189.0,7.0
219,20,Safphere/opencowork,TypeScript,297,58,41.0,2.0
220,20,khoj-ai/pipali,TypeScript,42,11,428.0,3.0
221,20,letta-ai/letta-code,TypeScript,1847,186,1411.0,24.0
222,20,EvoScientist/EvoScientist,Python,29,0,343.0,6.0
223,20,uberdeveloper/fastbt,Python,26,17,657.0,4.0
224,20,go-mizu/mizu,Go,45,3,1862.0,2.0
225,20,ahaodev/heji,TypeScript,55,15,1550.0,3.0
226,20,Lingyuzhou111/dow-ipad-859,Python,197,45,178.0,2.0
227,20,finos/morphir,Rust,184,64,4246.0,61.0
228,20,asklokesh/loki-mode,Python,728,146,554.0,5.0
229,20,ezbuy/ezorm,Go,50,21,488.0,22.0
230,20,dotnet/maui,C#,23210,1926,19232.0,690.0
231,19,whuanle/EasyTouch,C#,29,10,27.0,1.0
232,18,GovTechSG/sgds-web-component,TypeScript,12,5,3303.0,18.0
233,18,module-federation/core,JavaScript,2469,396,3674.0,194.0
234,18,OriNachum/autonomous-intelligence,Python,220,15,445.0,2.0
235,18,bradautomates/head-of-content,Python,37,7,7.0,1.0
236,18,didi/mpx,JavaScript,3878,391,12824.0,121.0
237,18,Hmbown/rlmagents,Python,44,2,688.0,58.0
238,18,yoshiko-pg/difit,TypeScript,2268,101,513.0,43.0
239,18,jerrywu001/vue3-toastify,Python,541,48,178.0,12.0
240,18,LazyAGI/LazyLLM,Python,3747,364,934.0,43.0
241,18,lambdaclass/ethlambda,Rust,71,13,152.0,4.0
242,18,goplus/llcppg,Go,29,11,863.0,10.0
243,18,agents-flex/agents-flex,Java,1326,114,1194.0,53.0
244,18,mrvladd-d/memobank,JavaScript,31,8,3.0,1.0
245,18,LetPeopleWork/Lighthouse,TypeScript,12,1,4060.0,5.0
246,18,ValidatorsDAO/slv,TypeScript,85,12,858.0,12.0
247,18,maestromaximo/codex-local-sdk-python,Python,13,1,20.0,1.0
248,18,hect0x7/jmcomic-ai,Python,17,2,10.0,1.0
249,18,openshift-online/maestro,Go,17,33,420.0,17.0
250,18,dagster-io/erk,Python,74,7,4089.0,4.0
251,17,wjgoarxiv/antigravity-swarm,Python,104,13,35.0,2.0
252,16,intel/confidential-computing-zoo,C++,349,66,566.0,33.0
253,16,qnguyen3/qqcode,Python,49,14,133.0,5.0
254,16,draco-agent/tech-news-digest,Python,36,8,201.0,2.0
255,16,OniReimu/Ageaf,TypeScript,11,0,166.0,1.0
256,16,j-r-beckett/SpeedReader,C++,10,1,677.0,1.0
257,16,openstatusHQ/data-table-filters,TypeScript,1882,114,126.0,9.0
258,16,xinthink/reader-mcp-server,Python,11,5,29.0,2.0
259,16,w-winter/dot314,TypeScript,62,5,172.0,3.0
260,16,thapaliyabikendra/ai-artifacts,Python,15,4,41.0,5.0
261,16,dongbeixiaohuo/writing-agent,JavaScript,109,29,35.0,1.0
262,16,andyrewlee/amux,Go,48,1,299.0,1.0
263,16,merill/msgraph,Go,35,0,42.0,2.0
264,16,next-safe-action/next-safe-action,TypeScript,3008,46,708.0,23.0
265,16,smixs/agent-second-brain,Python,176,154,88.0,3.0
266,16,vana-com/data-connect,TypeScript,21,3,662.0,10.0
267,16,manusco/resonance,Python,34,6,54.0,2.0
268,16,hunghg255/reactjs-tiptap-editor,TypeScript,677,154,688.0,33.0
269,16,blueberrycongee/Lumina-Note,TypeScript,747,80,1494.0,6.0
270,15,00xLazy/TradeOS,TypeScript,18,1,27.0,1.0
271,15,espennilsen/pi,TypeScript,25,0,181.0,1.0
272,15,buluslan/ecommerce-competitor-analyzer,JavaScript,25,7,23.0,1.0
273,15,adityamparikh/maven-to-gradle,Python,11,1,9.0,1.0
274,15,RinDig/Interpreted-Context-Methdology,Python,123,26,14.0,1.0
275,15,Illuminated2020/DeepAgents-AutoGLM,Python,105,13,37.0,1.0
276,14,joeseesun/qiaomu-x-article-publisher,Python,68,11,4.0,1.0
277,14,holon-run/holon,Go,78,6,472.0,4.0
278,14,stolostron/multicluster-global-hub,Go,22,36,1861.0,26.0
279,14,frmlabz/frm-stack,TypeScript,26,4,35.0,1.0
280,14,EvoMap/evolver,JavaScript,1546,173,229.0,7.0
281,14,storyblok/monoblok,TypeScript,40,21,10160.0,125.0
282,14,Devolutions/UniGetUI,C#,21846,737,7743.0,100.0
283,14,xiaowanjiagit/linuxdo,JavaScript,52,23,2.0,1.0
284,14,awslabs/mcp,Python,8454,1352,1381.0,245.0
285,14,opensesh/OS_design-directory,TypeScript,10,2,549.0,1.0
286,14,DNYoussef/context-cascade,Python,22,6,238.0,1.0
287,14,PlagueHO/microsoft-foundry-jumpstart,Python,10,7,622.0,2.0
288,14,openclix/openclix,TypeScript,31,1,50.0,2.0
289,14,yctimlin/mcp_excalidraw,JavaScript,1436,132,72.0,13.0
290,14,darrenhinde/OpenAgentsControl,TypeScript,2674,232,210.0,11.0
291,14,noir-lang/noir,Rust,1322,375,7217.0,119.0
292,14,jewbetcha/opentrace,TypeScript,46,1,32.0,1.0
293,13,CryptoLabInc/rune,Python,13,2,45.0,3.0
294,13,builderz-labs/mission-control,TypeScript,2523,426,235.0,20.0
295,13,heleninsights-dot/phd-deepread-workflow,Python,11,0,13.0,1.0
296,12,vinayakkulkarni/vue-nuxt-best-practices,TypeScript,36,2,16.0,2.0
297,12,ChicagoHAI/NeuriCo,Python,28,2,146.0,4.0
298,12,baidu-baige/LoongFlow,Python,376,43,40.0,6.0
299,12,google-gemini/gemini-cli,TypeScript,97734,12256,5297.0,577.0
300,12,Yourdaylight/stock_datasource,Python,62,17,186.0,6.0
301,12,mikkelkrogsholm/ai-laegens-bord,JavaScript,37,3,5.0,1.0
302,12,brsbl/ottonomous,JavaScript,11,1,261.0,2.0
303,12,fellipeutaka/kanpeki,TypeScript,29,1,349.0,3.0
304,12,langchain-ai/deepagents,Python,10921,1751,939.0,79.0
305,12,TalexCK/Codex-Listener,Python,11,2,10.0,2.0
306,12,jingerpie/ocean-dataview,TypeScript,57,3,300.0,2.0
307,12,jzila/canopy,Go,28,5,719.0,5.0
308,12,michaeldcanady/servicenow-sdk-go,Go,28,9,975.0,8.0
309,12,No-Trade-No-Life/Yuan,TypeScript,349,51,2406.0,8.0
310,12,nicepkg/vsync,TypeScript,28,1,240.0,3.0
311,12,wecode-ai/Wegent,Python,481,71,1242.0,34.0
312,12,zai-org/GLM-OCR,Python,1961,146,43.0,8.0
313,12,seiggy/lucia-dotnet,C#,38,5,214.0,3.0
314,12,HyunjunJeon/Deepagent-research-context-engineering,Python,46,22,40.0,1.0
315,12,github/gh-aw-firewall,TypeScript,44,15,410.0,7.0
316,12,faidd/faidd,TypeScript,12,0,57.0,1.0
317,12,quan0715/QJudge,TypeScript,27,0,524.0,3.0
318,12,mco-org/mco,Python,194,19,83.0,1.0
319,12,tuanngocptn/nport,TypeScript,476,98,59.0,1.0
320,12,Forget-C/Jellyfish,TypeScript,104,12,37.0,2.0
321,12,agno-agi/agno,Python,38698,5116,5283.0,402.0
322,12,EnvyGithub/codex,Rust,14,2,3401.0,338.0
323,12,open-mercato/open-mercato,TypeScript,1084,179,1823.0,68.0
324,12,adobe/spectrum-web-components,TypeScript,1493,244,5141.0,140.0
325,12,rohitg00/kubectl-mcp-server,Python,849,166,127.0,7.0
326,12,FaberSober/fa-antd-admin,TypeScript,20,3,717.0,2.0
327,12,IanShaw027/wemp-operator,JavaScript,54,15,3.0,1.0
328,12,build-trust/autonomy,Python,27,8,230.0,2.0
329,12,ChaosChain/chaoschain,TypeScript,22,15,199.0,6.0
330,12,udayvunnam/xng-breadcrumb,TypeScript,246,66,317.0,17.0
331,12,alonw0/web-asset-generator,Python,209,17,12.0,2.0
332,12,ScriptedAlchemy/codex-native,Rust,17,7,4009.0,344.0
333,12,ZSPSTRIVE/SpringAI-langchain-StudyBot,Java,46,8,29.0,1.0
334,12,TsingmaoAI/xw-cli,Go,308,34,107.0,6.0
335,11,The-Universal-BRC-20-Extension/Simplicity,Python,11,4,8.0,2.0
336,11,hah23255/adb-android-control,Python,79,8,8.0,1.0
337,10,CRJFisher/ariadne,TypeScript,16,1,1436.0,3.0
338,10,baotoq/micro-commerce,C#,93,25,1271.0,2.0
339,10,DwainTR/superpowers-copilot,JavaScript,10,0,2.0,1.0
340,10,EthanAlgoX/MarketBot,Python,55,9,322.0,1.0
341,10,XSpoonAi/spoon-core,Python,364,45,599.0,23.0
342,10,alibaizhanov/mengram,Python,100,10,297.0,1.0
343,10,heavy3-ai/code-audit,Python,41,14,16.0,1.0
344,10,Minh-Tam-Solution/tinysdlc,TypeScript,10,8,40.0,1.0
345,10,SakanaAI/ShinkaEvolve,Python,910,182,167.0,18.0
346,10,fengshao1227/ccg-workflow,Go,3618,247,186.0,9.0
347,10,GoPlusSecurity/agentguard,TypeScript,354,54,18.0,2.0
348,10,aallan/vera,Python,40,2,434.0,3.0
349,10,eclipse-rdf4j/rdf4j,Java,396,180,7503.0,110.0
350,10,HKUDS/nanobot,Python,33504,5575,1278.0,166.0
351,10,drn/dots,Go,23,4,2484.0,3.0
352,10,angular/angular,TypeScript,100082,27125,36748.0,2586.0
353,10,goorm-dev/vapor-ui,TypeScript,33,10,414.0,15.0
354,10,glaucia86/mba-ai-fullcycle,TypeScript,18,3,94.0,1.0
355,10,coveo/ui-kit,TypeScript,65,42,6665.0,103.0
356,10,OrangeViolin/content-pipeline,TypeScript,40,7,2.0,1.0
357,10,arch-team/devpace,JavaScript,33,2,337.0,1.0
358,10,huggingface/kernels,Python,498,52,314.0,19.0
359,10,hypurrquant/perp-cli,TypeScript,17,3,196.0,2.0
360,10,jnarowski/agentcmd,TypeScript,14,5,177.0,3.0
361,10,junevm/splathash,Go,183,5,26.0,2.0
362,10,leeguooooo/Mailbox,JavaScript,36,5,116.0,2.0
363,10,NASA-AMMOS/slim,JavaScript,31,14,845.0,12.0
364,10,abdullah1854/MCPGateway,TypeScript,12,2,55.0,2.0
365,10,asheshgoplani/agent-deck,Go,1523,153,1042.0,39.0
366,10,neondatabase/ai-rules,TypeScript,81,9,70.0,9.0
367,10,nilenso/context-viewer,TypeScript,56,2,190.0,2.0
368,10,0range-x/triple-layer-memory,Python,12,0,7.0,1.0
369,10,noxonsu/unifactory,TypeScript,23,46,601.0,11.0
370,10,pardnchiu/Agenvoy,Go,16,0,119.0,1.0
371,10,treefarmstudio/sapling,TypeScript,36,0,281.0,1.0
372,10,vinhnx/VTCode,Rust,434,39,4839.0,12.0
373,10,whinc/ucalc-website,TypeScript,49,17,67.0,1.0
374,10,AIPexStudio/AIPex,TypeScript,1096,109,347.0,8.0
375,9,hoangsonww/AI-Gov-Content-Curator,TypeScript,24,11,426.0,3.0
376,9,frumu-ai/tandem,Rust,73,7,1206.0,5.0
377,9,nahisaho/MUSUBIX,TypeScript,11,2,208.0,1.0
378,9,0xNyk/xint,TypeScript,51,3,86.0,1.0
379,9,chongdashu/phaserjs-oakwoods,TypeScript,55,26,2.0,1.0
380,8,mono/SkiaSharp.Extended,C#,259,73,355.0,19.0
381,8,fabianocruz/assistente-compras-ifood,Python,24,4,4.0,2.0
382,8,OpenXiangShan/GEM5,C++,129,71,21094.0,414.0
383,8,youware-labs/pai-agent-sdk,Python,16,4,144.0,2.0
384,8,mugubr/django_base,Python,10,1,12.0,1.0
385,8,aliyun/alibabacloud-dms-mcp-server,Python,30,15,171.0,9.0
386,8,garrytan/gstack,TypeScript,10544,1255,48.0,2.0
387,8,liza-mas/liza,Go,76,18,567.0,3.0
388,8,GoogleCloudPlatform/scion,Go,17,3,1690.0,2.0
389,8,manthanabc/paws,Rust,11,2,2420.0,30.0
390,8,inclusionAI/AEnvironment,Python,260,31,76.0,7.0
391,8,fabriqaai/specs.md,TypeScript,76,7,708.0,5.0
392,8,PlayersCommittee/gemp-swccg-public,Java,30,35,1013.0,22.0
393,8,camel-ai/camel,Python,16344,1821,2146.0,199.0
394,8,PaulKinlan/NotebookLM-Chrome,TypeScript,60,2,521.0,6.0
395,8,godmakereth/vibe-coding-tw,Python,30,3,96.0,4.0
396,8,UKGovernmentBEIS/inspect_ai,Python,1828,426,4890.0,193.0
397,8,robtaylor/excalidraw-diagrams,Python,20,3,37.0,1.0
398,8,lsp-client/lsp-client,Python,25,2,248.0,4.0
399,8,proffesor-for-testing/sentinel-api-testing,Python,36,9,144.0,2.0
400,8,wowsignal-io/pedro,Rust,19,7,649.0,3.0
401,8,Nunchi-trade/agent-cli,Python,181,66,64.0,1.0
402,8,IceHugh/btc-connect,TypeScript,18,7,73.0,1.0
403,8,getsentry/dotagents,TypeScript,104,5,126.0,6.0
404,8,ZhuLinsen/daily_stock_analysis,Python,20078,20715,412.0,52.0
405,8,PaulKinlan/Co-do,TypeScript,75,8,276.0,6.0
406,8,apache/shardingsphere,Java,20703,6913,48456.0,752.0
407,8,bitovi/superconnect,JavaScript,23,0,237.0,3.0
408,8,inspirepan/klaude-code,Python,14,3,2598.0,7.0
409,8,enuno/unifi-mcp-server,Python,68,14,279.0,8.0
410,8,wasp-lang/wasp,TypeScript,18184,1433,2690.0,112.0
411,8,axtonliu/smart-illustrator,TypeScript,407,57,61.0,1.0
412,8,bubbuild/bub,Python,967,85,283.0,18.0
413,8,jdillon/vscode-beads,TypeScript,40,11,147.0,3.0
414,8,Tiberriver256/mcp-server-azure-devops,TypeScript,346,116,229.0,14.0
415,8,microsoft/fabric-cli,Python,91,35,110.0,16.0
416,8,ouro-ai-labs/ouro,Python,31,4,181.0,2.0
417,8,umputun/cc-thingz,Python,174,11,22.0,2.0
418,8,Ibrahim-3d/conductor-orchestrator-superpowers,Python,275,30,18.0,1.0
419,8,hhhh124hhhh/godot-mcp,TypeScript,20,2,65.0,3.0
420,8,tsparticles/tsparticles,TypeScript,8733,931,14466.0,89.0
421,8,trsoliu/mini-wiki,Python,46,1,29.0,1.0
422,8,tomtom-international/tomtom-mcp,TypeScript,42,20,444.0,10.0
423,8,kalil0321/reverse-api-engineer,Python,480,39,215.0,5.0
424,8,kevinwatt/yt-dlp-mcp,TypeScript,226,50,83.0,7.0
425,8,team-attention/agent-council,JavaScript,115,23,16.0,2.0
426,8,JinFanZheng/kode-sdk-csharp,C#,56,18,32.0,3.0
427,8,southliu/south-admin-react,TypeScript,540,98,687.0,5.0
428,8,onukura/oss-sustain-guard,Python,18,0,337.0,3.0
429,8,sorryhyun/DiPeO,Python,12,2,1532.0,3.0
430,8,sinedied/sympakt,TypeScript,26,1,60.0,1.0
431,8,openai/openai-agents-python,Python,19988,3265,1225.0,223.0
432,8,sem-technology/gtm-copilot,Python,19,1,20.0,2.0
433,7,rokoss21/swarm-iosm,Python,33,4,12.0,2.0
434,6,PKU-Alignment/VLA-Arena,Python,132,8,30.0,3.0
435,6,ShunsukeHayashi/Miyabi,TypeScript,16,8,338.0,6.0
436,6,growupanand/ConvoForm,TypeScript,102,32,533.0,6.0
437,6,Abilityai/cornelius,Python,74,20,19.0,1.0
438,6,ALBEDO-TABAI/video-copy-analyzer,Python,108,8,8.0,3.0
439,6,dmitriiweb/extract-emails,Python,108,38,306.0,8.0
440,6,cavit99/mlx-LLM-cheatsheet,Python,25,1,16.0,1.0
441,6,cloudflare/moltworker,TypeScript,9610,1737,92.0,12.0
442,6,elophanto/EloPhanto,Python,34,5,277.0,3.0
443,6,zstmfhy/annas-to-notebooklm,Python,199,22,6.0,2.0
444,6,Stepuuu/portfolio-daily-tracker,Python,29,4,12.0,1.0
445,6,zhayujie/chatgpt-on-wechat,Python,42208,9827,1569.0,102.0
446,6,Lombiq/Open-Source-Orchard-Core-Extensions,C#,55,21,15139.0,36.0
447,6,htdt/godogen,Python,125,13,7.0,1.0
448,6,xiao-zaiyi/illa-helper,TypeScript,2777,140,160.0,8.0
449,6,polarsource/polar,Python,9547,677,13817.0,118.0
450,6,Stage-11-Agentics/lattice,Python,24,2,411.0,2.0
451,6,pigweed-project/pigweed,C++,473,113,15601.0,389.0
452,6,wrenfix/oag,JavaScript,13,3,16.0,1.0
453,6,hzqst/metamod-fallguys,C++,16,5,581.0,3.0
454,6,nairiai/nairid,Go,21,2,283.0,4.0
455,6,AAYUSH412/Real-Estate-Website,TypeScript,68,43,87.0,1.0
456,6,mghasemi/Irene,Python,15,1,67.0,1.0
457,6,saleor/saleor-dashboard,TypeScript,986,1197,4976.0,123.0
458,6,Luohaothu/everything-codex,JavaScript,11,1,92.0,24.0
459,6,rwjdk/MicrosoftAgentFrameworkSamples,C#,202,68,176.0,4.0
460,6,bradsjm/hassio-addons,Python,38,40,161.0,6.0
461,6,PleasePrompto/ductor,Python,136,17,238.0,6.0
462,6,rsdouglas/janee,TypeScript,23,5,191.0,3.0
463,6,involvex/youtube-music-cli,TypeScript,248,10,199.0,4.0
464,6,Kuadrant/dns-operator,Go,10,17,813.0,19.0
465,6,IvanLi-CN/tavily-hikari,Rust,150,30,729.0,2.0
466,6,minitap-ai/mobile-use,Python,2311,191,861.0,14.0
467,6,volcengine/OpenViking,Python,10646,722,378.0,57.0
468,6,rp1-run/rp1,TypeScript,11,3,215.0,4.0
469,6,dojoengine/dojo,Rust,481,206,2721.0,111.0
470,6,vkehfdl1/slides-grab,JavaScript,128,25,50.0,2.0
471,6,jcfischer/supertag-cli,TypeScript,35,5,350.0,2.0
472,6,wjt0321/china-stock-analyst,Python,10,4,18.0,2.0
473,6,ChicagoHAI/OpenAIReview,Python,43,4,73.0,6.0
474,6,ImCa0/just-laws,Python,710,88,125.0,5.0
475,6,vercel-labs/portless,TypeScript,5158,166,53.0,12.0
476,6,vercel-labs/json-render,TypeScript,12538,669,177.0,14.0
477,6,YesWeAreBot/YesImBot,TypeScript,168,9,854.0,2.0
478,6,dojoengine/torii,Rust,10,5,1234.0,36.0
479,6,microsoft/agent-framework,Python,7929,1312,1683.0,106.0
480,6,ProvableHQ/snarkVM,Rust,1153,1543,13782.0,97.0
481,6,dyoshikawa/rulesync,TypeScript,891,82,2982.0,50.0
482,6,loonghao/vx,Rust,19,2,1188.0,5.0
483,6,vaayne/agent-kit,TypeScript,30,2,169.0,2.0
484,6,VisActor/VChart,TypeScript,1771,208,7966.0,47.0
485,6,Code-MonkeyZhang/mini-agent-ts,TypeScript,10,1,84.0,2.0
486,6,JubaKitiashvili/everything-react-native-expo,JavaScript,16,0,97.0,1.0
487,6,agenticsorg/hackathon-tv5,TypeScript,23,40,39.0,5.0
488,6,Woyken/py-huckleberry-api,Python,19,10,76.0,6.0
489,6,Jovancoding/Network-AI,TypeScript,20,7,224.0,5.0
490,6,ricardoquesada/regenerator2000,Rust,72,6,868.0,4.0
491,6,hamr0/liteagents,JavaScript,12,2,159.0,3.0
492,6,zai-org/GLM-V,Python,2219,152,77.0,8.0
493,6,luke-h1/foam,TypeScript,11,0,583.0,4.0
494,6,microwind/design-patterns,Java,101,21,300.0,3.0
495,6,AliyunContainerService/terway,Go,600,162,1825.0,51.0
496,6,tscircuit/cli,TypeScript,16,55,2231.0,21.0
497,6,AndreaGriffiths11/IssueCrush,TypeScript,10,3,73.0,7.0
498,6,nirholas/agenti,TypeScript,42,12,182.0,4.0
499,6,boundless-xyz/boundless,Rust,195,167,1285.0,27.0
500,6,hdkiller/coach,TypeScript,41,5,3547.0,7.0
501,6,timrogers/iata-code-decoder-api,TypeScript,26,10,1694.0,3.0
502,6,d2learn/xlings,C++,572,44,364.0,4.0
503,6,anthonylee991/gemini-superpowers-antigravity,Python,640,72,9.0,2.0
504,6,TheCardGoat/tcg-engines,TypeScript,12,5,387.0,6.0
505,6,timothywarner-org/agents2,Python,10,10,18.0,1.0
506,6,kcaldas/genie,Go,11,0,646.0,1.0
507,6,thangchung/agent-engineering-experiment,C#,12,1,23.0,1.0
508,6,NguyenSiTrung/Conductor-Beads,Python,20,4,26.0,3.0
509,6,airas-org/airas,Python,23,0,1870.0,12.0
510,6,ServiceStack/llms,JavaScript,598,26,730.0,3.0
511,6,blockscout/mcp-server,Python,34,18,180.0,5.0
512,6,ramo4040/olyx-ui,TypeScript,15,1,264.0,3.0
513,6,kitchen-engineer42/Anything2Ontology,Python,72,15,10.0,2.0
514,6,ramimac/unprompted,Python,13,5,2.0,2.0
515,6,kongfoo-ai/internTA,Python,26,5,120.0,6.0
516,6,sunholo-data/sunholo-py,Python,17,1,1512.0,4.0
517,6,TenureAI/PhD-Zero,Python,39,2,47.0,3.0
518,6,felixAnhalt/opencode-worktree-session,TypeScript,21,0,19.0,2.0
519,6,atilladeniz/Kubeli,TypeScript,311,26,341.0,4.0
520,6,marigold-ui/marigold,TypeScript,137,11,4605.0,27.0
521,6,STUkh/sparq-assistant,JavaScript,17,3,4.0,1.0
522,6,datapizza-labs/rag-dataset-builder,Python,45,5,14.0,5.0
523,6,amszuidas/mini-opencode,Python,111,36,105.0,3.0
524,6,sherifkozman/the-red-council,Python,14,2,193.0,3.0
525,6,sgl-project/sglang,Python,24453,4817,10589.0,1191.0
526,6,Harmeet10000/AgentNexus-LangChain-FastAPI,Python,21,4,46.0,1.0
527,6,langchain4j/langchain4j,Java,11111,2032,3101.0,365.0
528,6,OthmanAdi/planning-with-teams,Python,13,3,9.0,2.0
529,6,ldclabs/KIP,Python,56,3,42.0,1.0
530,5,seojoonkim/prompt-guard,Python,125,23,74.0,9.0
531,5,viames/pair,PHP,10,2,500.0,3.0
532,5,ythx-101/antigravity-bridge,Python,55,11,7.0,1.0
533,5,fr33d3m0n/threat-modeling,Python,200,25,19.0,1.0
534,5,Niceck/hhxg-top-hhxg-python,Python,17,3,27.0,1.0
535,5,telagod/code-abyss,JavaScript,104,10,91.0,2.0
536,4,Wuuu-uu/nanobot-feishu-specilized,Python,11,1,194.0,23.0
537,4,0xSero/vllm-studio,TypeScript,289,23,258.0,1.0
538,4,WOWCharlotte/nanobot-learn,Python,15,4,923.0,115.0
539,4,MigoXLab/coderio,TypeScript,89,10,9.0,4.0
540,4,Xaiver03/openwork-cn,TypeScript,10,3,75.0,11.0
541,4,tungnk123/mobile-best-practices,Python,14,4,74.0,1.0
542,4,Codennnn/Green-Wall,TypeScript,793,43,443.0,8.0
543,4,umbraco/Umbraco-CMS-MCP-Dev,TypeScript,31,4,240.0,10.0
544,4,chdb-io/chdb,Python,2639,106,3177.0,17.0
545,4,vinayakkulkarni/v-image,TypeScript,40,4,3325.0,5.0
546,4,YYHDBL/MyCodeAgent,Python,152,31,79.0,1.0
547,4,0MeMo07/Quran-Web-Application,TypeScript,11,3,43.0,1.0
548,4,taurgis/sfcc-dev-mcp,TypeScript,24,9,531.0,4.0
549,4,vinayakkulkarni/v-pip,TypeScript,35,6,2737.0,4.0
550,4,vinayakkulkarni/v-spotlight,TypeScript,10,1,1109.0,3.0
551,4,vinayakkulkarni/v-tweakpane,TypeScript,37,6,4162.0,3.0
552,4,vinayakkulkarni/vue-identify-network,TypeScript,69,9,2269.0,4.0
553,4,stuckinaboot/net-public,TypeScript,11,1,224.0,2.0
554,4,wanikua/become-ceo,TypeScript,39,5,72.0,3.0
555,4,waynesutton/markdown-site,TypeScript,588,90,158.0,1.0
556,4,wieslawsoltes/TreeDataGrid,C#,10,0,940.0,20.0
557,4,wshobson/agents,Python,31239,3426,242.0,41.0
558,4,asteroid-belt/skulto,Go,27,0,96.0,4.0
559,4,Apra-Labs/ApraPipes,C++,33,36,398.0,25.0
560,4,goldengrape/Agent-company,Python,35,4,32.0,1.0
561,4,ArtificialAnalysis/Stirrup,Python,325,31,46.0,5.0
562,4,ArtificialAnalysis/StirrupJS,TypeScript,14,0,22.0,2.0
563,4,cazala/party,TypeScript,53,1,657.0,2.0
564,4,d3nd3/sof_buddy,C,15,0,150.0,1.0
565,4,0verL1nk/PaperSage,Python,32,7,80.0,2.0
566,4,WebMCP-org/npm-packages,TypeScript,34,5,433.0,5.0
567,4,OmerFarukOruc/antigravity-dashboard,TypeScript,33,2,38.0,3.0
568,4,fabric8io/kubernetes-client,Java,3630,1506,7358.0,407.0
569,4,castorini/nuggetizer,Python,24,3,99.0,4.0
570,4,castorini/umbrela,Python,54,8,91.0,3.0
571,4,MemTensor/MemOS,Python,6877,617,1085.0,43.0
572,4,getsentry/junior,TypeScript,34,3,303.0,3.0
573,4,huggingface/community-evals,Python,11,1,16.0,1.0
574,4,M5Fly-kanazawa/stampfly_ecosystem,C,19,1,814.0,1.0
575,4,UniRound-Tec/Aurogen,TypeScript,419,100,43.0,2.0
576,4,LSTM-Kirigaya/Tiphareth,TypeScript,24,1,67.0,2.0
577,4,inconvoai/inconvo,TypeScript,95,7,656.0,3.0
578,4,inocan-group/inferred-types,TypeScript,18,0,1807.0,1.0
579,4,instavm/coderunner,Python,802,36,83.0,2.0
580,4,duongductrong/cursor-kit,TypeScript,13,1,113.0,2.0
581,4,This-Is-Captain-Code/monagotchi,C++,14,1,23.0,2.0
582,4,jmagar/unraid-mcp,Python,42,23,115.0,2.0
583,4,ThirdKeyAI/SchemaPin,Python,13,6,104.0,2.0
584,4,greekr4/playwright-bot-bypass,JavaScript,131,8,9.0,1.0
585,4,joshyorko/rcc,Go,21,1,150.0,3.0
586,4,VisActor/VTable,TypeScript,3488,454,9025.0,120.0
587,4,JoshKarpel/counterweight,Python,18,2,269.0,4.0
588,4,The-17/agentsecrets,Go,63,7,49.0,2.0
589,4,coleam00/ottomator-agents,Python,5438,1890,91.0,3.0
590,4,langchain-ai/deepagentsjs,TypeScript,797,117,343.0,22.0
591,4,deeeeeeeeap/nanobot-custom,Python,40,13,127.0,1.0
592,4,liang121/video-summarizer,Python,13,0,14.0,1.0
593,4,bradautomates/second-brain,Python,55,17,3.0,1.0
594,4,liyecom/liye-ai,JavaScript,33,4,197.0,2.0
595,4,llnl/smith,C++,226,36,11038.0,32.0
596,4,decentpaste/decentpaste,Rust,160,7,277.0,1.0
597,4,mayswind/ezbookkeeping,Go,4463,474,3127.0,28.0
598,4,mckinsey/vizro,Python,3632,254,1149.0,39.0
599,4,codemie-ai/codemie-code,TypeScript,162,32,233.0,19.0
600,4,amir-arad/tweakpane-table,JavaScript,17,2,26.0,2.0
601,4,mikahama/uralicNLP,Python,93,7,232.0,12.0
602,4,guqiong96/Lsglang,Python,42,4,10554.0,1184.0
603,4,mitkox/dede,C#,26,5,2.0,1.0
604,4,mnemox-ai/tradememory-protocol,Python,89,17,125.0,1.0
605,4,Harryoung/efka,Python,94,17,152.0,1.0
606,4,amachino/qubex,Python,16,12,2707.0,11.0
607,4,Snowflake-Labs/polaris-local-forge,Python,16,3,69.0,2.0
608,4,nathanfhh/nbp-web-gen,JavaScript,10,2,763.0,3.0
609,4,accomplish-ai/accomplish,TypeScript,9773,1074,348.0,29.0
610,4,HKUDS/DeepCode,Python,14890,2011,139.0,8.0
611,4,nicofretti/DataGenFlow,Python,26,9,173.0,8.0
612,4,alvinunreal/oh-my-opencode-slim,TypeScript,2089,154,154.0,23.0
613,4,onevcat/xin,Rust,14,0,165.0,1.0
614,4,open-metadata/OpenMetadata,TypeScript,8920,1676,15673.0,421.0
615,4,google/merchant-api-samples,Java,20,8,537.0,13.0
616,4,dotnet/roslyn,C#,20286,4234,132515.0,1005.0
617,4,dotnet/razor,C#,707,236,19993.0,215.0
618,4,SawyerHood/dev-browser,TypeScript,3847,246,98.0,2.0
619,4,owenliang/deepagent,Python,14,1,212.0,28.0
620,4,pingcap/website-docs,TypeScript,23,34,793.0,25.0
621,4,plantcad/genecad,Python,25,1,53.0,3.0
622,4,poteto/brainmaxxing,Python,162,2,3.0,1.0
623,4,aliyun/alibabacloud-rds-openapi-mcp-server,Python,49,22,189.0,10.0
624,4,EvannZhongg/nanobot-desktop,Python,30,12,274.0,39.0
625,4,rawwerks/VibeCAD,Python,17,2,25.0,1.0
626,4,gadievron/raptor,Python,1481,188,221.0,14.0
627,4,Royal-lobster/code-explainer,TypeScript,64,6,157.0,1.0
628,4,akiojin/unity-cli,C#,21,1,250.0,4.0
629,4,citywill/pocket-stack,TypeScript,47,9,172.0,1.0
630,4,sopaco/deepwiki-rs,Rust,805,100,266.0,12.0
631,4,sorafujitani/rfmt,Rust,58,1,265.0,2.0
632,4,DaveSkender/Stock.Indicators,C#,1184,266,1274.0,20.0
633,4,srtab/daiv,Python,17,2,1123.0,12.0
634,4,DataDog/lading,Rust,94,14,1481.0,28.0
635,4,vinayakkulkarni/v-offline,TypeScript,378,29,2398.0,7.0
636,4,datadog-labs/pup,Rust,463,36,560.0,35.0
637,4,swaponline/MultiCurrencyWallet,TypeScript,543,486,12994.0,84.0
638,4,tobihagemann/turbo,Python,22,1,60.0,1.0
639,3,davidabeyer/formaltask,Python,13,1,25.0,1.0
640,3,pacaplan/agent-gauntlet,TypeScript,19,1,730.0,2.0
641,3,picsoritdidnthappen/poidh-app,TypeScript,25,45,1905.0,24.0
642,3,DomVinyard/NotMCP,Python,10,1,17.0,1.0
643,3,jkudish/librarium,TypeScript,112,5,55.0,3.0
644,3,sosathegitter/WeChat-tweets-counterattacker,Python,86,1,9.0,2.0
645,3,joyehuang/minimind-notes,Python,67,8,166.0,3.0
646,3,existential-birds/beagle,Python,38,5,83.0,2.0
647,3,sequenzia/agent-alchemy,Python,13,1,272.0,1.0
648,3,zstmfhy/zlibrary-to-notebooklm,Python,1438,167,4.0,1.0
649,3,gtmagents/gtm-agents,Python,115,17,18.0,2.0
650,3,hua-bang/pulse-agent,TypeScript,18,0,459.0,2.0
651,3,igorls/context-builder,Rust,14,1,73.0,1.0
652,3,fjrevoredo/mini-diarium,TypeScript,228,12,48.0,3.0
653,3,AndyShaman/whisk-proxy,JavaScript,11,7,4.0,1.0
654,3,microsoft/waza,Go,14,8,606.0,10.0
655,2,SudoMaker/rEFui,JavaScript,83,2,543.0,1.0
656,2,meridianlabs-ai/inspect_swe,Python,14,16,262.0,12.0
657,2,getstackit/stackit,Go,17,0,1472.0,2.0
658,2,echoVic/blade-code,TypeScript,103,16,447.0,4.0
659,2,go-go-golems/geppetto,Go,83,9,2528.0,4.0
660,2,artsy/positron,TypeScript,85,39,5709.0,79.0
661,2,Mq-b/Lab2QRCode,C++,15,10,138.0,8.0
662,2,yilongmd/zafrida-ui,Java,68,9,136.0,2.0
663,2,go-kratos/blades,Go,736,83,153.0,17.0
664,2,OpenHands/software-agent-sdk,Python,578,173,1243.0,65.0
665,2,zai-org/GLM-Image,Python,815,55,51.0,2.0
666,2,Open-Quant/openquant,Rust,29,3,76.0,1.0
667,2,automagik-dev/genie,TypeScript,256,35,2103.0,17.0
668,2,Array-Ventures/coworker,TypeScript,14,7,105.0,3.0
669,2,NomaDamas/AutoRAG-Research,Python,84,16,120.0,2.0
670,2,fabio-rovai/open-ontologies,Rust,21,3,163.0,1.0
671,2,atlassian/atlassian-mcp-server,JavaScript,437,44,69.0,12.0
672,2,MarketSquare/robotframework-browser,Python,633,140,6015.0,64.0
673,2,HKUSTDial/DeepEar,Python,64,8,68.0,1.0
674,2,mem0ai/mem0,Python,49836,5568,1923.0,260.0
675,2,GoogleCloudPlatform/gke-mcp,Go,130,53,137.0,21.0
676,2,allenporter/home-assistant-synthetic-home,Python,16,3,844.0,3.0
677,2,mcpc-tech/mcpc,TypeScript,81,9,525.0,4.0
678,2,letta-ai/agent-file,TypeScript,1020,97,146.0,6.0
679,2,pubkey/rxdb,TypeScript,23081,1152,13880.0,270.0
680,2,matrixhub-ai/matrixhub,Go,58,17,214.0,18.0
681,2,evalstate/fast-agent,Python,3707,396,1694.0,62.0
682,2,carere/zaidan,TypeScript,59,1,256.0,1.0
683,2,r9s-ai/open-next-router,Go,13,1,194.0,2.0
684,2,marcus/nightshift,Go,901,36,170.0,9.0
685,2,nyaomaru/is-kit,TypeScript,29,0,379.0,3.0
686,2,IJONIS/geo-lint,TypeScript,15,1,29.0,1.0
687,2,ranyitz/aicm,TypeScript,36,3,200.0,2.0
688,2,GoogleChromeLabs/web-ai-demos,JavaScript,288,67,510.0,13.0
689,2,nhost/nhost,TypeScript,9104,560,7948.0,139.0
690,2,realmorrisliu/openrouter-rs,Rust,58,14,234.0,5.0
691,2,remix-run/remix,TypeScript,32479,2730,8053.0,763.0
692,2,lucasygu/redbook,TypeScript,175,13,50.0,1.0
693,2,bionic-gpt/daisy-rsx,Rust,191,19,247.0,4.0
694,2,lorehq/lore,Go,22,2,92.0,1.0
695,2,alibaba/spring-ai-alibaba,Java,8729,1913,3116.0,224.0
696,2,lnxjedi/gopherbot,Go,61,10,2438.0,9.0
697,2,livesession/xyd,TypeScript,103,7,414.0,6.0
698,2,letta-ai/letta-evals,Python,60,7,232.0,9.0
699,2,alibaba/neug,C++,54,8,29.0,7.0
700,2,dotnet/dev-proxy,C#,782,80,842.0,26.0
701,2,leather-io/mono,TypeScript,27,16,3991.0,39.0
702,2,dotnet/aspnetcore,C#,37777,10602,55993.0,1553.0
703,2,saxenauts/syke,Python,13,1,226.0,1.0
704,2,onsails/cc,Python,18,0,56.0,1.0
705,2,dotnet/android,C#,2101,566,6303.0,135.0
706,2,coji/durably,TypeScript,19,0,382.0,1.0
707,2,cladam/tbdflow,Rust,39,2,442.0,2.0
708,2,brainqub3/brainqub3,Python,11,11,17.0,1.0
709,2,msgbyte/tianji,TypeScript,3015,188,2061.0,15.0
710,2,lance-format/lance-context,Rust,62,9,53.0,6.0
711,2,ckanner/jta,Go,126,5,76.0,1.0
712,2,shaniidev/bug-reaper,Python,23,4,7.0,1.0
713,2,lance-format/lance,Rust,6173,585,3647.0,185.0
714,2,shutootaki/gwm,Rust,14,0,300.0,2.0
715,2,simnova/sharethrift,TypeScript,19,0,1841.0,21.0
716,2,JaredStewart/coderlm,Rust,186,16,14.0,1.0
717,2,RightCapitalHQ/chinese-style-guide,Python,99,7,23.0,6.0
718,2,civitai/civitai,TypeScript,7032,709,19745.0,30.0
719,2,hodgesmr/agent-fecfile,Python,31,2,101.0,2.0
720,2,oocx/tfplan2md,C#,148,8,2528.0,5.0
721,2,mindspore-ai/akg,Python,248,45,2337.0,103.0
722,2,SkyworkAI/DeepResearchAgent,Python,3240,428,132.0,4.0
723,2,anombyte93/prd-taskmaster,Python,149,15,40.0,4.0
724,2,antdigital-ai/agentic-ui,TypeScript,183,31,4777.0,33.0
725,2,datahub-project/datahub,Java,11660,3393,14060.0,720.0
726,2,googleads/google-ads-api-developer-assistant,Python,64,10,108.0,1.0
727,2,datagrok-ai/public,TypeScript,67,28,29094.0,120.0
728,2,srod/node-minify,TypeScript,516,50,5116.0,37.0
729,2,Soju06/codex-lb,Python,190,43,261.0,21.0
730,2,openclaw-rocks/k8s-operator,Go,198,38,367.0,11.0
731,2,sun-guannan/VectCutAPI,Python,1689,363,182.0,6.0
732,2,gdsfactory/gdsfactory,Python,876,367,15313.0,133.0
733,2,benbjohnson/litestream,Go,13338,346,611.0,24.0
734,2,brandonwise/humanizer,JavaScript,21,1,13.0,3.0
735,2,alonw0/llm-docs-optimizer,Python,52,1,3.0,1.0
736,2,swarm-ai-safety/swarm,Python,16,4,1499.0,6.0
737,2,sytelus/nanuGPT,Python,13,1,954.0,2.0
738,2,google/adk-python,Python,18360,3077,2319.0,258.0
739,2,tadashi-aikawa/obsidian-another-quick-switcher,TypeScript,372,22,1024.0,8.0
740,2,talmolab/sleap-io,Python,21,15,283.0,16.0
741,2,kilolonion/excelmanus,Python,25,0,186.0,3.0
742,2,teng-lin/notebooklm-py,Python,5690,702,567.0,11.0
743,2,terkelg/anki-markdown,Python,12,0,126.0,2.0
744,2,keepnotes-ai/keep,Python,22,1,632.0,2.0
745,2,aiming-lab/SimpleMem,Python,3188,311,57.0,13.0
746,2,thc1006/nephoran-intent-operator,Go,16,3,1013.0,5.0
747,2,thebearwithabite/ai-file-organizer,Python,30,4,252.0,4.0
748,2,aikarjal/wilmai,JavaScript,22,3,54.0,2.0
749,2,timeplus-io/proton,C++,2163,106,84483.0,1322.0
750,2,kazukinagata/shinkoku,Python,308,29,157.0,2.0
751,2,geminimir/stripemeter,TypeScript,22,6,197.0,3.0
752,2,tobi/qmd,TypeScript,15341,898,364.0,47.0
753,2,dotnet/sdk,C#,3070,1217,112073.0,979.0
754,2,tokentopapp/tokentop,TypeScript,37,3,239.0,5.0
755,2,tom-byte-sys/OpenPollen,TypeScript,41,6,46.0,1.0
756,2,kagent-dev/kagent,Go,2342,430,1084.0,112.0
757,2,k-kolomeitsev/data-structure-protocol,Python,23,1,4.0,1.0
758,2,tpn/perfecthash,C,88,15,1180.0,2.0
759,2,VimCommando/kibana-object-manager,Rust,11,2,121.0,3.0
760,2,jwa91/n8nmermaid,Python,16,2,19.0,2.0
761,2,chrispyers/openkiwi,TypeScript,80,6,190.0,3.0
762,2,justeattakeaway/pie,TypeScript,35,11,2018.0,36.0
763,2,jshph/aside,Rust,10,0,46.0,2.0
764,2,GGPrompts/TabzChrome,TypeScript,134,10,1074.0,1.0
765,2,nclamvn/bom-cham,TypeScript,24,13,26.0,1.0
766,2,SawyerHood/sawyer-mart,JavaScript,70,4,10.0,1.0
767,2,jongwony/epistemic-protocols,JavaScript,68,7,507.0,2.0
768,2,johnhuang316/code-index-mcp,Python,829,101,200.0,15.0
769,2,joeseesun/qiaomu-mondo-poster-design,Python,460,42,7.0,1.0
770,2,vace/markdown-docx,TypeScript,268,41,81.0,4.0
771,2,gleachkr/Lectic,TypeScript,10,0,788.0,1.0
772,2,Kesin11/actions-timeline,TypeScript,328,7,576.0,5.0
773,2,Tideseed/eptr2,Python,20,3,227.0,2.0
774,2,jdubray/puffin,JavaScript,17,5,258.0,1.0
775,2,Princeton-AI2-Lab/Avenir-Web,Python,18,0,22.0,2.0
776,2,ossrs/srs,C++,28617,5657,8923.0,150.0
777,2,jdiegosierra/contributor-report,TypeScript,62,0,43.0,2.0
778,2,microsoft/semantic-link-labs,Python,482,169,2060.0,28.0
779,2,novotnyllc/dotnet-artisan,Python,191,10,602.0,2.0
780,2,ownpilot/OwnPilot,TypeScript,227,30,752.0,4.0
781,2,TidyBot-Services/Tidybot-Universe,Python,21,1,69.0,6.0
782,2,crafter-station/elements,TypeScript,403,22,433.0,7.0
783,2,gyrinx-app/gyrinx,Python,10,6,1363.0,5.0
784,2,doggy8088/caption-convert,JavaScript,11,0,5.0,1.0
785,2,Knuckles-Team/servicenow-api,Python,16,2,500.0,5.0
786,2,agent-network-protocol/anp,Python,288,49,218.0,14.0
787,2,esceptico/ntrp,Python,56,9,378.0,3.0
788,2,PoxenStudio/talebook,JavaScript,68,1,1931.0,16.0
789,2,allenporter/pyrainbird,Python,66,34,1050.0,16.0
790,2,ivogarais/vizdantic,Python,14,0,52.0,2.0
791,2,microsoft/aitour26-WRK541-real-world-code-migration-with-github-copilot-agent-mode,C#,406,67,104.0,12.0
792,2,wdkwdkwdk/DataWowsight,TypeScript,74,4,32.0,1.0
793,2,web-infra-dev/rslint,TypeScript,380,20,424.0,26.0
794,2,PowerShell/PowerShell,C#,51866,8221,11380.0,543.0
795,2,whitejoce/Get_Weather,Python,12,2,187.0,2.0
796,2,damionrashford/RivalSearchMCP,Python,54,14,87.0,4.0
797,2,SoundBlaster/XcodeMCPWrapper,Python,15,1,1586.0,4.0
798,2,williballenthin/idawilli,Python,169,28,362.0,12.0
799,2,imjuya/juya-news-card,TypeScript,75,10,24.0,4.0
800,2,i-am-bee/agentstack,Python,1035,158,2161.0,34.0
801,2,VisActor/VBI,TypeScript,22,5,1870.0,14.0
802,2,SpillwaveSolutions/agent-brain,Python,61,12,365.0,3.0
803,2,PinW/whisper-key-local,Python,113,19,430.0,3.0
804,2,subframe7536/kysely-sqlite-builder,TypeScript,18,2,145.0,2.0
805,2,adeze/raindrop-mcp,TypeScript,131,22,353.0,3.0
806,2,phi-friday/joblib-stubs,Python,10,1,189.0,2.0
807,2,Lianggs8/auto-survey-agent,Python,10,0,9.0,1.0
808,2,Whamp/pi-rlm,Python,13,2,44.0,2.0
809,2,yearn/yearn-devdocs,TypeScript,88,90,432.0,58.0
810,2,Whamp/pi-read-map,TypeScript,12,2,67.0,3.0
811,2,goern/forgejo-mcp,Go,35,10,281.0,23.0
812,2,arjunkmrm/recall,Python,110,7,24.0,2.0
813,2,daffy0208/ai-dev-standards,TypeScript,20,6,189.0,2.0
814,2,getsentry/sentry-python,Python,2153,590,3719.0,302.0
815,2,philschmid/mcp-cli,TypeScript,1000,103,30.0,2.0
816,2,castorini/ragnarok,Python,63,9,77.0,3.0
817,1,creatify-ai/video-ad-reverse-engineer,Python,20,0,2.0,1.0
818,1,ythx-101/ask-search,Python,199,18,8.0,3.0
819,1,Zhen-Bo/pragmatic-clean-code-reviewer,Python,101,8,4.0,1.0
820,1,ZhenHuangLab/collaborating-with-gemini-cli,Python,20,3,3.0,1.0
821,1,quailyquaily/aqua,Go,244,14,55.0,1.0
822,1,EisonMe/newspaper-brief,Python,37,4,6.0,1.0
823,1,LottieFiles/dotlottie-web,TypeScript,467,29,424.0,22.0
824,1,jackwener/xhs-cli,Python,362,34,57.0,1.0
825,1,GuDaStudio/collaborating-with-gemini,Python,12,3,6.0,2.0
826,1,kfastov/tgcli,JavaScript,35,17,78.0,1.0
827,1,TurixAI/TuriX-CUA,Python,1533,166,188.0,4.0
828,1,GuDaStudio/collaborating-with-codex,Python,120,11,5.0,2.0
829,1,kromahlusenii-ops/ham,JavaScript,25,1,50.0,2.0
830,1,ViffyGwaanl/glm-image,Python,10,2,2.0,1.0
831,1,BuildGreatProducts/plaid,JavaScript,17,3,33.0,2.0
832,1,creatify-ai/ad-creative-evaluator,Python,19,0,3.0,1.0
833,1,tmustier/pi-extensions,TypeScript,100,6,245.0,2.0
834,1,cathrynlavery/repo-atlas,Python,19,2,3.0,1.0
835,1,debridge-finance/debridge-mcp,TypeScript,29,2,32.0,3.0
836,1,DenisSergeevitch/youtube-poop-video-maker,Python,28,0,5.0,1.0
837,1,abracadabra50/uk-grocery-cli,TypeScript,11,3,36.0,4.0
838,1,JinHo-von-Choi/memento-mcp,JavaScript,74,13,162.0,1.0
839,1,dannote/figma-use,TypeScript,495,32,310.0,1.0
840,1,cascade-protocol/sati,TypeScript,16,1,165.0,1.0
841,1,Hulupeep/Specflow,JavaScript,24,4,96.0,2.0
842,1,s87343472/backlink-pilot,JavaScript,54,9,7.0,1.0
843,1,jzOcb/context-doctor,Python,103,3,3.0,1.0
844,1,vnxfsc/solana-bpf-reverse,Python,17,29,3.0,1.0
845,0,PaulRBerg/prb-effect,TypeScript,19,1,117.0,2.0
846,0,Peiiii/AgentVerse,TypeScript,281,73,419.0,3.0
847,0,Peiiii/skild,TypeScript,103,7,217.0,3.0
848,0,PeterBooker/veloria,Go,10,1,28.0,1.0
849,0,Phala-Network/phala-cloud,TypeScript,13,6,975.0,19.0
850,0,Philra94/homeassistant-hoymiles-cloud,Python,17,3,38.0,4.0
851,0,Piebald-AI/tweakcc,TypeScript,1317,100,473.0,24.0
852,0,PierreZ/moonpool,Rust,25,1,403.0,4.0
853,0,Pipelex/pipelex,Python,630,46,888.0,5.0
854,0,PlatformNetwork/platform,Rust,115,13,705.0,7.0
855,0,PlayFab/gsdk,C++,165,118,217.0,35.0
856,0,Positronic-Robotics/positronic,Python,62,8,1180.0,6.0
857,0,PostHog/duckgres,Go,59,6,407.0,9.0
858,0,PostHog/posthog-foss,Python,464,97,37300.0,441.0
859,0,Pouryaak/LokulMem,TypeScript,16,0,275.0,5.0
860,0,Praeviso/crawl4weibo,Python,27,3,83.0,4.0
861,0,PrefectHQ/fastmcp,Python,23681,1822,3184.0,213.0
862,0,PrefectHQ/prefect,Python,21863,2163,20882.0,415.0
863,0,Priivacy-ai/spec-kitty,Python,912,66,2657.0,47.0
864,0,PrimeIntellect-ai/prime-rl,Python,1145,229,1684.0,54.0
865,0,PrimeIntellect-ai/verifiers,Python,3901,512,1321.0,67.0
866,0,ProgrammerAnthony/Anything-Extract,Python,133,26,25.0,1.0
867,0,Project-HAMi/HAMi,Go,3091,484,1231.0,123.0
868,0,ProjectMagma/Magma,C#,112,1,409.0,3.0
869,0,ProximoSrl/Jarvis.Framework,C#,16,9,1211.0,7.0
870,0,Purple-Horizons/tick-md,JavaScript,13,2,110.0,1.0
871,0,Pushword/Pushword,PHP,21,2,367.0,2.0
872,0,Q00/ouroboros,Python,1284,120,221.0,13.0
873,0,QingJ01/Axiom,Python,22,3,15.0,1.0
874,0,Qiskit/mcp-servers,Python,21,12,658.0,10.0
875,0,QoreDB/QoreDB,TypeScript,12,0,187.0,2.0
876,0,Quintui/depresearch,TypeScript,21,1,12.0,1.0
877,0,QuixiAI/Hexis,Python,553,74,118.0,1.0
878,0,RANDSUM/randsum,TypeScript,12,1,1079.0,4.0
879,0,RESTGroup/rstsr,Rust,52,3,486.0,1.0
880,0,RLinf/RLinf,Python,2760,334,404.0,54.0
881,0,ROBOTIS-GIT/zenoh_ros2_sdk,Python,14,0,58.0,1.0
882,0,Rabithua/Rote,TypeScript,906,62,1092.0,3.0
883,0,RadiumAg/bilibili-favorites,TypeScript,18,0,395.0,3.0
884,0,RaheesAhmed/SajiCode,TypeScript,62,14,76.0,1.0
885,0,Railly/tinte,TypeScript,572,34,687.0,6.0
886,0,RainerSeventeen/paper-tracker,Python,34,7,54.0,1.0
887,0,Rainnny7/RESTfulMC,Java,22,1,821.0,4.0
888,0,Ranch-Hand-Robotics/rde-urdf,TypeScript,15,5,192.0,4.0
889,0,Ratler/dream-team,JavaScript,14,2,49.0,1.0
890,0,RealEstateWebTools/property_web_scraper,TypeScript,109,23,458.0,6.0
891,0,Red-Hat-AI-Innovation-Team/sdg_hub,JavaScript,122,51,330.0,28.0
892,0,Red-Hat-AI-Innovation-Team/training_hub,Python,65,22,95.0,7.0
893,0,RedHat-UX/next-gen-ui-agent,Python,14,4,329.0,10.0
894,0,Redth/Maui.Gtk,C#,85,2,149.0,1.0
895,0,Redth/MauiDevFlow,C#,43,8,221.0,6.0
896,0,ReinforceNow/reinforcenow-cli,Python,109,2,186.0,1.0
897,0,RemarkRemedy/fireplanner,TypeScript,25,4,1007.0,1.0
898,0,Remy349/shadcn-ui-multi-form,TypeScript,58,3,405.0,1.0
899,0,RevylAI/greenlight,Go,1252,83,6.0,4.0
900,0,RicherTunes/Brainarr,C#,32,0,1005.0,6.0
901,0,RickConsole/hydra,TypeScript,15,2,141.0,15.0
902,0,Rika-Labs/sgrep,Rust,39,2,213.0,3.0
903,0,RipeSeed/rs-tunnel,TypeScript,12,2,22.0,2.0
904,0,RoloBits/nestjs-doctor,TypeScript,69,0,211.0,2.0
905,0,RonkTsang/gemini-chat-extension,TypeScript,13,3,63.0,2.0
906,0,RooCodeInc/Roo-Code,TypeScript,22669,2906,7035.0,297.0
907,0,RtlZeroMemory/Rezi,TypeScript,546,14,648.0,3.0
908,0,RtlZeroMemory/Zireael,C,36,3,114.0,2.0
909,0,Rune-kit/rune,JavaScript,35,12,6.0,1.0
910,0,Ruya-AI/cozempic,Python,154,6,57.0,5.0
911,0,RyanWangZf/BioDSA,Python,49,5,97.0,1.0
912,0,Ryandonofrio3/osgrep,TypeScript,1081,68,364.0,14.0
913,0,S1LV4/th0th,TypeScript,123,20,67.0,4.0
914,0,SAP/e-mobility-charging-stations-simulator,TypeScript,208,89,5589.0,25.0
915,0,SAP/fundamental-ngx,TypeScript,290,140,9799.0,109.0
916,0,SAP/spartacus,TypeScript,775,404,10860.0,195.0
917,0,SCStelz/security-investigator,Python,52,19,113.0,3.0
918,0,SGFGOV/medusa-mcp,TypeScript,51,18,28.0,2.0
919,0,SIRHAMY/light-clone,Rust,10,0,73.0,1.0
920,0,SRSWTI/axe,Python,28,4,32.0,1.0
921,0,SSShooter/ebook-to-mindmap,TypeScript,1104,138,163.0,2.0
922,0,SSShooter/mind-elixir-core,TypeScript,2968,397,967.0,35.0
923,0,Sage-Bionetworks/sage-monorepo,TypeScript,27,16,2256.0,11.0
924,0,Sage/carbon,TypeScript,297,87,26194.0,187.0
925,0,Saik0s/mcp-browser-use,Python,913,111,102.0,7.0
926,0,Salesably/salesably-marketplace,Python,19,4,14.0,1.0
927,0,SamJHudson01/Carmack-Council,Python,19,1,19.0,1.0
928,0,SamMorrowDrums/remarkable-mcp,Python,75,14,158.0,3.0
929,0,Sangkwun/sandy,Python,13,1,44.0,1.0
930,0,Sankhya-AI/Dhee,Python,16,1,69.0,2.0
931,0,SawyerHood/middleman,TypeScript,128,14,523.0,2.0
932,0,Scofieldfree/excalidraw-mcp,TypeScript,81,5,45.0,1.0
933,0,ScottRBK/forgetful,Python,194,16,184.0,2.0
934,0,Scottcjn/rustchain-mcp,Python,12,4,14.0,4.0
935,0,ScrapeGraphAI/just-scrape,TypeScript,10,0,58.0,2.0
936,0,Screenly/Playground,TypeScript,28,12,2086.0,14.0
937,0,Shadylukin/Neumann,Rust,73,6,576.0,3.0
938,0,ShapeCrawler/ShapeCrawler,C#,411,77,3686.0,28.0
939,0,ShieldBattery/ShieldBattery,TypeScript,183,30,4738.0,23.0
940,0,ShipSecAI/studio,TypeScript,235,27,1347.0,10.0
941,0,Shopify/flash-list,TypeScript,6980,358,935.0,63.0
942,0,Shopify/hydrogen,TypeScript,1907,386,2591.0,122.0
943,0,Shopify/shopify-app-js,TypeScript,506,210,6575.0,129.0
944,0,SinShine5/aden-hive,Python,34,4,251.0,33.0
945,0,Sitecore/content-sdk,TypeScript,32,27,1117.0,19.0
946,0,Skyscanner/backpack,TypeScript,535,206,8591.0,243.0
947,0,Snowfork/snowbridge,TypeScript,309,149,1374.0,46.0
948,0,SoFriendly/orca,JavaScript,50,3,434.0,5.0
949,0,SocialGouv/egapro,TypeScript,11,11,2582.0,35.0
950,0,SocketDev/socket-sdk-js,TypeScript,45,15,1458.0,16.0
951,0,SolidLao/GenDB,C++,36,2,62.0,1.0
952,0,Soneso/stellar-php-sdk,PHP,40,19,443.0,7.0
953,0,SpecterOps/Nemesis,Python,940,98,1149.0,14.0
954,0,SprocketLab/slop-code-bench,Python,19,2,56.0,1.0
955,0,Srajangpt1/ai_security_crew,Python,36,12,35.0,3.0
956,0,StarlightDamian/seagull,Python,14,4,133.0,1.0
957,0,StepfenShawn/kota,Rust,86,8,48.0,3.0
958,0,SujalXplores/v0.diy,TypeScript,131,72,123.0,4.0
959,0,SukramJ/aiohomematic,Python,163,25,1932.0,20.0
960,0,SumoLogic/sumologic-documentation,TypeScript,40,234,5837.0,198.0
961,0,Sunpeak-AI/sunpeak,TypeScript,156,6,466.0,3.0
962,0,Sunshow/droidgear,TypeScript,62,6,313.0,3.0
963,0,Sunwood-ai-labs/SourceSage,Python,72,1,558.0,4.0
964,0,Suvitruf/gamedev-links,Python,24,0,33.0,1.0
965,0,Svtoo/atk,Python,11,2,140.0,1.0
966,0,SwitchbackTech/compass,TypeScript,214,52,2191.0,24.0
967,0,Synerise/synerise-design,TypeScript,95,17,10421.0,57.0
968,0,THUDM/slime,Python,4758,633,1335.0,121.0
969,0,TabbyML/pochi,TypeScript,90,46,3975.0,21.0
970,0,Tahanima/playwright-java-test-automation-architecture,Java,106,92,91.0,3.0
971,0,TalAter/annyang,TypeScript,6666,1044,807.0,38.0
972,0,TaloDev/backend,TypeScript,86,9,2374.0,6.0
973,0,TanStack/cli,TypeScript,1211,152,926.0,89.0
974,0,TanStack/db,TypeScript,3650,187,828.0,59.0
975,0,TanStack/intent,TypeScript,204,5,148.0,7.0
976,0,TanStack/router,TypeScript,13858,1592,5992.0,695.0
977,0,Tencent/tdesign-react,TypeScript,938,358,5238.0,241.0
978,0,TencentBlueKing/bk-weweb,TypeScript,10,3,45.0,2.0
979,0,TencentCloudBase/CloudBase-MCP,TypeScript,973,121,930.0,11.0
980,0,TentacleOpera/switchboard,TypeScript,103,6,12.0,1.0
981,0,Teslemetry/hass-teslemetry,Python,17,8,104750.0,5158.0
982,0,ThalesGroup/fred,Python,42,15,952.0,22.0
983,0,Thank-you-Linus/Linus-Dashboard,TypeScript,180,5,449.0,3.0
984,0,The-Vibe-Company/companion,TypeScript,2192,275,434.0,16.0
985,0,TheCraigHewitt/seomachine,Python,2702,433,15.0,1.0
986,0,TheOrcDev/8bitcn-ui,TypeScript,1725,105,545.0,37.0
987,0,TheSoftwareHouse/copilot-collections,TypeScript,151,4,237.0,16.0
988,0,ThindalTV/BlazorBlocks,C#,13,1,77.0,2.0
989,0,Thinkmill/sydjs-keystatic,TypeScript,12,6,188.0,12.0
990,0,ThirdKeyAI/Symbiont,Rust,34,7,180.0,4.0
991,0,Thislu13/NewsPilot,Python,39,3,19.0,3.0
992,0,TiendaNube/nimbus-design-system,TypeScript,27,5,671.0,20.0
993,0,Tiendil/donna,Python,11,2,49.0,1.0
994,0,TippingGame/F8Framework,C#,840,130,421.0,4.0
995,0,TippingGame/F8FrameworkDemo,C#,38,10,155.0,1.0
996,0,TomerFi/switcher_webapi,Python,13,10,1612.0,16.0
997,0,Topdu/OpenOCR,Python,1285,111,303.0,19.0
998,0,Trac-Systems/intercom,JavaScript,15,292,91.0,1.0
999,0,TrainProtocol/app,JavaScript,24,1,433.0,6.0
1000,0,TryGhost/Ghost,JavaScript,52041,11382,44400.0,807.0
