rank,assets_file_count,repo,mainLanguage,stars,forks,commits,contributors
1,4052,coltonbatts/VCR,Rust,21,0,148.0,1.0
2,932,vasilyu1983/AI-Agents-public,Python,41,9,26.0,1.0
3,232,Knuckles-Team/servicenow-api,Python,16,2,500.0,5.0
4,198,yonatangross/orchestkit,TypeScript,117,13,339.0,2.0
5,130,treefarmstudio/sapling,TypeScript,36,0,281.0,1.0
6,114,NASA-AMMOS/slim,JavaScript,31,14,845.0,12.0
7,99,giuseppe-trisciuoglio/developer-kit,Python,161,11,380.0,3.0
8,94,ancoleman/ai-design-components,Python,310,48,81.0,2.0
9,74,LazyAGI/LazyLLM,Python,3747,364,934.0,43.0
10,63,gtmagents/gtm-agents,Python,115,17,18.0,2.0
11,63,tonylofgren/aurora-smart-home,Python,27,0,48.0,1.0
12,60,prowler-cloud/prowler,Python,13314,2040,7879.0,367.0
13,60,gqy20/IssueLab,Python,10,6,438.0,7.0
14,60,laborany/laborany,TypeScript,50,4,244.0,5.0
15,57,maestromaximo/codex-local-sdk-python,Python,13,1,20.0,1.0
16,48,a5c-ai/babysitter,JavaScript,441,24,1028.0,10.0
17,48,laraxot/laravelpizza.com,PHP,26,22,505.0,2.0
18,42,yezannnnn/agentGroup,Python,53,17,13.0,1.0
19,38,bionic-gpt/daisy-rsx,Rust,191,19,247.0,4.0
20,36,gvkhosla/compound-engineering-pi,TypeScript,35,2,18.0,1.0
21,32,danicat/godoctor,Go,60,7,98.0,3.0
22,32,thapaliyabikendra/ai-artifacts,Python,15,4,41.0,5.0
23,30,6BNBN/FlowPilot,TypeScript,101,7,169.0,1.0
24,30,bitsoex/bitso-java,JavaScript,36,30,414.0,17.0
25,27,Fu-Jie/openwebui-extensions,Python,112,9,802.0,6.0
26,27,smallnest/langgraphgo,Go,209,34,328.0,10.0
27,26,hainamchung/agent-assistant,Python,36,14,13.0,1.0
28,24,vedantb2/eva,TypeScript,33,2,1384.0,3.0
29,24,wshobson/agents,Python,31239,3426,242.0,41.0
30,24,meta-pytorch/OpenEnv,Python,1250,199,1372.0,60.0
31,24,snakeying/Textum,Python,41,4,103.0,1.0
32,24,tidbcloud/tidbcloud-cli,Go,10,3,298.0,8.0
33,22,dp-archive/archive,Python,1111,97,195.0,2.0
34,20,bifrost-proxy/bifrost,Rust,12,0,394.0,3.0
35,20,DataDog/lading,Rust,94,14,1481.0,28.0
36,18,OthmanAdi/planning-with-files,Python,16064,1476,155.0,22.0
37,18,udecode/better-convex,TypeScript,379,28,393.0,9.0
38,16,pymc-labs/decision-hub,Python,37,3,449.0,6.0
39,16,thc1006/nephoran-intent-operator,Go,16,3,1013.0,5.0
40,16,attilaszasz/sdd-pilot,TypeScript,37,1,135.0,1.0
41,15,tutur3u/platform,TypeScript,48,25,14626.0,30.0
42,14,JinHo-von-Choi/memento-mcp,JavaScript,74,13,162.0,1.0
43,12,victorGPT/vibeusage,JavaScript,102,7,1237.0,1.0
44,12,fpindej/netrock,C#,205,21,340.0,3.0
45,12,canonical/copilot-collections,Python,16,9,56.0,10.0
46,12,2025Emma/vibe-coding-cn,Python,14463,1594,130.0,2.0
47,12,cadamsdev/restman,TypeScript,33,1,76.0,1.0
48,12,j5ik2o/okite-ai,Python,73,2,248.0,2.0
49,12,gitarbor/gitarbor-tui,TypeScript,37,3,149.0,1.0
50,12,nex-agi/NexAU,Python,50,10,357.0,17.0
51,12,norahe0304-art/30x-seo,Python,11,5,25.0,1.0
52,12,ubie-oss/terraform-provider-lightdash,Go,17,4,350.0,4.0
53,12,IceHugh/btc-connect,TypeScript,18,7,73.0,1.0
54,10,guendev/vue3-apollo,TypeScript,12,1,376.0,2.0
55,10,eddiebelaval/squire,Python,14,3,13.0,1.0
56,10,Peiiii/skild,TypeScript,103,7,217.0,3.0
57,10,netease-youdao/LobsterAI,TypeScript,3938,453,370.0,18.0
58,9,viames/pair,PHP,10,2,500.0,3.0
59,8,openclix/openclix,TypeScript,31,1,50.0,2.0
60,8,iOfficeAI/AionUi,TypeScript,18771,1469,2966.0,57.0
61,8,GoogleCloudPlatform/gke-mcp,Go,130,53,137.0,21.0
62,8,artsy/eigen,TypeScript,3762,592,27660.0,161.0
63,8,mco-org/mco,Python,194,19,83.0,1.0
64,8,baotoq/micro-commerce,C#,93,25,1271.0,2.0
65,8,Agents2AgentsAI/ata,Rust,67,3,4843.0,374.0
66,8,EnvyGithub/codex,Rust,14,2,3401.0,338.0
67,8,QoreDB/QoreDB,TypeScript,12,0,187.0,2.0
68,8,ScriptedAlchemy/codex-native,Rust,17,7,4009.0,344.0
69,8,CraftOS-dev/CraftBot,Python,55,5,494.0,4.0
70,8,marigold-ui/marigold,TypeScript,137,11,4605.0,27.0
71,7,Agents365-ai/video-podcast-maker,TypeScript,175,18,116.0,1.0
72,6,mrvladd-d/memobank,JavaScript,31,8,3.0,1.0
73,6,mikeOnBreeze/cc-crossbeam,Python,145,53,69.0,1.0
74,6,michaeldcanady/servicenow-sdk-go,Go,28,9,975.0,8.0
75,6,Peiiii/AgentVerse,TypeScript,281,73,419.0,3.0
76,6,timrogers/iata-code-decoder-api,TypeScript,26,10,1694.0,3.0
77,6,getsentry/sentry-javascript,TypeScript,8602,1756,13437.0,670.0
78,6,dallay/agentsync,Rust,15,3,360.0,9.0
79,6,senweaver/senweaver-ide,TypeScript,15,0,63.0,4.0
80,6,s-hiraoku/vscode-sidebar-terminal,TypeScript,12,7,1657.0,6.0
81,6,coveo/ui-kit,TypeScript,65,42,6665.0,103.0
82,6,onsails/cc,Python,18,0,56.0,1.0
83,6,OriNachum/autonomous-intelligence,Python,220,15,445.0,2.0
84,6,ArcaneOrion/Alice-Single,Python,13,2,75.0,1.0
85,6,drpedapati/raycast-script-creator,JavaScript,20,0,2.0,1.0
86,6,cladam/tbdflow,Rust,39,2,442.0,2.0
87,5,AytuncYildizli/reprompter,JavaScript,19,3,76.0,4.0
88,4,godmakereth/vibe-coding-tw,Python,30,3,96.0,4.0
89,4,asklokesh/loki-mode,Python,728,146,554.0,5.0
90,4,thebearwithabite/ai-file-organizer,Python,30,4,252.0,4.0
91,4,tercumantanumut/selene,TypeScript,146,28,1032.0,2.0
92,4,tadashi-aikawa/obsidian-another-quick-switcher,TypeScript,372,22,1024.0,8.0
93,4,LottieFiles/dotlottie-web,TypeScript,467,29,424.0,22.0
94,4,t0dorakis/murmur,TypeScript,20,0,88.0,1.0
95,4,EvoMap/evolver,JavaScript,1546,173,229.0,7.0
96,4,countbot-ai/CountBot,Python,208,35,82.0,3.0
97,4,simnova/sharethrift,TypeScript,19,0,1841.0,21.0
98,4,sigle/sigle,TypeScript,483,84,1235.0,10.0
99,4,TippingGame/F8Framework,C#,840,130,421.0,4.0
100,4,TippingGame/F8FrameworkDemo,C#,38,10,155.0,1.0
101,4,Soju06/codex-lb,Python,190,43,261.0,21.0
102,4,praveenjuge/teak,TypeScript,13,1,972.0,7.0
103,4,DataDog/stratus-red-team,Go,2277,288,816.0,41.0
104,4,rejot-dev/fragno,TypeScript,41,3,898.0,6.0
105,4,Remy349/shadcn-ui-multi-form,TypeScript,58,3,405.0,1.0
106,4,Kurarion/Genshin-Calc,TypeScript,72,8,370.0,2.0
107,4,openstatusHQ/data-table-filters,TypeScript,1882,114,126.0,9.0
108,4,bytedance/deer-flow,Python,30569,3694,1608.0,124.0
109,4,ginlix-ai/LangAlpha,Python,52,7,699.0,7.0
110,4,rm2thaddeus/Pixel_Detective,Python,16,3,337.0,1.0
111,4,akash3444/shadcn-ui-blocks,TypeScript,587,49,307.0,7.0
112,4,irahardianto/qurio,Go,11,5,114.0,1.0
113,4,TheSoftwareHouse/copilot-collections,TypeScript,151,4,237.0,16.0
114,4,MODSetter/SurfSense,Python,13255,1192,3697.0,56.0
115,4,nilenso/context-viewer,TypeScript,56,2,190.0,2.0
116,4,lorehq/lore,Go,22,2,92.0,1.0
117,4,jaredpalmer/agentik,TypeScript,16,1,74.0,2.0
118,4,OniReimu/Ageaf,TypeScript,11,0,166.0,1.0
119,4,jonathan-vella/azure-agentic-infraops,Python,164,61,492.0,6.0
120,4,jonathan-vella/azure-agentic-infraops-accelerator,Python,16,16,24.0,4.0
121,4,ChicagoHAI/NeuriCo,Python,28,2,146.0,4.0
122,4,raphaelmansuy/edgequake,Rust,1443,148,127.0,7.0
123,4,trsoliu/mini-wiki,Python,46,1,29.0,1.0
124,4,duongductrong/cursor-kit,TypeScript,13,1,113.0,2.0
125,4,vana-com/personal-server,TypeScript,113,24,196.0,6.0
126,4,RipeSeed/rs-tunnel,TypeScript,12,2,22.0,2.0
127,4,shadcn-ui/ui,TypeScript,109524,8180,1853.0,482.0
128,4,vobase/vobase,TypeScript,25,3,285.0,3.0
129,4,vscarpenter/gsd-task-manager,TypeScript,14,3,225.0,6.0
130,4,withastro/flue,TypeScript,145,5,31.0,2.0
131,4,xuey490/project,PHP,12,0,773.0,1.0
132,4,keenthemes/reui,TypeScript,2670,107,175.0,21.0
133,3,cluesmith/codev,TypeScript,247,34,2515.0,3.0
134,3,ImGoodBai/goodable,TypeScript,161,34,130.0,3.0
135,3,Yehonatan-Bar/ClaUI,TypeScript,14,1,207.0,1.0
136,3,definableai/definable.ai,Python,20,2,177.0,2.0
137,3,dannote/figma-use,TypeScript,495,32,310.0,1.0
138,3,j5ik2o/oni-comb-rs,Rust,42,0,4288.0,5.0
139,3,pacphi/sindri,Rust,11,6,386.0,3.0
140,3,microsoft/agent-framework,Python,7929,1312,1683.0,106.0
141,3,DenisSergeevitch/youtube-poop-video-maker,Python,28,0,5.0,1.0
142,3,poteto/noodle,Go,119,6,1396.0,2.0
143,2,jerrywu001/vue3-toastify,Python,541,48,178.0,12.0
144,2,esceptico/ntrp,Python,56,9,378.0,3.0
145,2,next-safe-action/next-safe-action,TypeScript,3008,46,708.0,23.0
146,2,GovTechSG/sgds-web-component,TypeScript,12,5,3303.0,18.0
147,2,nirholas/agenti,TypeScript,42,12,182.0,4.0
148,2,letta-ai/lettabot,TypeScript,270,63,425.0,21.0
149,2,nuclia/frontend,TypeScript,55,18,2632.0,29.0
150,2,nuxt-content/docus,TypeScript,2655,247,1417.0,73.0
151,2,okwinds/miscellany,Python,39,2,50.0,3.0
152,2,j-r-beckett/SpeedReader,C++,10,1,677.0,1.0
153,2,xdevplatform/xurl,Go,463,47,87.0,8.0
154,2,fabianocruz/assistente-compras-ifood,Python,24,4,4.0,2.0
155,2,mono/SkiaSharp,C#,5297,616,3306.0,101.0
156,2,paperclipai/paperclip,TypeScript,23319,3083,999.0,41.0
157,2,pnsk-lab/hikkaku,TypeScript,52,3,230.0,12.0
158,2,hAcKlyc/MyAgents,TypeScript,112,21,882.0,2.0
159,2,ReinaMacCredy/maestro,TypeScript,23,3,562.0,3.0
160,2,kv0906/pm-kit,Python,68,16,102.0,1.0
161,2,foxminchan/BookWorm,C#,477,62,562.0,7.0
162,2,hect0x7/jmcomic-ai,Python,17,2,10.0,1.0
163,2,dagster-io/erk,Python,74,7,4089.0,4.0
164,2,EvoScientist/EvoScientist,Python,29,0,343.0,6.0
165,2,finos/morphir,Rust,184,64,4246.0,61.0
166,2,hdkiller/coach,TypeScript,41,5,3547.0,7.0
167,2,ImCa0/just-laws,Python,710,88,125.0,5.0
168,2,didi/mpx,JavaScript,3878,391,12824.0,121.0
169,2,Cratis/Chronicle,C#,38,8,15832.0,16.0
170,2,justinlietz93/Perfect_Prompts,Python,18,1,220.0,2.0
171,2,EvotecIT/PSPublishModule,C#,41,13,2079.0,5.0
172,2,UnicomAI/wanwu,Go,3959,79,3767.0,53.0
173,2,Ibrahim-3d/conductor-orchestrator-superpowers,Python,275,30,18.0,1.0
174,2,chu2bard/pinion-os,TypeScript,356,28,175.0,1.0
175,2,thangchung/agent-engineering-experiment,C#,12,1,23.0,1.0
176,2,axone-protocol/contracts,Rust,123,19,2210.0,17.0
177,2,IJONIS/geo-lint,TypeScript,15,1,29.0,1.0
178,2,VoltAgent/voltagent,TypeScript,6723,656,1652.0,61.0
179,2,datascienceworld-kan/vinagent,Python,71,11,186.0,4.0
180,2,WebMCP-org/npm-packages,TypeScript,34,5,433.0,5.0
181,2,goplus/llcppg,Go,29,11,863.0,10.0
182,2,kortix-ai/lss,Python,11,2,32.0,2.0
183,2,UKGovernmentBEIS/inspect_ai,Python,1828,426,4890.0,193.0
184,2,vana-com/data-connect,TypeScript,21,3,662.0,10.0
185,2,meridianlabs-ai/inspect_swe,Python,14,16,262.0,12.0
186,2,Sunwood-ai-labs/SourceSage,Python,72,1,558.0,4.0
187,2,kingbootoshi/codex-orchestrator,TypeScript,231,36,20.0,3.0
188,2,VisActor/VBI,TypeScript,22,5,1870.0,14.0
189,2,lil-id/ajarinaja,TypeScript,11,4,343.0,3.0
190,2,microsoft/aitour26-WRK541-real-world-code-migration-with-github-copilot-agent-mode,C#,406,67,104.0,12.0
191,2,eaplatanios/ryft,Rust,10,1,32.0,1.0
192,1,aallan/vera,Python,40,2,434.0,3.0
193,1,iurysza/android-use,TypeScript,12,1,29.0,1.0
194,1,fr33d3m0n/threat-modeling,Python,200,25,19.0,1.0
195,1,BuildGreatProducts/plaid,JavaScript,17,3,33.0,2.0
196,1,sinzin91/search-sessions,Rust,15,0,22.0,4.0
197,1,goldk3y/mastra-system-check,JavaScript,10,0,8.0,1.0
198,1,0xNyk/xint,TypeScript,51,3,86.0,1.0
199,1,wjt0321/china-stock-analyst,Python,10,4,18.0,2.0
200,1,timf34/arxiv2md,Python,111,9,76.0,3.0
201,1,brandonwise/humanizer,JavaScript,21,1,13.0,3.0
202,1,ubermenchh/anki-cli,Python,18,2,34.0,2.0
203,1,EisonMe/newspaper-brief,Python,37,4,6.0,1.0
204,1,axtonliu/smart-illustrator,TypeScript,407,57,61.0,1.0
205,1,jzOcb/context-doctor,Python,103,3,3.0,1.0
206,0,Azure/autorest.python,Python,101,62,2460.0,36.0
207,0,Azure/autorest.typescript,TypeScript,184,81,2677.0,50.0
208,0,Azure/azqr,Go,747,135,991.0,23.0
209,0,Azure/azure-sdk-for-go,Go,1800,965,9242.0,274.0
210,0,Azure/azure-sdk-for-rust,Rust,868,340,3107.0,196.0
211,0,Azure/contentflow,Python,13,2,35.0,3.0
212,0,Azure/kubelogin,Go,562,117,312.0,65.0
213,0,Azure/typespec-azure,TypeScript,26,71,1762.0,57.0
214,0,Azure99/BlossomData,Python,28,3,179.0,1.0
215,0,AzureAD/microsoft-authentication-library-for-dotnet,C#,1494,395,4268.0,125.0
216,0,AzureAD/microsoft-identity-web,C#,773,254,1810.0,94.0
217,0,AzureCosmosDB/cosmosdb-agent-kit,JavaScript,22,6,64.0,4.0
218,0,BA-CalderonMorales/terminal-jarvis,Rust,122,16,405.0,4.0
219,0,BANANASJIM/rdc-cli,Python,47,7,216.0,1.0
220,0,BRO3886/gtasks,Go,137,18,120.0,4.0
221,0,BRO3886/healthsync,Go,35,3,52.0,2.0
222,0,BRO3886/rem,Go,28,1,53.0,1.0
223,0,BV-Venky/excalidraw-architect-mcp,Python,73,4,46.0,3.0
224,0,BadC-mpany/lilith-zero,Rust,14,1,238.0,3.0
225,0,Balneario-de-Cofrentes/notion-cli-agent,TypeScript,54,8,53.0,6.0
226,0,BauplanLabs/bauplan-mcp-server,Python,11,2,63.0,4.0
227,0,BayramAnnakov/synthetic-market-research,Python,22,3,4.0,1.0
228,0,BellumGens/bellum-gens,TypeScript,11,4,2997.0,9.0
229,0,Bengerthelorf/pikpaktui,Rust,10,0,193.0,1.0
230,0,BetterStacks/unrag,TypeScript,14,0,118.0,2.0
231,0,Bigsy/mcpmu,Go,51,1,70.0,2.0
232,0,Bin-Huang/camoufox-cli,Python,138,10,46.0,1.0
233,0,BitYoungjae/ChalKak,Rust,39,1,52.0,2.0
234,0,Bl4nk44/Audiovault,Python,10,1,302.0,4.0
235,0,Blankeos/crabcode,Rust,12,1,98.0,1.0
236,0,Blazemeter/bzm-mcp,Python,24,4,190.0,7.0
237,0,BlkLeg/CircuitBreaker,JavaScript,177,7,138.0,3.0
238,0,BlocUnited-LLC/mozaiks,Python,13,0,30.0,1.0
239,0,BloomBooks/BloomDesktop,C#,41,18,23996.0,38.0
240,0,BrainBlend-AI/atomic-agents,Python,5759,476,856.0,29.0
241,0,BrownFineSecurity/iothackbot,Python,682,106,8.0,1.0
242,0,BulloRosso/etienne,TypeScript,16,2,409.0,2.0
243,0,CRJFisher/ariadne,TypeScript,16,1,1436.0,3.0
244,0,CURRENTF/Sparse-vLLM,Python,30,3,21.0,1.0
245,0,CaliCastle/seedhub-cli,Python,63,5,3.0,1.0
246,0,Cambly/syntax,TypeScript,12,12,638.0,29.0
247,0,Canner/wren-engine,Java,563,167,1245.0,28.0
248,0,CaoMeiYouRen/caomei-auth,TypeScript,216,15,1178.0,5.0
249,0,CatKang/catkang.github.io,JavaScript,26,11,222.0,2.0
250,0,CellixJs/cellixjs,TypeScript,16,0,812.0,8.0
251,0,CesiumGS/cesium-ai-integrations,TypeScript,24,2,89.0,4.0
252,0,ChainSafe/lodestar,TypeScript,1405,439,11116.0,149.0
253,0,ChaosChain/chaoschain,TypeScript,22,15,199.0,6.0
254,0,CharlesWiltgen/Axiom,TypeScript,629,52,466.0,1.0
255,0,Charlie85270/Dorothy,TypeScript,203,30,161.0,4.0
256,0,Chemaclass/unspent,PHP,14,0,104.0,1.0
257,0,Chen-zexi/open-ptc-agent,Python,693,80,44.0,1.0
258,0,Chia-Network/cadt,JavaScript,39,14,2574.0,29.0
259,0,ChicagoHAI/OpenAIReview,Python,43,4,73.0,6.0
260,0,ChristopherKahler/carl,Python,208,23,33.0,1.0
261,0,ChurchCRM/CRM,PHP,830,520,13788.0,87.0
262,0,CircleCI-Public/chunk-cli,TypeScript,28,2,155.0,10.0
263,0,Claudate/project-multilevel-index,JavaScript,93,4,45.0,1.0
264,0,CloudAI-X/opencode-workflow,TypeScript,183,17,5.0,1.0
265,0,Clyra-AI/gait,Go,11,3,268.0,3.0
266,0,CodSpeedHQ/codspeed,Rust,108,12,580.0,6.0
267,0,Code-MonkeyZhang/mini-agent-ts,TypeScript,10,1,84.0,2.0
268,0,Codename-11/Stash-Downloader,TypeScript,10,2,388.0,2.0
269,0,Codename-Inc/spectre,JavaScript,115,12,212.0,2.0
270,0,Codennnn/Green-Wall,TypeScript,793,43,443.0,8.0
271,0,Cognigy/Extensions,TypeScript,30,59,1773.0,53.0
272,0,CoinStatsHQ/coinstats-cli,TypeScript,13,0,9.0,1.0
273,0,CommonHuman-Lab/hexstrike-ai-community-edition,Python,23,6,73.0,3.0
274,0,Community-Access/accessibility-agents,JavaScript,186,18,217.0,8.0
275,0,ComposioHQ/composio,TypeScript,27376,4483,3310.0,42.0
276,0,Conectate/ct-elements,TypeScript,15,3,287.0,1.0
277,0,Consensys/linea-monorepo,Go,113,132,3371.0,74.0
278,0,ConstantineB6/comfy-pilot,Python,131,26,47.0,2.0
279,0,CoolBanHub/aggo,Go,21,1,103.0,2.0
280,0,CooperAgent/cooper,TypeScript,67,7,583.0,11.0
281,0,CopilotKit/llmock,TypeScript,92,4,104.0,3.0
282,0,CoplayDev/unity-mcp,C#,7039,843,1004.0,43.0
283,0,CoreWCF/CoreWCF,C#,1763,312,689.0,97.0
284,0,Cranot/roam-code,Python,417,37,190.0,3.0
285,0,Creatiwity/siren,Rust,20,1,427.0,5.0
286,0,CryptoLabInc/rune,Python,13,2,45.0,3.0
287,0,D4Vinci/Scrapling,Python,29644,2248,1235.0,11.0
288,0,DGouron/review-flow,TypeScript,27,6,257.0,5.0
289,0,DNYoussef/context-cascade,Python,22,6,238.0,1.0
290,0,DV0x/creative-ad-agent,TypeScript,83,23,21.0,1.0
291,0,DanConwayDev/ngit-cli,Rust,49,6,886.0,6.0
292,0,DanSnow/vue-recaptcha,TypeScript,897,137,2905.0,26.0
293,0,DangJin/pdf2video,TypeScript,370,31,5.0,1.0
294,0,Danm72/mission-control,TypeScript,72,16,24.0,1.0
295,0,DataDog/datadog-agent,Go,3544,1389,32797.0,813.0
296,0,DataDog/dd-trace-dotnet,C#,546,154,6355.0,114.0
297,0,DataDog/dd-trace-java,Java,696,329,16788.0,262.0
298,0,DataDog/saluki,Rust,33,9,1057.0,26.0
299,0,DataRecce/recce,TypeScript,446,25,4766.0,20.0
300,0,DaveSkender/Stock.Indicators,C#,1184,266,1274.0,20.0
301,0,DavidROliverBA/ArchitectKB,JavaScript,16,5,103.0,2.0
302,0,Debbl/shadcn-hooks,TypeScript,50,5,217.0,3.0
303,0,DecapodLabs/decapod,Rust,179,19,1565.0,5.0
304,0,Deepractice/AgentX,TypeScript,82,9,809.0,20.0
305,0,Deepractice/RoleX,TypeScript,33,1,243.0,2.0
306,0,DemonDamon/AgenticX,Python,18,2,1104.0,2.0
307,0,DerstedtCasper/vcp-code-2.0,TypeScript,25,4,31948.0,884.0
308,0,DeusData/codebase-memory-mcp,C,666,69,95.0,5.0
309,0,DevExpGbb/gh-devlake,Go,14,4,103.0,4.0
310,0,Devolutions/UniGetUI,C#,21846,737,7743.0,100.0
311,0,Dimillian/CodexMonitor,TypeScript,3107,297,936.0,70.0
312,0,DoIT-Artificial-Intelligence/youtube-to-docs,Python,34,5,324.0,4.0
313,0,DolbonIn/ultraworker,Python,13,1,9.0,2.0
314,0,DomVinyard/NotMCP,Python,10,1,17.0,1.0
315,0,DomainLang/DomainLang,TypeScript,10,0,536.0,3.0
316,0,DotNetAge/mindx,Go,27,8,42.0,1.0
317,0,DotNetLabX/dotnet-microservices,C#,11,4,8.0,1.0
318,0,Dowwie/tasker,Go,18,1,69.0,1.0
319,0,DwainTR/superpowers-copilot,JavaScript,10,0,2.0,1.0
320,0,DyHex/POMWright,TypeScript,54,8,240.0,5.0
321,0,EasyCorp/EasyAdminBundle,PHP,4271,1095,8194.0,633.0
322,0,Ed1s0nZ/CyberStrikeAI,Go,2831,461,587.0,2.0
323,0,Ekozmaster/Vibe-Reverse-Engineering,Python,12,2,9.0,2.0
324,0,EmZod/Speak-Turbo,Python,16,1,32.0,1.0
325,0,EmaFanClub/EverMemoryArchive,TypeScript,18,9,80.0,15.0
326,0,EnactProtocol/enact,TypeScript,17,3,213.0,2.0
327,0,EthanAlgoX/MarketBot,Python,55,9,322.0,1.0
328,0,EtienneLescot/n8n-as-code,TypeScript,485,65,715.0,4.0
329,0,Evan-XYZ/YMOS,Python,49,9,18.0,1.0
330,0,EvannZhongg/nanobot-desktop,Python,30,12,274.0,39.0
331,0,Eventual-Inc/Daft,Rust,5301,416,4012.0,137.0
332,0,EvotecIT/UltimateHtmlViewer,TypeScript,12,1,171.0,2.0
333,0,Expensify/App,TypeScript,4754,3625,236556.0,2325.0
334,0,FHIR/sql-on-fhir-v2,JavaScript,131,34,826.0,30.0
335,0,FRCTeam1073-TheForceTeam/viper,JavaScript,19,9,1449.0,12.0
336,0,FREEZONEX/Tier0-Edge,JavaScript,161,24,69.0,6.0
337,0,FaberSober/fa-antd-admin,TypeScript,20,3,717.0,2.0
338,0,Fannon/u-he-preset-randomizer,TypeScript,24,3,167.0,3.0
339,0,Feel-ix-343/markdown-oxide,Rust,1991,75,808.0,40.0
340,0,FilipeJesus/lanes,TypeScript,10,1,366.0,3.0
341,0,Finesssee/linear-cli,Rust,49,9,283.0,4.0
342,0,FireRedTeam/FireRed-OpenStoryline,Python,1096,106,29.0,6.0
343,0,FishPiOffical/tiaoom,TypeScript,17,13,455.0,7.0
344,0,Flexasaurusrex/OpenPaw,TypeScript,12,0,14274.0,800.0
345,0,ForLoopCodes/contextplus,TypeScript,1463,93,80.0,7.0
346,0,Forget-C/Jellyfish,TypeScript,104,12,37.0,2.0
347,0,FouadMagdy01/RNCopilot,TypeScript,25,8,23.0,1.0
348,0,FredericMN/Coder-Codex-Gemini,Python,163,18,69.0,2.0
349,0,FunnyWolf/agentic-soc-platform,Python,604,79,199.0,1.0
350,0,G-Core/gcore-go,Go,35,1,745.0,7.0
351,0,G-Core/gcore-python,Python,40,2,731.0,9.0
352,0,G4brym/workers-qb,TypeScript,386,25,212.0,9.0
353,0,GCWing/BitFun,TypeScript,451,47,305.0,11.0
354,0,GGPrompts/TFE,Go,12,1,233.0,1.0
355,0,GGPrompts/TabzChrome,TypeScript,134,10,1074.0,1.0
356,0,Galbaz1/video-research-mcp,Python,15,2,217.0,2.0
357,0,GeminiLight/MindOS,TypeScript,57,0,37.0,1.0
358,0,GeneBO98/tradetally,JavaScript,192,37,907.0,11.0
359,0,Gentleman-Programming/engram,Go,1343,129,114.0,8.0
360,0,GeoloeG-IsT/agents-reverse-engineer,TypeScript,11,4,705.0,1.0
361,0,GigabrainGG/HyPaper,TypeScript,17,5,15.0,1.0
362,0,GitHamza0206/simba,TypeScript,1438,104,437.0,7.0
363,0,GitTools/GitVersion,C#,3093,663,7581.0,375.0
364,0,GoBeromsu/Metadata-Auto-Classifier,TypeScript,49,3,529.0,2.0
365,0,GoBetterAuth/go-better-auth,Go,158,18,109.0,3.0
366,0,GoPlausible/algorand-mcp,TypeScript,41,18,239.0,2.0
367,0,GoPlusSecurity/agentguard,TypeScript,354,54,18.0,2.0
368,0,Goldziher/ai-rulez,Go,93,7,339.0,4.0
369,0,Goldziher/spikard,Rust,101,4,1714.0,3.0
370,0,GoogleChrome/chromium-dashboard,Python,715,488,4636.0,76.0
371,0,GoogleChrome/webstatus.dev,Go,228,47,1645.0,16.0
372,0,GoogleChromeLabs/web-ai-demos,JavaScript,288,67,510.0,13.0
373,0,GoogleCloudPlatform/db-context-enrichment,Go,24,5,86.0,7.0
374,0,GoogleCloudPlatform/scion,Go,17,3,1690.0,2.0
375,0,GraflowAI/graflow,Python,36,0,419.0,1.0
376,0,GreptimeTeam/docs,TypeScript,44,52,1626.0,62.0
377,0,GuDaStudio/collaborating-with-codex,Python,120,11,5.0,2.0
378,0,GuDaStudio/collaborating-with-gemini,Python,12,3,6.0,2.0
379,0,HAI3org/HAI3,TypeScript,27,33,676.0,18.0
380,0,HKUDS/DeepCode,Python,14890,2011,139.0,8.0
381,0,HKUDS/nanobot,Python,33504,5575,1278.0,166.0
382,0,HKUSTDial/DeepEar,Python,64,8,68.0,1.0
383,0,HSn0918/kubernetes-mcp,Go,29,3,89.0,3.0
384,0,Hack23/cia,Java,213,53,17026.0,25.0
385,0,Hacknock/lobsterjs,TypeScript,36,5,101.0,1.0
386,0,HammerGPT/Hyper-Alpha-Arena,Python,684,199,536.0,7.0
387,0,Harmeet10000/AgentNexus-LangChain-FastAPI,Python,21,4,46.0,1.0
388,0,Harryoung/efka,Python,94,17,152.0,1.0
389,0,Harvest-Forged-Code/Analyser,Python,10,0,127.0,1.0
390,0,HathorNetwork/hathor-wallet-lib,TypeScript,22,14,871.0,14.0
391,0,HazelnutParadise/insyra,Go,52,2,1559.0,7.0
392,0,HeadyZhang/agent-audit,Python,107,11,70.0,14.0
393,0,Helweg/opencode-codebase-index,TypeScript,18,4,145.0,3.0
394,0,Heyvhuang/ship-faster,TypeScript,319,54,81.0,3.0
395,0,Hidden-History/ai-memory,Python,24,4,325.0,3.0
396,0,Higangssh/ghostmeet,Python,12,0,16.0,1.0
397,0,Higangssh/homebutler,Go,28,6,138.0,4.0
398,0,Hmbown/Hegelion,Python,137,12,264.0,5.0
399,0,Hmbown/MiniMax-CLI,Rust,10,3,90.0,1.0
400,0,Hmbown/aleph,Python,176,19,114.0,3.0
401,0,Hmbown/rlmagents,Python,44,2,688.0,58.0
402,0,HoangTheQuyen/think-better,Python,58,11,43.0,4.0
403,0,HolmesGPT/holmesgpt,Python,1972,258,1256.0,53.0
404,0,HuangShengZeBlueSky/MLP_AutoResearch,Python,32,0,8.0,1.0
405,0,HugoRCD/evlog,TypeScript,823,24,299.0,19.0
406,0,Hulupeep/Specflow,JavaScript,24,4,96.0,2.0
407,0,Hyaxia/blogwatcher,Go,81,14,32.0,1.0
408,0,HyunjunJeon/Deepagent-research-context-engineering,Python,46,22,40.0,1.0
409,0,I-Synergy/I-Synergy.Framework,C#,10,2,1574.0,4.0
410,0,IBM/ado,Python,39,4,339.0,9.0
411,0,IBM/bob-demo,Java,11,7,40.0,5.0
412,0,IBM/fp-go,Go,1942,70,547.0,17.0
413,0,IBM/ibm-watsonx-orchestrate-adk,Python,139,59,1563.0,136.0
414,0,INQTR/poker-planning,TypeScript,107,33,287.0,7.0
415,0,IQAIcom/adk-ts,TypeScript,115,17,3028.0,18.0
416,0,ITISFoundation/osparc-simcore,Python,51,31,5448.0,24.0
417,0,IanShaw027/wemp-operator,JavaScript,54,15,3.0,1.0
418,0,IgniteUI/igniteui-webcomponents,TypeScript,166,10,2081.0,46.0
419,0,IgorGanapolsky/trading,Python,23,4,7542.0,19.0
420,0,Illuminated2020/DeepAgents-AutoGLM,Python,105,13,37.0,1.0
421,0,InstalabsAI/instagit,TypeScript,14,2,14.0,3.0
422,0,Intelligence-Factory-LLC/Buffaly.CodexEmbedded,JavaScript,12,0,284.0,1.0
423,0,ItMeDiaTech/rag-cli,Python,34,5,117.0,3.0
424,0,Its-Nyein/shadcn-admin,TypeScript,41,8,51.0,1.0
425,0,ItsWendell/palot,TypeScript,55,3,196.0,4.0
426,0,IvanLi-CN/tavily-hikari,Rust,150,30,729.0,2.0
427,0,IvanMurzak/ReflectorNet,C#,12,2,593.0,4.0
428,0,JQR-crbf/memory-system,Python,10,0,2.0,1.0
429,0,Jacke/doradura,Rust,21,2,599.0,1.0
430,0,JaguarJack/catch-admin,PHP,895,138,315.0,5.0
431,0,JameZUK/Arkana,Python,16,2,502.0,4.0
432,0,JamieMason/syncpack,Rust,1954,71,811.0,33.0
433,0,JanDeDobbeleer/oh-my-posh,Go,21802,2705,4965.0,496.0
434,0,JanSmrcka/differ,Go,18,0,62.0,1.0
435,0,JaredStewart/coderlm,Rust,186,16,14.0,1.0
436,0,JarvusInnovations/hologit,JavaScript,20,2,1068.0,3.0
437,0,JasonXuDeveloper/JEngine,C#,2186,341,1166.0,18.0
438,0,JetBrains/teamcity-cli,Go,46,4,254.0,5.0
439,0,JetBrains/youtrackdb,Java,131,9,24746.0,209.0
440,0,JianYang-Lab/gsMap,Python,197,16,491.0,9.0
441,0,Jij-Inc/Qamomile,Python,14,8,1524.0,18.0
442,0,JinFanZheng/kode-sdk-csharp,C#,56,18,32.0,3.0
443,0,Jinsong-Zhou/xhs-autopilot,Python,17,4,6.0,1.0
444,0,JohNan/homeassistant-homevolt-local,Python,13,1,66.0,4.0
445,0,JohanBlome/encapp,Java,25,17,1100.0,12.0
446,0,Joncik91/ucai,JavaScript,27,2,91.0,2.0
447,0,Joonghyun-Lee-Frieren/oh-my-gemini-cli,JavaScript,57,2,58.0,1.0
448,0,JordanCoin/codemap,Go,474,43,106.0,5.0
449,0,JosXa/opencode-snippets,TypeScript,37,2,120.0,4.0
450,0,JoshKarpel/counterweight,Python,18,2,269.0,4.0
451,0,Jovancoding/Network-AI,TypeScript,20,7,224.0,5.0
452,0,JsonLee12138/agent-team,Go,17,3,137.0,4.0
453,0,JubaKitiashvili/everything-react-native-expo,JavaScript,16,0,97.0,1.0
454,0,JulienBreux/run-cli,Go,24,1,271.0,1.0
455,0,JustasMonkev/mcp-accessibility-scanner,TypeScript,43,11,161.0,4.0
456,0,Jxck/sptth,Rust,124,5,63.0,1.0
457,0,KASAHARA-Kyohei/vikokoro,TypeScript,33,6,41.0,1.0
458,0,Kaggle/kaggle-environments,JavaScript,369,165,1370.0,51.0
459,0,KarmaloopAI/Jiva,TypeScript,20,6,91.0,3.0
460,0,KartikLabhshetwar/screenshot-studio,TypeScript,560,98,391.0,18.0
461,0,KashyapTan/Xpdite,Python,11,3,216.0,1.0
462,0,Kastalien-Research/thoughtbox,TypeScript,49,11,418.0,8.0
463,0,Kesin11/actions-timeline,TypeScript,328,7,576.0,5.0
464,0,Kevandrew/sophia,Go,17,0,913.0,1.0
465,0,Kevin7Qi/codex-collab,TypeScript,62,4,60.0,1.0
466,0,Kewton/CommandMate,TypeScript,12,3,1102.0,1.0
467,0,KeygraphHQ/xbow-validation-benchmarks,PHP,23,5,13.0,2.0
468,0,Kilo-Org/kilo-marketplace,Python,53,16,211.0,31.0
469,0,Kilo-Org/kilocode,TypeScript,16706,2153,13426.0,891.0
470,0,Klavis-AI/klavis,Python,5663,539,1287.0,40.0
471,0,Kong/kongctl,Go,13,13,547.0,12.0
472,0,KrauseFx/beeper-cli,Go,25,0,5.0,3.0
473,0,KrystianJonca/lnai,TypeScript,234,2,82.0,1.0
474,0,Kuadrant/dns-operator,Go,10,17,813.0,19.0
475,0,Kyome22/RunCat365,C#,9934,814,444.0,31.0
476,0,L-1124/QQMusicApi,Python,297,75,541.0,9.0
477,0,L-Blondy/up-fetch,TypeScript,1386,17,1008.0,4.0
478,0,LF-Decentralized-Trust-labs/chaindeploy,Go,12,3,40.0,2.0
479,0,LIDR-academy/AI4Devs-LTI-extended,TypeScript,42,65,39.0,1.0
480,0,LM-Kit/lm-kit-net-samples,C#,38,7,173.0,1.0
481,0,LSTM-Kirigaya/Lagrange.onebot,TypeScript,48,1,70.0,4.0
482,0,LSTM-Kirigaya/Tiphareth,TypeScript,24,1,67.0,2.0
483,0,Larusso/unity-version-manager,Rust,41,9,462.0,4.0
484,0,LdotJdot/OpenLum,JavaScript,26,5,8.0,1.0
485,0,LeCheenaX/WordFlow-Tracker,TypeScript,25,2,397.0,1.0
486,0,LedgerHQ/ledger-live,TypeScript,568,454,49322.0,437.0
487,0,Leeroo-AI/kapso,Python,81,6,183.0,7.0
488,0,Leeroo-AI/superml,Python,54,8,58.0,1.0
489,0,LerianStudio/ring,Python,135,15,1834.0,16.0
490,0,LetPeopleWork/Lighthouse,TypeScript,12,1,4060.0,5.0
491,0,Lianggs8/auto-survey-agent,Python,10,0,9.0,1.0
492,0,LibPDF-js/core,TypeScript,1613,46,215.0,8.0
493,0,Linfee/spec-kit-cn,Python,543,101,71.0,4.0
494,0,Lingyuzhou111/dow-ipad-859,Python,197,45,178.0,2.0
495,0,LocalKinAI/ollamadiffuser,Python,13,3,30.0,2.0
496,0,Lombiq/Open-Source-Orchard-Core-Extensions,C#,55,21,15139.0,36.0
497,0,LowyShin/giip-dev-agent,JavaScript,26,3,37.0,2.0
498,0,LunaDeerMC/Dominion,Java,108,24,1018.0,11.0
499,0,Luohaothu/everything-codex,JavaScript,11,1,92.0,24.0
500,0,M5Fly-kanazawa/stampfly_ecosystem,C,19,1,814.0,1.0
501,0,MCPCat/webmcp-react,TypeScript,14,1,38.0,2.0
502,0,MDA2AV/Http11Probe,C#,13,5,219.0,4.0
503,0,METR/inspect-action,Python,21,10,709.0,14.0
504,0,MGdaasLab/WHartTest,Python,711,98,587.0,5.0
505,0,MTES-MCT/dossierfacile-backend,Java,23,10,2255.0,15.0
506,0,Maksandre/w3wallets,TypeScript,73,14,51.0,4.0
507,0,MarcSkovMadsen/holoviz-mcp,Python,28,11,518.0,6.0
508,0,MarcelMichau/fake-survey-generator,C#,86,18,4052.0,7.0
509,0,MarketSquare/robotframework-browser,Python,633,140,6015.0,64.0
510,0,MarsonShine/Books,C#,49,10,982.0,7.0
511,0,Martian-Engineering/volt,TypeScript,176,18,9342.0,743.0
512,0,MatterHackers/agg-sharp,C#,187,76,5391.0,20.0
513,0,Mayandev/notion-avatar,TypeScript,3184,261,237.0,11.0
514,0,McShelby/hugo-theme-relearn,JavaScript,586,233,3180.0,131.0
515,0,MeisnerDan/mission-control,TypeScript,267,24,9.0,2.0
516,0,Melkeydev/undrift,TypeScript,23,3,19.0,2.0
517,0,MemTensor/MemOS,Python,6877,617,1085.0,43.0
518,0,MeowLynxSea/yororen-ui,Rust,233,6,107.0,1.0
519,0,MervinPraison/PraisonAI,Python,5665,778,2945.0,31.0
520,0,MetalLegBob/solana-vibes-kit,JavaScript,14,0,144.0,1.0
521,0,MeteoraAg/meteora-invent,TypeScript,30,31,330.0,10.0
522,0,MichaelAyles/bitwise-mcp,Python,11,1,34.0,1.0
523,0,Michaelliv/cc-dejavu,TypeScript,19,3,19.0,2.0
524,0,Michaelliv/psst,TypeScript,101,7,68.0,2.0
525,0,Mieluoxxx/opcd,Rust,19,2,43.0,1.0
526,0,MigoXLab/coderio,TypeScript,89,10,9.0,4.0
527,0,Mikoshiba-Kyu/vscode-barretta,TypeScript,17,3,45.0,3.0
528,0,Minh-Tam-Solution/tinysdlc,TypeScript,10,8,40.0,1.0
529,0,MiniMax-AI/Mini-Agent,Python,1844,278,54.0,12.0
530,0,MiroMindAI/MiroFlow,Python,2750,285,235.0,15.0
531,0,MisterClean/chicago-crashes-pipeline,Python,21,0,158.0,2.0
532,0,MitulShah1/openai-agents-go,Go,34,3,73.0,2.0
533,0,MoaidHathot/Zakira.Imprint,C#,15,3,24.0,2.0
534,0,ModelEngine-Group/fit-framework,Java,2105,330,774.0,31.0
535,0,MohmmedAshraf/laravel-translations,PHP,803,116,245.0,33.0
536,0,MohtashamMurshid/md-to-docx,TypeScript,61,16,84.0,8.0
537,0,MoomFE/mixte,TypeScript,18,2,1180.0,3.0
538,0,MoonshotAI/kimi-agent-rs,Rust,39,4,9.0,1.0
539,0,MoonshotAI/kimi-cli,Python,7159,717,1161.0,46.0
540,0,MorphiaOrg/morphia,Java,1677,453,5109.0,77.0
541,0,Mq-b/Lab2QRCode,C++,15,10,138.0,8.0
542,0,Mr-Leshiy/shell-cell,Rust,14,0,153.0,1.0
543,0,MrLesk/Backlog.md,TypeScript,5132,270,801.0,22.0
544,0,MrLesk/agents-council,TypeScript,24,17,96.0,1.0
545,0,Mulily0513/Omni,Python,15,1,2.0,1.0
546,0,Muneerali199/Draftdeckai,TypeScript,44,134,877.0,60.0
547,0,Musenn/finrpa-enterprise,Python,21,1,48.0,1.0
548,0,Myriad-Dreamin/tinymist,Rust,2983,130,1732.0,63.0
549,0,MystenLabs/sui,Rust,7629,11709,19230.0,494.0
550,0,MystenLabs/walrus,Rust,339,107,2042.0,50.0
551,0,NJX-njx/opensoul,TypeScript,42,5,189.0,7.0
552,0,NPC-Worldwide/npcsh,Python,248,16,420.0,2.0
553,0,NSHipster/sosumi.ai,TypeScript,348,18,39.0,3.0
554,0,NTTDATA-DACH/viewnode,Go,20,3,178.0,2.0
555,0,NVIDIA-NeMo/DataDesigner,Python,806,66,312.0,15.0
556,0,NVIDIA-NeMo/Evaluator,Python,229,35,745.0,27.0
557,0,NVIDIA-NeMo/Gym,Python,723,85,358.0,44.0
558,0,NVIDIA/OSMO,TypeScript,107,19,421.0,16.0
559,0,NVIDIA/multi-storage-client,Python,60,13,638.0,14.0
560,0,NVIDIA/nv-cloud-function-helpers,Python,18,8,62.0,8.0
561,0,NVIDIA/sphinx-llm,Python,14,2,68.0,1.0
562,0,Narcooo/inkos,TypeScript,528,109,104.0,1.0
563,0,Naridon-Inc/aura,Rust,19,0,78.0,1.0
564,0,NatLabRockies/torc,Rust,13,4,930.0,5.0
565,0,Nebu1eto/sheetkit,Rust,34,1,184.0,2.0
566,0,Nethereum/Nethereum,C#,2244,743,2539.0,101.0
567,0,Nexo-Agent/nexo,TypeScript,10,2,499.0,1.0
568,0,NguyenSiTrung/Conductor-Beads,Python,20,4,26.0,3.0
569,0,Niceck/hhxg-top-hhxg-python,Python,17,3,27.0,1.0
570,0,NikitaDmitryuk/telegram-media-server,Go,16,3,339.0,2.0
571,0,No-Trade-No-Life/Yuan,TypeScript,349,51,2406.0,8.0
572,0,NoOne-hub/JSReverser-MCP,TypeScript,97,27,90.0,1.0
573,0,NomaDamas/AutoRAG-Research,Python,84,16,120.0,2.0
574,0,NousResearch/pokemon-agent,Python,25,4,6.0,1.0
575,0,Nova-Hunting/nova-tracer,Python,84,8,27.0,4.0
576,0,Nubaeon/empirica,Python,189,22,1458.0,5.0
577,0,Nunchi-trade/agent-cli,Python,181,66,64.0,1.0
578,0,OTRF/ThreatHunter-Playbook,Python,4496,850,477.0,18.0
579,0,OmerFarukOruc/antigravity-dashboard,TypeScript,33,2,38.0,3.0
580,0,OmniLens/OmniLens,TypeScript,34,3,95.0,3.0
581,0,Open-Quant/openquant,Rust,29,3,76.0,1.0
582,0,OpenBB-finance/backends-for-openbb,Python,159,48,371.0,10.0
583,0,OpenBMB/ChatDev,Python,31636,3909,127.0,12.0
584,0,OpenCoworkAI/open-cowork,TypeScript,634,64,316.0,11.0
585,0,OpenCut-app/OpenCut,TypeScript,46569,4820,1365.0,95.0
586,0,OpenHands/extensions,Python,72,15,101.0,11.0
587,0,OpenHands/software-agent-sdk,Python,578,173,1243.0,65.0
588,0,OpenPipe/ART,Python,9022,767,1164.0,25.0
589,0,OpenSQZ/GTPlanner,Python,268,55,271.0,9.0
590,0,OpenSecretCloud/maple-proxy,TypeScript,13,2,47.0,1.0
591,0,OpenSource03/harnss,TypeScript,126,15,121.0,3.0
592,0,OpenSwiftUIProject/DarwinPrivateFrameworks,C,24,4,127.0,2.0
593,0,OpenWhispr/openwhispr,TypeScript,1830,271,789.0,31.0
594,0,OpenXiangShan/GEM5,C++,129,71,21094.0,414.0
595,0,Opentrons/opentrons,Python,494,194,17989.0,110.0
596,0,OrangeViolin/content-pipeline,TypeScript,40,7,2.0,1.0
597,0,OriNachum/reachy-nova,Python,14,1,55.0,1.0
598,0,OsmosysSoftware/osmo-x,TypeScript,13,9,368.0,13.0
599,0,OthmanAdi/planning-with-teams,Python,13,3,9.0,2.0
600,0,OzeroHAX/AssistAgents,TypeScript,29,4,12.0,2.0
601,0,PKU-Alignment/VLA-Arena,Python,132,8,30.0,3.0
602,0,POW-Software/ByteSync,C#,151,10,187.0,2.0
603,0,PUITAR/DeepSlide,Python,49,1,20.0,2.0
604,0,PackmindHub/packmind,TypeScript,243,12,2594.0,11.0
605,0,PaddlePaddle/PaddleOCR,Python,72293,9959,6851.0,285.0
606,0,Pama-Lee/Ordo,Rust,26,3,122.0,3.0
607,0,Panniantong/Agent-Reach,Python,9121,658,193.0,10.0
608,0,PantherApex/Panther,Rust,47,7,8.0,1.0
609,0,ParadeTo/vue-tree-list,TypeScript,686,124,131.0,15.0
610,0,PaulJPhilp/EffectPatterns,TypeScript,706,22,1022.0,6.0
611,0,PaulKinlan/Co-do,TypeScript,75,8,276.0,6.0
612,0,PaulKinlan/NotebookLM-Chrome,TypeScript,60,2,521.0,6.0
613,0,PaulRBerg/cryptfolio-scripts,JavaScript,24,2,27.0,1.0
614,0,PaulRBerg/prb-effect,TypeScript,19,1,117.0,2.0
615,0,PeterBooker/veloria,Go,10,1,28.0,1.0
616,0,Phala-Network/phala-cloud,TypeScript,13,6,975.0,19.0
617,0,Philra94/homeassistant-hoymiles-cloud,Python,17,3,38.0,4.0
618,0,Piebald-AI/tweakcc,TypeScript,1317,100,473.0,24.0
619,0,PierreZ/moonpool,Rust,25,1,403.0,4.0
620,0,PinW/whisper-key-local,Python,113,19,430.0,3.0
621,0,Pipelex/pipelex,Python,630,46,888.0,5.0
622,0,PlagueHO/microsoft-foundry-jumpstart,Python,10,7,622.0,2.0
623,0,PlatformNetwork/platform,Rust,115,13,705.0,7.0
624,0,PlayFab/gsdk,C++,165,118,217.0,35.0
625,0,PlayersCommittee/gemp-swccg-public,Java,30,35,1013.0,22.0
626,0,PleasePrompto/ductor,Python,136,17,238.0,6.0
627,0,Positronic-Robotics/positronic,Python,62,8,1180.0,6.0
628,0,PostHog/duckgres,Go,59,6,407.0,9.0
629,0,PostHog/posthog-foss,Python,464,97,37300.0,441.0
630,0,Pouryaak/LokulMem,TypeScript,16,0,275.0,5.0
631,0,PowerShell/PowerShell,C#,51866,8221,11380.0,543.0
632,0,PoxenStudio/talebook,JavaScript,68,1,1931.0,16.0
633,0,Praeviso/crawl4weibo,Python,27,3,83.0,4.0
634,0,PrefectHQ/fastmcp,Python,23681,1822,3184.0,213.0
635,0,PrefectHQ/prefect,Python,21863,2163,20882.0,415.0
636,0,Priivacy-ai/spec-kitty,Python,912,66,2657.0,47.0
637,0,PrimeIntellect-ai/prime-rl,Python,1145,229,1684.0,54.0
638,0,PrimeIntellect-ai/verifiers,Python,3901,512,1321.0,67.0
639,0,Princeton-AI2-Lab/Avenir-Web,Python,18,0,22.0,2.0
640,0,ProgrammerAnthony/Anything-Extract,Python,133,26,25.0,1.0
641,0,Project-HAMi/HAMi,Go,3091,484,1231.0,123.0
642,0,Project-N-E-K-O/N.E.K.O,Python,781,103,802.0,29.0
643,0,ProjectMagma/Magma,C#,112,1,409.0,3.0
644,0,ProvableHQ/snarkVM,Rust,1153,1543,13782.0,97.0
645,0,ProximoSrl/Jarvis.Framework,C#,16,9,1211.0,7.0
646,0,Purple-Horizons/tick-md,JavaScript,13,2,110.0,1.0
647,0,Pushword/Pushword,PHP,21,2,367.0,2.0
648,0,Q00/ouroboros,Python,1284,120,221.0,13.0
649,0,QingJ01/Axiom,Python,22,3,15.0,1.0
650,0,Qiskit/mcp-servers,Python,21,12,658.0,10.0
651,0,Qredence/agentic-fleet,Python,92,10,780.0,9.0
652,0,Quintui/depresearch,TypeScript,21,1,12.0,1.0
653,0,QuixiAI/Hexis,Python,553,74,118.0,1.0
654,0,RANDSUM/randsum,TypeScript,12,1,1079.0,4.0
655,0,RESTGroup/rstsr,Rust,52,3,486.0,1.0
656,0,RLinf/RLinf,Python,2760,334,404.0,54.0
657,0,ROBOTIS-GIT/zenoh_ros2_sdk,Python,14,0,58.0,1.0
658,0,Rabithua/Rote,TypeScript,906,62,1092.0,3.0
659,0,RadiumAg/bilibili-favorites,TypeScript,18,0,395.0,3.0
660,0,RaheesAhmed/SajiCode,TypeScript,62,14,76.0,1.0
661,0,Railly/tinte,TypeScript,572,34,687.0,6.0
662,0,RainerSeventeen/paper-tracker,Python,34,7,54.0,1.0
663,0,Rainnny7/RESTfulMC,Java,22,1,821.0,4.0
664,0,Ranch-Hand-Robotics/rde-urdf,TypeScript,15,5,192.0,4.0
665,0,Ratler/dream-team,JavaScript,14,2,49.0,1.0
666,0,RealEstateWebTools/property_web_scraper,TypeScript,109,23,458.0,6.0
667,0,Red-Hat-AI-Innovation-Team/sdg_hub,JavaScript,122,51,330.0,28.0
668,0,Red-Hat-AI-Innovation-Team/training_hub,Python,65,22,95.0,7.0
669,0,RedHat-UX/next-gen-ui-agent,Python,14,4,329.0,10.0
670,0,Redth/Maui.Gtk,C#,85,2,149.0,1.0
671,0,Redth/MauiDevFlow,C#,43,8,221.0,6.0
672,0,ReinforceNow/reinforcenow-cli,Python,109,2,186.0,1.0
673,0,RemarkRemedy/fireplanner,TypeScript,25,4,1007.0,1.0
674,0,RevylAI/greenlight,Go,1252,83,6.0,4.0
675,0,RicherTunes/Brainarr,C#,32,0,1005.0,6.0
676,0,RickConsole/hydra,TypeScript,15,2,141.0,15.0
677,0,RightCapitalHQ/chinese-style-guide,Python,99,7,23.0,6.0
678,0,Rika-Labs/sgrep,Rust,39,2,213.0,3.0
679,0,RinDig/Interpreted-Context-Methdology,Python,123,26,14.0,1.0
680,0,RoloBits/nestjs-doctor,TypeScript,69,0,211.0,2.0
681,0,RonkTsang/gemini-chat-extension,TypeScript,13,3,63.0,2.0
682,0,RooCodeInc/Roo-Code,TypeScript,22669,2906,7035.0,297.0
683,0,Royal-lobster/code-explainer,TypeScript,64,6,157.0,1.0
684,0,RtlZeroMemory/Rezi,TypeScript,546,14,648.0,3.0
685,0,RtlZeroMemory/Zireael,C,36,3,114.0,2.0
686,0,Rune-kit/rune,JavaScript,35,12,6.0,1.0
687,0,Ruya-AI/cozempic,Python,154,6,57.0,5.0
688,0,RyanWangZf/BioDSA,Python,49,5,97.0,1.0
689,0,Ryandonofrio3/osgrep,TypeScript,1081,68,364.0,14.0
690,0,S1LV4/th0th,TypeScript,123,20,67.0,4.0
691,0,SAP/e-mobility-charging-stations-simulator,TypeScript,208,89,5589.0,25.0
692,0,SAP/fundamental-ngx,TypeScript,290,140,9799.0,109.0
693,0,SAP/spartacus,TypeScript,775,404,10860.0,195.0
694,0,SCStelz/security-investigator,Python,52,19,113.0,3.0
695,0,SGFGOV/medusa-mcp,TypeScript,51,18,28.0,2.0
696,0,SIRHAMY/light-clone,Rust,10,0,73.0,1.0
697,0,SRSWTI/axe,Python,28,4,32.0,1.0
698,0,SSShooter/ebook-to-mindmap,TypeScript,1104,138,163.0,2.0
699,0,SSShooter/mind-elixir-core,TypeScript,2968,397,967.0,35.0
700,0,STUkh/sparq-assistant,JavaScript,17,3,4.0,1.0
701,0,Safphere/opencowork,TypeScript,297,58,41.0,2.0
702,0,Sage-Bionetworks/sage-monorepo,TypeScript,27,16,2256.0,11.0
703,0,Sage/carbon,TypeScript,297,87,26194.0,187.0
704,0,Saik0s/mcp-browser-use,Python,913,111,102.0,7.0
705,0,SakanaAI/ShinkaEvolve,Python,910,182,167.0,18.0
706,0,Salesably/salesably-marketplace,Python,19,4,14.0,1.0
707,0,SamJHudson01/Carmack-Council,Python,19,1,19.0,1.0
708,0,SamMorrowDrums/remarkable-mcp,Python,75,14,158.0,3.0
709,0,Sangkwun/sandy,Python,13,1,44.0,1.0
710,0,Sankhya-AI/Dhee,Python,16,1,69.0,2.0
711,0,SawyerHood/dev-browser,TypeScript,3847,246,98.0,2.0
712,0,SawyerHood/middleman,TypeScript,128,14,523.0,2.0
713,0,SawyerHood/sawyer-mart,JavaScript,70,4,10.0,1.0
714,0,Scofieldfree/excalidraw-mcp,TypeScript,81,5,45.0,1.0
715,0,ScottRBK/forgetful,Python,194,16,184.0,2.0
716,0,Scottcjn/rustchain-mcp,Python,12,4,14.0,4.0
717,0,ScrapeGraphAI/just-scrape,TypeScript,10,0,58.0,2.0
718,0,Screenly/Playground,TypeScript,28,12,2086.0,14.0
719,0,ServiceStack/llms,JavaScript,598,26,730.0,3.0
720,0,Shadylukin/Neumann,Rust,73,6,576.0,3.0
721,0,ShapeCrawler/ShapeCrawler,C#,411,77,3686.0,28.0
722,0,ShieldBattery/ShieldBattery,TypeScript,183,30,4738.0,23.0
723,0,ShipSecAI/studio,TypeScript,235,27,1347.0,10.0
724,0,Shopify/flash-list,TypeScript,6980,358,935.0,63.0
725,0,Shopify/hydrogen,TypeScript,1907,386,2591.0,122.0
726,0,Shopify/shopify-app-js,TypeScript,506,210,6575.0,129.0
727,0,ShunsukeHayashi/Miyabi,TypeScript,16,8,338.0,6.0
728,0,SimHacker/moollm,Python,34,4,2287.0,3.0
729,0,SinShine5/aden-hive,Python,34,4,251.0,33.0
730,0,Sitecore/content-sdk,TypeScript,32,27,1117.0,19.0
731,0,Skyscanner/backpack,TypeScript,535,206,8591.0,243.0
732,0,SkyworkAI/DeepResearchAgent,Python,3240,428,132.0,4.0
733,0,Snowflake-Labs/polaris-local-forge,Python,16,3,69.0,2.0
734,0,Snowfork/snowbridge,TypeScript,309,149,1374.0,46.0
735,0,SoFriendly/orca,JavaScript,50,3,434.0,5.0
736,0,SocialGouv/egapro,TypeScript,11,11,2582.0,35.0
737,0,SocketDev/socket-sdk-js,TypeScript,45,15,1458.0,16.0
738,0,SolidLao/GenDB,C++,36,2,62.0,1.0
739,0,Soneso/stellar-php-sdk,PHP,40,19,443.0,7.0
740,0,SoundBlaster/XcodeMCPWrapper,Python,15,1,1586.0,4.0
741,0,SpartanLabsXyz/simmer-sdk,Python,33,10,322.0,4.0
742,0,SpecterOps/Nemesis,Python,940,98,1149.0,14.0
743,0,SpillwaveSolutions/agent-brain,Python,61,12,365.0,3.0
744,0,SprocketLab/slop-code-bench,Python,19,2,56.0,1.0
745,0,Srajangpt1/ai_security_crew,Python,36,12,35.0,3.0
746,0,Stage-11-Agentics/lattice,Python,24,2,411.0,2.0
747,0,StarlightDamian/seagull,Python,14,4,133.0,1.0
748,0,StepfenShawn/kota,Rust,86,8,48.0,3.0
749,0,Stepuuu/portfolio-daily-tracker,Python,29,4,12.0,1.0
750,0,SudoMaker/rEFui,JavaScript,83,2,543.0,1.0
751,0,SujalXplores/v0.diy,TypeScript,131,72,123.0,4.0
752,0,SukramJ/aiohomematic,Python,163,25,1932.0,20.0
753,0,SumoLogic/sumologic-documentation,TypeScript,40,234,5837.0,198.0
754,0,Sunpeak-AI/sunpeak,TypeScript,156,6,466.0,3.0
755,0,Sunshow/droidgear,TypeScript,62,6,313.0,3.0
756,0,Suvitruf/gamedev-links,Python,24,0,33.0,1.0
757,0,Svtoo/atk,Python,11,2,140.0,1.0
758,0,SwitchbackTech/compass,TypeScript,214,52,2191.0,24.0
759,0,Synerise/synerise-design,TypeScript,95,17,10421.0,57.0
760,0,THUDM/slime,Python,4758,633,1335.0,121.0
761,0,TabbyML/pochi,TypeScript,90,46,3975.0,21.0
762,0,Tahanima/playwright-java-test-automation-architecture,Java,106,92,91.0,3.0
763,0,Tai-ch0802/arc-like-chrome-extension,JavaScript,35,2,420.0,4.0
764,0,TalAter/annyang,TypeScript,6666,1044,807.0,38.0
765,0,TalexCK/Codex-Listener,Python,11,2,10.0,2.0
766,0,TaloDev/backend,TypeScript,86,9,2374.0,6.0
767,0,TanStack/cli,TypeScript,1211,152,926.0,89.0
768,0,TanStack/db,TypeScript,3650,187,828.0,59.0
769,0,TanStack/intent,TypeScript,204,5,148.0,7.0
770,0,TanStack/router,TypeScript,13858,1592,5992.0,695.0
771,0,Taoidle/plan-cascade,Rust,95,6,579.0,11.0
772,0,Tencent/tdesign-react,TypeScript,938,358,5238.0,241.0
773,0,TencentBlueKing/bk-weweb,TypeScript,10,3,45.0,2.0
774,0,TencentCloudBase/CloudBase-MCP,TypeScript,973,121,930.0,11.0
775,0,TentacleOpera/switchboard,TypeScript,103,6,12.0,1.0
776,0,TenureAI/PhD-Zero,Python,39,2,47.0,3.0
777,0,Teslemetry/hass-teslemetry,Python,17,8,104750.0,5158.0
778,0,ThalesGroup/fred,Python,42,15,952.0,22.0
779,0,Thank-you-Linus/Linus-Dashboard,TypeScript,180,5,449.0,3.0
780,0,The-17/agentsecrets,Go,63,7,49.0,2.0
781,0,The-Universal-BRC-20-Extension/Simplicity,Python,11,4,8.0,2.0
782,0,The-Vibe-Company/companion,TypeScript,2192,275,434.0,16.0
783,0,TheCardGoat/tcg-engines,TypeScript,12,5,387.0,6.0
784,0,TheCraigHewitt/seomachine,Python,2702,433,15.0,1.0
785,0,TheOrcDev/8bitcn-ui,TypeScript,1725,105,545.0,37.0
786,0,ThierryN/fire-flow,Python,58,19,2.0,1.0
787,0,ThindalTV/BlazorBlocks,C#,13,1,77.0,2.0
788,0,ThinkInAIXYZ/deepchat,TypeScript,5583,641,2686.0,61.0
789,0,Thinkmill/sydjs-keystatic,TypeScript,12,6,188.0,12.0
790,0,ThirdKeyAI/SchemaPin,Python,13,6,104.0,2.0
791,0,ThirdKeyAI/Symbiont,Rust,34,7,180.0,4.0
792,0,This-Is-Captain-Code/monagotchi,C++,14,1,23.0,2.0
793,0,Thislu13/NewsPilot,Python,39,3,19.0,3.0
794,0,Tiberriver256/mcp-server-azure-devops,TypeScript,346,116,229.0,14.0
795,0,Tideseed/eptr2,Python,20,3,227.0,2.0
796,0,TidyBot-Services/Tidybot-Universe,Python,21,1,69.0,6.0
797,0,TiendaNube/nimbus-design-system,TypeScript,27,5,671.0,20.0
798,0,Tiendil/donna,Python,11,2,49.0,1.0
799,0,TomerFi/switcher_webapi,Python,13,10,1612.0,16.0
800,0,Topdu/OpenOCR,Python,1285,111,303.0,19.0
801,0,Trac-Systems/intercom,JavaScript,15,292,91.0,1.0
802,0,TrainProtocol/app,JavaScript,24,1,433.0,6.0
803,0,TryGhost/Ghost,JavaScript,52041,11382,44400.0,807.0
804,0,TsingmaoAI/xw-cli,Go,308,34,107.0,6.0
805,0,TurixAI/TuriX-CUA,Python,1533,166,188.0,4.0
806,0,TypiCMS/Base,PHP,1609,497,2432.0,14.0
807,0,UI5/webcomponents,TypeScript,1727,278,7264.0,125.0
808,0,UiPath/uipath-dev-python,TypeScript,13,1,248.0,5.0
809,0,UnboundedWeb/vue-markdown-next,TypeScript,11,0,88.0,3.0
810,0,UniClipboard/UniClipboard,Rust,17,3,914.0,4.0
811,0,UniRound-Tec/Aurogen,TypeScript,419,100,43.0,2.0
812,0,Uniswap/uniswap-ai,Python,172,25,81.0,5.0
813,0,ValidatorsDAO/slv,TypeScript,85,12,858.0,12.0
814,0,VandeeFeng/pi-memory-md,TypeScript,13,0,10.0,1.0
815,0,VapiAI/mcp-server,TypeScript,37,21,39.0,5.0
816,0,Vasallo94/ObsidianRAG,Python,29,3,103.0,2.0
817,0,VenusProtocol/venus-protocol-interface,TypeScript,62,89,6175.0,30.0
818,0,ViffyGwaanl/glm-image,Python,10,2,2.0,1.0
819,0,VimCommando/kibana-object-manager,Rust,11,2,121.0,3.0
820,0,VioletCranberry/coco-search,Python,18,3,1024.0,3.0
821,0,VisActor/VChart,TypeScript,1771,208,7966.0,47.0
822,0,VisActor/VTable,TypeScript,3488,454,9025.0,120.0
823,0,Vonage/vivid-3,TypeScript,62,15,2459.0,22.0
824,0,Vrun-design/openflowkit,TypeScript,196,35,96.0,3.0
825,0,WHQ25/agent-canvas,JavaScript,10,0,48.0,1.0
826,0,WOWCharlotte/nanobot-learn,Python,15,4,923.0,115.0
827,0,Wangmerlyn/KeepGPU,Python,22,5,98.0,4.0
828,0,WayfinderFoundation/wayfinder-paths-sdk,Python,14,4,103.0,8.0
829,0,WellApp-ai/Well,TypeScript,315,45,182.0,21.0
830,0,WendellAdriel/laravel-validated-dto,PHP,758,46,228.0,23.0
831,0,Whamp/pi-read-map,TypeScript,12,2,67.0,3.0
832,0,Whamp/pi-rlm,Python,13,2,44.0,2.0
833,0,Wolfe-Jam/grok-faf-mcp,TypeScript,16,1,77.0,2.0
834,0,Women-Coding-Community/wcc-backend,Java,19,52,622.0,24.0
835,0,Woyken/py-huckleberry-api,Python,19,10,76.0,6.0
836,0,Wuuu-uu/nanobot-feishu-specilized,Python,11,1,194.0,23.0
837,0,XS-MLVP/UCAgent,Python,102,22,743.0,10.0
838,0,XSpoonAi/spoon-core,Python,364,45,599.0,23.0
839,0,Xaiver03/openwork-cn,TypeScript,10,3,75.0,11.0
840,0,Xerus-ai/openwork,TypeScript,31,1,41.0,4.0
841,0,XiaoConstantine/rlm-go,Go,11,5,43.0,1.0
842,0,XiaoConstantine/sgrep,Go,11,2,82.0,1.0
843,0,XiaoMi/mone,Java,1149,179,4361.0,55.0
844,0,Xmaster6y/tdhook,Python,11,0,91.0,2.0
845,0,Xray-App/xray-code-snippets,Python,27,11,108.0,6.0
846,0,Xuanwo/xurl,Rust,152,11,73.0,2.0
847,0,XueHua-s/fast-md5-web,TypeScript,95,9,59.0,4.0
848,0,YUST777/verdict-community,JavaScript,95,0,27.0,2.0
849,0,YYHDBL/MyCodeAgent,Python,152,31,79.0,1.0
850,0,Yangchengshuai/Aerotri-Web,JavaScript,15,5,91.0,3.0
851,0,Yayasan-Digital-Islami-Indonesia/quran-api-go,Go,22,14,48.0,8.0
852,0,Yelp/paasta,Python,1723,248,14716.0,274.0
853,0,YesWeAreBot/YesImBot,TypeScript,168,9,854.0,2.0
854,0,YichengYang-Ethan/oracle3,Python,125,12,62.0,2.0
855,0,YotpoLtd/cADR,TypeScript,12,1,154.0,2.0
856,0,Yourdaylight/stock_datasource,Python,62,17,186.0,6.0
857,0,YunYouJun/valaxy,TypeScript,1070,130,1549.0,46.0
858,0,YunjueTech/Yunjue-Agent,Python,404,47,34.0,6.0
859,0,ZSPSTRIVE/SpringAI-langchain-StudyBot,Java,46,8,29.0,1.0
860,0,Zaloog/kanban-tui,Python,222,10,793.0,8.0
861,0,Zendevve/Antigravity-Usage,TypeScript,32,3,20.0,1.0
862,0,ZenoxZX/trello-cli,C#,18,2,21.0,3.0
863,0,ZhangHanDong/agent-spec,Rust,72,6,27.0,1.0
864,0,ZhangHanDong/agent-teams-rs,Rust,14,5,2.0,1.0
865,0,Zhen-Bo/pragmatic-clean-code-reviewer,Python,101,8,4.0,1.0
866,0,ZhenHuangLab/collaborating-with-gemini-cli,Python,20,3,3.0,1.0
867,0,ZhuLinsen/daily_stock_analysis,Python,20078,20715,412.0,52.0
868,0,ZhuoZhuoCrayon/throttled-py,Python,623,31,127.0,6.0
869,0,ZimoLiao/scholaraio,Python,144,17,132.0,2.0
870,0,a-yeyang/AI-researcher,Python,92,9,9.0,1.0
871,0,a16z/jolt,Rust,960,296,3122.0,95.0
872,0,a2aproject/a2a-java,Java,359,134,628.0,38.0
873,0,aalmada/BookStore,C#,15,0,416.0,3.0
874,0,aannoo/hcom,Rust,141,17,78.0,2.0
875,0,aaronjoeldev/cashlytics-ai,TypeScript,46,2,283.0,4.0
876,0,aatrooox/imgx,TypeScript,118,8,233.0,1.0
877,0,aave/aave-v4-sdk,TypeScript,13,8,1494.0,12.0
878,0,abagames/crisp-game-lib,TypeScript,631,75,530.0,5.0
879,0,abapify/adt-cli,TypeScript,16,1,572.0,5.0
880,0,abashev/vfs-s3,Java,102,52,436.0,23.0
881,0,abdullah1854/MCPGateway,TypeScript,12,2,55.0,2.0
882,0,abhi-arya1/wt,TypeScript,35,2,33.0,1.0
883,0,abracadabra50/uk-grocery-cli,TypeScript,11,3,36.0,4.0
884,0,abudhahir/superpowers,JavaScript,11,0,290.0,14.0
885,0,acatovic/gothicvania-codex-demo,JavaScript,13,1,9.0,1.0
886,0,accomplish-ai/accomplish,TypeScript,9773,1074,348.0,29.0
887,0,ace-step/ACE-Step-1.5,Python,7861,887,1009.0,53.0
888,0,achimala/farfield,TypeScript,171,27,219.0,4.0
889,0,aclinia/torchlight-of-building,TypeScript,26,18,1257.0,4.0
890,0,acodercat/cave-agent,Python,125,8,63.0,3.0
891,0,acornprover/acorn,Rust,40,8,4057.0,6.0
892,0,acrognale/pasture,TypeScript,23,1,113.0,1.0
893,0,actionbook/actionbook,TypeScript,1417,101,641.0,8.0
894,0,adamfilli/happy-simulator,Python,11,0,364.0,2.0
895,0,adamgell/IntuneCommander,C#,21,0,683.0,6.0
896,0,adamgell/cmtraceopen,Rust,27,0,31.0,3.0
897,0,adamjosefus/fx-fetch,TypeScript,38,0,250.0,1.0
898,0,adaptyteam/AdaptySDK-Capacitor,TypeScript,29,0,390.0,2.0
899,0,adaptyteam/AdaptySDK-React-Native,TypeScript,181,18,990.0,14.0
900,0,adawalli/nexus,TypeScript,19,7,101.0,3.0
901,0,adelpro/quran-search-engine,Python,19,37,26.0,1.0
902,0,aden-hive/hive,Python,9432,5439,2411.0,190.0
903,0,adeze/raindrop-mcp,TypeScript,131,22,353.0,3.0
904,0,adityamparikh/maven-to-gradle,Python,11,1,9.0,1.0
905,0,adobe/helix-website,JavaScript,39,56,4564.0,53.0
906,0,adobe/leonardo,JavaScript,2098,122,589.0,17.0
907,0,adobe/spectrum-web-components,TypeScript,1493,244,5141.0,140.0
908,0,adoresever/AGI_Ananas,TypeScript,148,21,37.0,4.0
909,0,adrhill/asdex,Python,22,2,112.0,2.0
910,0,advancedcommunities/salesforce-mcp-server,TypeScript,23,3,117.0,1.0
911,0,aehrc/pathling,Java,122,20,6203.0,14.0
912,0,aexol-studio/axolotl,TypeScript,27,2,237.0,10.0
913,0,affandar/duroxide,Rust,17,2,554.0,7.0
914,0,agavra/compression-golf,Rust,53,17,47.0,13.0
915,0,agavra/tuicr,Rust,401,40,149.0,27.0
916,0,agent-network-protocol/anp,Python,288,49,218.0,14.0
917,0,agent-next/agent-ready,TypeScript,14,3,100.0,2.0
918,0,agent-sandbox/agent-sandbox,Go,77,8,62.0,2.0
919,0,agent-sh/agentsys,JavaScript,595,58,670.0,5.0
920,0,agent-sh/agnix,Rust,95,11,731.0,6.0
921,0,agenteract/agenteract,TypeScript,15,0,96.0,2.0
922,0,agentfront/frontmcp,TypeScript,144,6,214.0,5.0
923,0,agenticsorg/hackathon-tv5,TypeScript,23,40,39.0,5.0
924,0,agenticsorg/lean-agentic,Rust,49,6,22.0,2.0
925,0,agents-flex/agents-flex,Java,1326,114,1194.0,53.0
926,0,agents-squads/squads-cli,TypeScript,35,1,299.0,2.0
927,0,agentscope-ai/CoPaw,Python,11481,1363,292.0,74.0
928,0,agentscope-ai/OpenJudge,Python,459,37,272.0,14.0
929,0,agentscope-ai/agentscope,Python,18117,1611,232.0,44.0
930,0,agentscope-ai/agentscope-samples,Python,238,70,158.0,23.0
931,0,agentset-ai/agentset,TypeScript,1915,168,812.0,6.0
932,0,agglayer/agglayer,Rust,115,85,619.0,54.0
933,0,agno-agi/agno,Python,38698,5116,5283.0,402.0
934,0,ahaodev/heji,TypeScript,55,15,1550.0,3.0
935,0,ahudovich/hudovich.com,TypeScript,10,2,151.0,1.0
936,0,ai-debugger-inc/aidb,Python,13,2,109.0,3.0
937,0,aicodingstack/aicodingstack.io,TypeScript,28,7,438.0,3.0
938,0,aidenybai/react-scan,TypeScript,20806,348,719.0,38.0
939,0,aifuxi/fuxiaochen,TypeScript,440,61,970.0,1.0
940,0,aikarjal/wilmai,JavaScript,22,3,54.0,2.0
941,0,aiming-lab/SimpleMem,Python,3188,311,57.0,13.0
942,0,ainergiz/xfeed,TypeScript,11,0,108.0,1.0
943,0,airas-org/airas,Python,23,0,1870.0,12.0
944,0,airbytehq/airbyte-python-cdk,Python,25,40,1791.0,105.0
945,0,airmang/hwpx-mcp-server,Python,32,12,142.0,1.0
946,0,aitytech/agentkits-marketing,Python,374,44,69.0,4.0
947,0,aitytech/agentkits-memory,TypeScript,54,5,48.0,1.0
948,0,aiven/terraform-provider-aiven,Go,130,74,3192.0,128.0
949,0,aiyuekuang/LLMProxy,Go,11,2,27.0,1.0
950,0,akash-network/console,TypeScript,258,80,2356.0,41.0
951,0,akatz-ai/cc-conversation-search,Python,15,3,34.0,2.0
952,0,akiojin/unity-cli,C#,21,1,250.0,4.0
953,0,akiojin/unity-mcp-server,JavaScript,25,7,1943.0,9.0
954,0,aklofas/kicad-happy,Python,51,5,15.0,2.0
955,0,akshan-main/vibe-check,Rust,12,0,40.0,1.0
956,0,alamenai/terrae,TypeScript,211,5,246.0,1.0
957,0,albinotonnina/echos,TypeScript,29,1,652.0,5.0
958,0,albumentations-team/albucore,Python,23,12,72.0,7.0
959,0,aldegad/agent-picker,TypeScript,10,1,13.0,1.0
960,0,alex-ilgayev/MCPSpy,C,504,74,93.0,4.0
961,0,alexcarpenter/resilient-ui,TypeScript,18,1,141.0,3.0
962,0,algal/sparky,Python,61,8,6.0,1.0
963,0,alibaba/MNN,C++,14539,2236,2802.0,163.0
964,0,alibaba/arthas,Java,37186,7635,2174.0,229.0
965,0,alibaba/higress,Go,7770,1029,1601.0,165.0
966,0,alibaba/nacos,Java,32735,13264,5713.0,511.0
967,0,alibaba/neug,C++,54,8,29.0,7.0
968,0,alibaba/spring-ai-alibaba,Java,8729,1913,3116.0,224.0
969,0,alibaizhanov/mengram,Python,100,10,297.0,1.0
970,0,alicankiraz1/indexandria,Python,44,0,8.0,1.0
971,0,aliyun/alibabacloud-adb-mysql-mcp-server,Python,26,19,14.0,5.0
972,0,aliyun/alibabacloud-dms-mcp-server,Python,30,15,171.0,9.0
973,0,aliyun/alibabacloud-rds-openapi-mcp-server,Python,49,22,189.0,10.0
974,0,allenai/OLMo-core,Python,955,185,854.0,27.0
975,0,allenai/open-instruct,Python,3627,513,1306.0,48.0
976,0,allenporter/flux-local,Python,285,38,1369.0,21.0
977,0,allenporter/gcal_sync,Python,14,7,1070.0,10.0
978,0,allenporter/home-assistant-synthetic-home,Python,16,3,844.0,3.0
979,0,allenporter/ical,Python,42,19,930.0,19.0
980,0,allenporter/pyrainbird,Python,66,34,1050.0,16.0
981,0,allenporter/python-google-nest-sdm,Python,72,17,2217.0,12.0
982,0,allenporter/supernote,Python,12,1,564.0,2.0
983,0,allisonwang-db/pyspark-data-sources,Python,91,24,61.0,9.0
984,0,alltuner/vibetuner,Python,11,0,1180.0,4.0
985,0,alma-oss/spirit-design-system,TypeScript,25,2,4070.0,30.0
986,0,almanak-co/sdk,Python,42,0,160.0,2.0
987,0,almonk/bonsplit,TypeScript,360,25,33.0,2.0
988,0,alondmnt/joplin-mcp,Python,75,9,214.0,2.0
989,0,alonw0/llm-docs-optimizer,Python,52,1,3.0,1.0
990,0,alonw0/web-asset-generator,Python,209,17,12.0,2.0
991,0,aloth/olcli,JavaScript,18,3,22.0,2.0
992,0,alphavantage/alpha_vantage_mcp,Python,100,24,134.0,4.0
993,0,alpic-ai/skybridge,TypeScript,744,41,613.0,22.0
994,0,alps-asd/app-state-diagram,TypeScript,38,11,124.0,2.0
995,0,alsk1992/CloddsBot,TypeScript,61,18,390.0,3.0
996,0,altasoft/DomainPrimitives,C#,60,2,250.0,6.0
997,0,altlimit/restruct,Go,15,0,22.0,1.0
998,0,alvarobartt/hf-mem,Python,858,78,55.0,6.0
999,0,alvinunreal/oh-my-opencode-slim,TypeScript,2089,154,154.0,23.0
1000,0,amachino/qubex,Python,16,12,2707.0,11.0
