rank,skill_count,repo,mainLanguage,stars,forks,commits,contributors
1,8082,a5c-ai/babysitter,JavaScript,441,24,1028.0,10.0
2,1730,openteams-lab/openteams,Rust,73,5,1781.0,53.0
3,1092,danielmiessler/Personal_AI_Infrastructure,TypeScript,9985,1401,575.0,24.0
4,861,proffesor-for-testing/agentic-qe,TypeScript,250,48,1153.0,7.0
5,798,ruvnet/ruflo,TypeScript,21050,2318,5960.0,12.0
6,780,hainamchung/agent-assistant,Python,36,14,13.0,1.0
7,726,nWave-ai/nWave,Python,256,30,68.0,7.0
8,714,laraxot/laravelpizza.com,PHP,26,22,505.0,2.0
9,682,gtmagents/gtm-agents,Python,115,17,18.0,2.0
10,636,sequenzia/agent-alchemy,Python,13,1,272.0,1.0
11,600,eddiebelaval/squire,Python,14,3,13.0,1.0
12,558,yonatangross/orchestkit,TypeScript,117,13,339.0,2.0
13,522,malue-ai/dazee-small,Python,30,0,193.0,9.0
14,504,DNYoussef/context-cascade,Python,22,6,238.0,1.0
15,459,hivellm/rulebook,TypeScript,10,1,423.0,3.0
16,441,kriegcloud/beep-effect,TypeScript,46,5,7803.0,728.0
17,414,jmagly/aiwg,TypeScript,97,14,648.0,4.0
18,378,Zendevve/Antigravity-Usage,TypeScript,32,3,20.0,1.0
19,360,udecode/better-convex,TypeScript,379,28,393.0,9.0
20,351,frumu-ai/tandem,Rust,73,7,1206.0,5.0
21,348,CharlesWiltgen/Axiom,TypeScript,629,52,466.0,1.0
22,348,hzqst/CS2_VibeSignatures,Python,22,2,666.0,3.0
23,345,moasq/nanowave,Go,31,7,49.0,3.0
24,339,senweaver/senweaver-ide,TypeScript,15,0,63.0,4.0
25,336,giuseppe-trisciuoglio/developer-kit,Python,161,11,380.0,3.0
26,326,CraftOS-dev/CraftBot,Python,55,5,494.0,4.0
27,318,Luohaothu/everything-codex,JavaScript,11,1,92.0,24.0
28,315,moorestech/moorestech,C#,63,7,9821.0,15.0
29,300,6BNBN/FlowPilot,TypeScript,101,7,169.0,1.0
30,298,elophanto/EloPhanto,Python,34,5,277.0,3.0
31,294,nirholas/agenti,TypeScript,42,12,182.0,4.0
32,292,openakita/openakita,Python,1219,150,1312.0,7.0
33,292,wshobson/agents,Python,31239,3426,242.0,41.0
34,282,existential-birds/beagle,Python,38,5,83.0,2.0
35,270,sunflowermm/XRK-AGT,JavaScript,88,6,619.0,1.0
36,258,OzeroHAX/AssistAgents,TypeScript,29,4,12.0,2.0
37,254,SimHacker/moollm,Python,34,4,2287.0,3.0
38,252,Community-Access/accessibility-agents,JavaScript,186,18,217.0,8.0
39,242,alsk1992/CloddsBot,TypeScript,61,18,390.0,3.0
40,231,rp1-run/rp1,TypeScript,11,3,215.0,4.0
41,228,nahisaho/MUSUBIX,TypeScript,11,2,208.0,1.0
42,225,Flexasaurusrex/OpenPaw,TypeScript,12,0,14274.0,800.0
43,225,charlietlamb/ferix,TypeScript,10,0,238.0,2.0
44,222,LerianStudio/ring,Python,135,15,1834.0,16.0
45,216,Goldziher/spikard,Rust,101,4,1714.0,3.0
46,210,gvkhosla/compound-engineering-pi,TypeScript,35,2,18.0,1.0
47,208,kagenti/kagenti,Python,110,59,2395.0,45.0
48,207,xuiltul/animaworks,Python,161,22,1944.0,11.0
49,204,Kastalien-Research/thoughtbox,TypeScript,49,11,418.0,8.0
50,200,elizaOS/eliza,TypeScript,17797,5452,17562.0,652.0
51,196,DavidROliverBA/ArchitectKB,JavaScript,16,5,103.0,2.0
52,192,matteocervelli/llms,Python,20,2,26.0,1.0
53,186,rokibulroni/WiFiDensePose,Rust,13,8,214.0,7.0
54,186,googleworkspace/cli,Rust,20319,926,216.0,36.0
55,172,openshift-eng/ai-helpers,Python,52,214,836.0,88.0
56,170,adoresever/AGI_Ananas,TypeScript,148,21,37.0,4.0
57,168,outfitter-dev/agents,TypeScript,25,0,107.0,2.0
58,158,Hack23/cia,Java,213,53,17026.0,25.0
59,154,cwinvestments/memstack,Python,45,3,120.0,1.0
60,152,ancoleman/ai-design-components,Python,310,48,81.0,2.0
61,150,ShunsukeHayashi/Miyabi,TypeScript,16,8,338.0,6.0
62,147,loonghao/auroraview,Rust,28,4,886.0,4.0
63,138,pr-pm/prpm,TypeScript,98,11,807.0,3.0
64,138,PackmindHub/packmind,TypeScript,243,12,2594.0,11.0
65,138,Larusso/unity-version-manager,Rust,41,9,462.0,4.0
66,138,TencentCloudBase/CloudBase-MCP,TypeScript,973,121,930.0,11.0
67,136,ReinaMacCredy/maestro,TypeScript,23,3,562.0,3.0
68,136,kaivyy/kabot,Python,21,6,343.0,4.0
69,136,GovTechSG/sgds-web-component,TypeScript,12,5,3303.0,18.0
70,135,pacphi/sindri,Rust,11,6,386.0,3.0
71,134,rfdiosuao/openfang-cn,Rust,22,4,2.0,1.0
72,134,williamzujkowski/standards,Python,13,0,176.0,2.0
73,132,causify-ai/helpers,Python,142,130,851.0,29.0
74,132,bytedance/agentkit-samples,Python,247,46,453.0,28.0
75,132,davidlee/spec-driver,Python,15,2,785.0,2.0
76,130,proffesor-for-testing/sentinel-api-testing,Python,36,9,144.0,2.0
77,130,daffy0208/ai-dev-standards,TypeScript,20,6,189.0,2.0
78,129,mikeOnBreeze/cc-crossbeam,Python,145,53,69.0,1.0
79,126,Heyvhuang/ship-faster,TypeScript,319,54,81.0,3.0
80,126,pbakaus/impeccable,JavaScript,8226,320,149.0,7.0
81,124,vasilyu1983/AI-Agents-public,Python,41,9,26.0,1.0
82,123,agent-sh/agnix,Rust,95,11,731.0,6.0
83,122,NJX-njx/opensoul,TypeScript,42,5,189.0,7.0
84,122,openaeon/OpenAEON,TypeScript,14,1,15.0,1.0
85,120,smallnest/langgraphgo,Go,209,34,328.0,10.0
86,120,j5ik2o/okite-ai,Python,73,2,248.0,2.0
87,118,AIDotNet/MoYuCode,TypeScript,74,15,62.0,1.0
88,117,s-hiraoku/vscode-sidebar-terminal,TypeScript,12,7,1657.0,6.0
89,117,Fu-Jie/openwebui-extensions,Python,112,9,802.0,6.0
90,116,Nethereum/Nethereum,C#,2244,743,2539.0,101.0
91,116,Rune-kit/rune,JavaScript,35,12,6.0,1.0
92,112,sd0xdev/sd0x-dev-flow,JavaScript,86,12,174.0,1.0
93,112,mangiapanejohn-dev/Resonix-AG,TypeScript,26,0,12909.0,749.0
94,111,jpoley/flowspec,Python,12,1,1444.0,6.0
95,111,mikeyobrien/rho,TypeScript,325,25,442.0,4.0
96,110,wukongrobot/wukongbot,TypeScript,14,0,14.0,1.0
97,108,thapaliyabikendra/ai-artifacts,Python,15,4,41.0,5.0
98,108,dr-robert-li/cowork-wordpress-expert,JavaScript,19,1,211.0,1.0
99,108,poteto/noodle,Go,119,6,1396.0,2.0
100,108,humansys/raise,Python,43,3,2.0,1.0
101,105,lhl/realitycheck,Python,17,0,183.0,1.0
102,105,Hidden-History/ai-memory,Python,24,4,325.0,3.0
103,105,kivo360/OmoiOS,Python,37,4,701.0,5.0
104,104,go-mizu/mizu,Go,45,3,1862.0,2.0
105,104,chenjackle45/SayIt,TypeScript,14,1,121.0,1.0
106,102,soimy/atlasify,Python,35,5,103.0,3.0
107,102,adelpro/quran-search-engine,Python,19,37,26.0,1.0
108,102,yazelin/ching-tech-os,Python,22,8,639.0,4.0
109,100,kreuzberg-dev/kreuzberg,Rust,6704,318,3821.0,27.0
110,100,krakenfx/kraken-cli,Rust,50,7,16.0,3.0
111,100,EthanAlgoX/MarketBot,Python,55,9,322.0,1.0
112,99,hua-bang/pulse-agent,TypeScript,18,0,459.0,2.0
113,98,understudy-ai/understudy,TypeScript,226,12,14.0,2.0
114,98,letta-ai/lettabot,TypeScript,270,63,425.0,21.0
115,98,TippingGame/F8FrameworkDemo,C#,38,10,155.0,1.0
116,98,jonathan-vella/azure-agentic-infraops-accelerator,Python,16,16,24.0,4.0
117,98,OpenHands/extensions,Python,72,15,101.0,11.0
118,98,TippingGame/F8Framework,C#,840,130,421.0,4.0
119,96,DGouron/review-flow,TypeScript,27,6,257.0,5.0
120,96,vudovn/antigravity-kit,TypeScript,6037,1192,28.0,7.0
121,96,janekbaraniewski/openusage,Go,11,1,69.0,2.0
122,96,mukhbit0/Flutter-Theme-Generator,TypeScript,47,5,122.0,2.0
123,96,trohitg/MachinaOS,Python,18,3,199.0,1.0
124,94,leandrosilvaferreira/gitai,Python,36,2,73.0,2.0
125,94,jonathan-vella/azure-agentic-infraops,Python,164,61,492.0,6.0
126,94,diillson/chatcli,Go,69,21,689.0,2.0
127,93,doodledood/manifest-dev,Python,60,7,112.0,3.0
128,93,RtlZeroMemory/Zireael,C,36,3,114.0,2.0
129,93,huangrt01/CS-Notes,Python,3947,484,819.0,4.0
130,92,paulpreibisch/AgentVibes,JavaScript,124,16,1053.0,6.0
131,92,xenitV1/Antigravity-Workflows,Python,129,21,23.0,3.0
132,90,bitsoex/bitso-java,JavaScript,36,30,414.0,17.0
133,90,definableai/definable.ai,Python,20,2,177.0,2.0
134,90,2025Emma/vibe-coding-cn,Python,14463,1594,130.0,2.0
135,90,vstorm-co/pydantic-deepagents,Python,452,47,142.0,7.0
136,90,exceptionless/Exceptionless,C#,2453,512,5811.0,36.0
137,90,ParadeTo/vue-tree-list,TypeScript,686,124,131.0,15.0
138,90,knowns-dev/knowns,TypeScript,124,22,171.0,4.0
139,90,jaxxstorm/proxyt,Go,102,4,39.0,2.0
140,88,drn/dots,Go,23,4,2484.0,3.0
141,88,anton-abyzov/specweave,TypeScript,88,9,2579.0,6.0
142,87,cin12211/orca-q,TypeScript,60,0,382.0,5.0
143,87,javimosch/supercli,JavaScript,13,0,345.0,1.0
144,87,microbus-io/fabric,Go,170,5,429.0,4.0
145,87,co-r-e/dexcode,TypeScript,13,1,57.0,1.0
146,84,managedcode/Storage,C#,130,28,271.0,18.0
147,84,daxaur/openpaw,TypeScript,78,2,117.0,2.0
148,84,tobihagemann/turbo,Python,22,1,60.0,1.0
149,84,Sitecore/content-sdk,TypeScript,32,27,1117.0,19.0
150,84,abudhahir/superpowers,JavaScript,11,0,290.0,14.0
151,84,driangle/taskmd,Go,10,0,492.0,2.0
152,84,linkerlin/PUAX,JavaScript,254,21,103.0,2.0
153,84,Ibrahim-3d/conductor-orchestrator-superpowers,Python,275,30,18.0,1.0
154,84,wordflowlab/novelweave,TypeScript,54,18,22.0,2.0
155,82,langcare/langcare-mcp-fhir,Go,15,2,45.0,1.0
156,82,baotoq/micro-commerce,C#,93,25,1271.0,2.0
157,82,bpowers/simlin,Rust,92,18,2056.0,5.0
158,82,vllm-project/semantic-router,Go,3393,571,1138.0,75.0
159,81,arabold/docs-mcp-server,TypeScript,1132,131,826.0,10.0
160,81,vedantb2/eva,TypeScript,33,2,1384.0,3.0
161,81,yezannnnn/agentGroup,Python,53,17,13.0,1.0
162,80,attilaszasz/sdd-pilot,TypeScript,37,1,135.0,1.0
163,80,xuey490/project,PHP,12,0,773.0,1.0
164,80,jabrena/cursor-rules-java,Java,318,56,249.0,2.0
165,78,oedokumaci/gale-shapley-algorithm,TypeScript,10,2,303.0,3.0
166,76,Finesssee/linear-cli,Rust,49,9,283.0,4.0
167,76,Kilo-Org/kilo-marketplace,Python,53,16,211.0,31.0
168,75,abapify/adt-cli,TypeScript,16,1,572.0,5.0
169,75,davidabeyer/formaltask,Python,13,1,25.0,1.0
170,75,hiromaily/go-crypto-wallet,Go,125,35,1563.0,2.0
171,75,asgarovf/locusai,TypeScript,19,1,922.0,6.0
172,74,markuplint/markuplint,TypeScript,598,64,7712.0,48.0
173,72,lintendo/Axhub-Make,TypeScript,26,9,64.0,2.0
174,72,VioletCranberry/coco-search,Python,18,3,1024.0,3.0
175,72,espennilsen/pi,TypeScript,25,0,181.0,1.0
176,72,prowler-cloud/prowler,Python,13314,2040,7879.0,367.0
177,72,hexianWeb/Third-Person-MC,JavaScript,45,9,289.0,4.0
178,70,DotNetAge/mindx,Go,27,8,42.0,1.0
179,70,popup-studio-ai/bkit-gemini,JavaScript,39,10,44.0,1.0
180,70,justinchuby/flightdeck,TypeScript,11,4,2053.0,5.0
181,69,j5ik2o/oni-comb-rs,Rust,42,0,4288.0,5.0
182,69,Clyra-AI/gait,Go,11,3,268.0,3.0
183,69,hoangsonww/PetSwipe-Match-App,TypeScript,18,11,179.0,2.0
184,68,howells/arc,TypeScript,14,1,439.0,3.0
185,68,sammcj/agentic-coding,Python,108,18,370.0,3.0
186,68,sfc-gh-dflippo/snowflake-dbt-demo,Python,31,8,301.0,2.0
187,68,lossyrob/phased-agent-workflow,TypeScript,24,5,1164.0,6.0
188,68,myrtlepn/gran-maestro,TypeScript,17,1,670.0,2.0
189,68,dp-archive/archive,Python,1111,97,195.0,2.0
190,66,gannonh/kata-orchestrator,JavaScript,105,3,1855.0,2.0
191,66,srbhr/Resume-Matcher,TypeScript,26305,4742,1055.0,73.0
192,66,jd-opensource/JoySafeter,Python,176,35,219.0,5.0
193,66,cnoe-io/ai-platform-engineering,Python,324,47,3223.0,29.0
194,66,yi-john-huang/sdd-mcp,TypeScript,35,4,172.0,3.0
195,64,aitytech/agentkits-marketing,Python,374,44,69.0,4.0
196,64,kv0906/pm-kit,Python,68,16,102.0,1.0
197,64,taurgis/sfcc-dev-mcp,TypeScript,24,9,531.0,4.0
198,63,runtime-env/runtime-env,TypeScript,43,2,590.0,6.0
199,63,cardstack/boxel,TypeScript,21,12,14447.0,24.0
200,63,open-mercato/open-mercato,TypeScript,1084,179,1823.0,68.0
201,63,loonghao/vx,Rust,19,2,1188.0,5.0
202,62,deepeshBodh/human-in-loop,Python,24,1,223.0,1.0
203,60,RtlZeroMemory/Rezi,TypeScript,546,14,648.0,3.0
204,60,Abilityai/cornelius,Python,74,20,19.0,1.0
205,60,nansen-ai/nansen-cli,JavaScript,65,4,424.0,22.0
206,60,TheSoftwareHouse/copilot-collections,TypeScript,151,4,237.0,16.0
207,60,osalvador/ReplicaDB,Java,479,111,764.0,14.0
208,60,ruvnet/ruv-FANN,Rust,333,95,317.0,5.0
209,60,facebook/immersive-web-sdk,TypeScript,522,84,94.0,6.0
210,60,krzysztofsurdy/code-virtuoso,Python,13,0,198.0,3.0
211,60,onshinpei/ds-markdown,TypeScript,234,12,435.0,4.0
212,60,LIDR-academy/AI4Devs-LTI-extended,TypeScript,42,65,39.0,1.0
213,60,agent-sh/agentsys,JavaScript,595,58,670.0,5.0
214,60,jixoai/openspecui,TypeScript,44,6,241.0,3.0
215,60,jaxxstorm/sentinel,Go,33,2,31.0,3.0
216,60,jaxxstorm/tscli,Go,63,8,194.0,5.0
217,60,KartikLabhshetwar/screenshot-studio,TypeScript,560,98,391.0,18.0
218,60,snyk/agent-scan,Python,1873,186,376.0,11.0
219,60,vana-com/data-connect,TypeScript,21,3,662.0,10.0
220,60,vfarcic/dot-ai,TypeScript,303,60,1043.0,5.0
221,58,oocx/tfplan2md,C#,148,8,2528.0,5.0
222,58,ruvnet/marketing,TypeScript,54,20,17.0,2.0
223,58,seiggy/lucia-dotnet,C#,38,5,214.0,3.0
224,58,eggent-ai/eggent,TypeScript,219,42,36.0,1.0
225,57,microsoft/waza,Go,14,8,606.0,10.0
226,57,intertwine/hive-orchestrator,Python,14,2,316.0,6.0
227,57,satsigner/satsigner,TypeScript,46,23,3992.0,19.0
228,56,TanStack/router,TypeScript,13858,1592,5992.0,695.0
229,56,WellApp-ai/Well,TypeScript,315,45,182.0,21.0
230,56,agenticsorg/hackathon-tv5,TypeScript,23,40,39.0,5.0
231,56,paralleldrive/aidd,JavaScript,292,21,240.0,8.0
232,55,Creatiwity/siren,Rust,20,1,427.0,5.0
233,54,vfarcic/dot-ai-controller,Go,45,6,148.0,3.0
234,54,nrwl/nx-console,TypeScript,1395,239,2031.0,85.0
235,54,dsifry/goodtogo,Python,53,3,61.0,1.0
236,54,emanueleielo/ciana-parrot,Python,66,12,70.0,3.0
237,54,growupanand/ConvoForm,TypeScript,102,32,533.0,6.0
238,54,laborany/laborany,TypeScript,50,4,244.0,5.0
239,54,sgcarstrends/sgcarstrends,TypeScript,20,1,3355.0,6.0
240,54,krafton-ai/KIRA,Python,712,97,121.0,9.0
241,54,bradygaster/squad,TypeScript,813,110,1103.0,19.0
242,54,hhhh124hhhh/godot-mcp,TypeScript,20,2,65.0,3.0
243,54,saffron-health/opencode-gui,TypeScript,22,9,138.0,1.0
244,54,hatch3r/hatch3r,TypeScript,15,0,7.0,2.0
245,54,tutur3u/platform,TypeScript,48,25,14626.0,30.0
246,54,lofcz/LLMTornado,C#,573,95,1743.0,24.0
247,54,popup-studio-ai/bkit-codex,JavaScript,11,7,11.0,2.0
248,54,gqy20/IssueLab,Python,10,6,438.0,7.0
249,54,sunholo-data/ailang,Go,22,2,2060.0,6.0
250,52,rohitg00/kubectl-mcp-server,Python,849,166,127.0,7.0
251,52,rand/cc-polymath,Python,80,5,158.0,2.0
252,52,ruvnet/midstream,Rust,89,25,38.0,2.0
253,52,ruvnet/agentic-robotics,TypeScript,19,4,49.0,2.0
254,52,manusco/resonance,Python,34,6,54.0,2.0
255,52,fpindej/netrock,C#,205,21,340.0,3.0
256,52,I-Synergy/I-Synergy.Framework,C#,10,2,1574.0,4.0
257,52,vspo-lab/vspo-portal,TypeScript,21,4,1006.0,8.0
258,52,foxminchan/BookWorm,C#,477,62,562.0,7.0
259,52,winstonkoh87/Athena-Public,Python,430,57,485.0,3.0
260,52,sddevelopment-be/quickstart_agent-augmented-development,Python,13,3,824.0,2.0
261,51,udayvunnam/xng-breadcrumb,TypeScript,246,66,317.0,17.0
262,51,canonical/copilot-collections,Python,16,9,56.0,10.0
263,51,nrwl/nx,TypeScript,28331,2688,17069.0,1220.0
264,51,kayba-ai/agentic-context-engine,Python,1987,253,753.0,28.0
265,51,optave/codegraph,JavaScript,27,2,642.0,3.0
266,50,wilddogjp/openbpx,Go,60,5,33.0,2.0
267,50,agenticsorg/lean-agentic,Rust,49,6,22.0,2.0
268,50,vchelaru/Gum,C#,434,68,5285.0,43.0
269,50,different-ai/agent-bank,TypeScript,205,41,1764.0,6.0
270,50,norahe0304-art/30x-seo,Python,11,5,25.0,1.0
271,50,victoriacity/openakari,TypeScript,33,4,2.0,1.0
272,50,fellipeutaka/kanpeki,TypeScript,29,1,349.0,3.0
273,50,aehrc/pathling,Java,122,20,6203.0,14.0
274,50,fall-out-bug/sdp,Go,17,0,1089.0,3.0
275,50,PaulJPhilp/EffectPatterns,TypeScript,706,22,1022.0,6.0
276,50,LowyShin/giip-dev-agent,JavaScript,26,3,37.0,2.0
277,50,TheCraigHewitt/seomachine,Python,2702,433,15.0,1.0
278,48,wasintoh/toh-framework,JavaScript,75,17,20.0,1.0
279,48,kazukinagata/shinkoku,Python,308,29,157.0,2.0
280,48,chrispangg/deepagentsdk,TypeScript,107,11,167.0,4.0
281,48,daangn/seed-design,TypeScript,841,49,3069.0,25.0
282,48,WayfinderFoundation/wayfinder-paths-sdk,Python,14,4,103.0,8.0
283,48,hannesill/m4,Python,23,10,378.0,11.0
284,48,ZimoLiao/scholaraio,Python,144,17,132.0,2.0
285,48,indexedlabs/pydantic-ai-gepa,Python,25,5,233.0,2.0
286,48,yamcodes/arkenv,TypeScript,117,5,1203.0,11.0
287,48,initializ/forge,Go,10,1,104.0,2.0
288,48,thinking-machines-lab/tinker-cookbook,Python,2939,349,274.0,55.0
289,48,hoangsonww/AI-Gov-Content-Curator,TypeScript,24,11,426.0,3.0
290,48,Alenryuichi/openmemory-plus,TypeScript,17,1,70.0,1.0
291,48,sswym/oh-my-iflow,TypeScript,51,4,28.0,2.0
292,48,Shadylukin/Neumann,Rust,73,6,576.0,3.0
293,48,aws-samples/sample-strands-agent-with-agentcore,Python,111,39,197.0,9.0
294,48,useautumn/autumn,TypeScript,2402,196,4964.0,41.0
295,46,jpmorgan-payments/embedded-finance,TypeScript,18,6,4455.0,16.0
296,46,antdigital-ai/agentic-ui,TypeScript,183,31,4777.0,33.0
297,46,lvndry/jazz,TypeScript,44,7,336.0,4.0
298,46,AgentWorkforce/relay,TypeScript,583,44,2700.0,8.0
299,46,TheOrcDev/8bitcn-ui,TypeScript,1725,105,545.0,37.0
300,46,dagster-io/erk,Python,74,7,4089.0,4.0
301,46,radioactive-labs/plutonium-core,JavaScript,57,7,890.0,3.0
302,46,ModelEngine-Group/fit-framework,Java,2105,330,774.0,31.0
303,46,ginlix-ai/LangAlpha,Python,52,7,699.0,7.0
304,46,blueraai/bluera-knowledge,TypeScript,11,3,904.0,2.0
305,45,bitfocus/companion-module-zoom-osc-iso,TypeScript,11,18,684.0,6.0
306,45,miroapp/miro-ai,TypeScript,72,7,52.0,6.0
307,45,coollabsio/coolify,PHP,51708,3809,14858.0,628.0
308,44,thc1006/nephoran-intent-operator,Go,16,3,1013.0,5.0
309,44,microlinkhq/www,JavaScript,131,31,4698.0,31.0
310,44,timdeschryver/Sandbox,C#,55,17,309.0,5.0
311,44,zerx-lab/rmx,Rust,36,0,59.0,2.0
312,44,cloudposse/atmos,Go,1267,147,1124.0,65.0
313,44,kurtosis-tech/kurtosis,Go,528,91,1819.0,42.0
314,44,STUkh/sparq-assistant,JavaScript,17,3,4.0,1.0
315,44,civitai/civitai,TypeScript,7032,709,19745.0,30.0
316,44,mehdic/bazinga,Python,19,0,566.0,3.0
317,44,Ed1s0nZ/CyberStrikeAI,Go,2831,461,587.0,2.0
318,44,vobase/vobase,TypeScript,25,3,285.0,3.0
319,44,okwinds/miscellany,Python,39,2,50.0,3.0
320,44,pockebot/openpocket,TypeScript,306,3,552.0,12.0
321,44,eat-pray-ai/yutu,Go,402,41,577.0,5.0
322,42,unopim/unopim,PHP,9324,122,1283.0,27.0
323,42,OthmanAdi/planning-with-files,Python,16064,1476,155.0,22.0
324,42,AuroraWebSoftware/AAuth,PHP,41,7,333.0,17.0
325,42,astronomer/agents,Python,281,27,228.0,14.0
326,42,vercel-labs/json-render,TypeScript,12538,669,177.0,14.0
327,42,atopile/atopile,Python,3104,171,2843.0,41.0
328,42,moshesham/Data-Science-Analytical-Handbook,Python,46,13,242.0,2.0
329,42,Cratis/Chronicle,C#,38,8,15832.0,16.0
330,42,nyaggah/bedframe,TypeScript,573,7,2020.0,3.0
331,42,datagrok-ai/public,TypeScript,67,28,29094.0,120.0
332,42,zhinjs/zhin,TypeScript,126,15,1479.0,16.0
333,42,elbwalker/walkerOS,TypeScript,327,17,3490.0,12.0
334,42,liza-mas/liza,Go,76,18,567.0,3.0
335,42,dlt-hub/dlt,Python,5044,469,4177.0,172.0
336,40,netease-youdao/LobsterAI,TypeScript,3938,453,370.0,18.0
337,40,getsentry/dotagents,TypeScript,104,5,126.0,6.0
338,40,pilinux/gorest,Go,487,63,811.0,5.0
339,40,Gentleman-Programming/engram,Go,1343,129,114.0,8.0
340,40,nirholas/pump-fun-sdk,Rust,63,25,3586.0,3.0
341,40,shenjingnan/xiaozhi-client,TypeScript,269,74,968.0,9.0
342,40,JinFanZheng/kode-sdk-csharp,C#,56,18,32.0,3.0
343,40,quiqr/quiqr-desktop,TypeScript,170,10,2256.0,11.0
344,40,RaheesAhmed/SajiCode,TypeScript,62,14,76.0,1.0
345,39,actionbook/actionbook,TypeScript,1417,101,641.0,8.0
346,39,vishalsachdev/canvas-mcp,Python,74,29,226.0,9.0
347,39,garden-co/jazz,TypeScript,2498,109,10096.0,75.0
348,39,langchain-ai/deepagents,Python,10921,1751,939.0,79.0
349,39,cluesmith/codev,TypeScript,247,34,2515.0,3.0
350,39,hoangsonww/EstateWise-Chapel-Hill-Chatbot,TypeScript,24,16,592.0,4.0
351,39,YichengYang-Ethan/oracle3,Python,125,12,62.0,2.0
352,39,can1357/oh-my-pi,TypeScript,1964,169,3544.0,107.0
353,39,OriNachum/autonomous-intelligence,Python,220,15,445.0,2.0
354,39,joa23/linear-cli,Go,108,13,121.0,5.0
355,39,inclusionAI/AReaL,Python,4785,406,760.0,63.0
356,38,Salesably/salesably-marketplace,Python,19,4,14.0,1.0
357,38,aalmada/BookStore,C#,15,0,416.0,3.0
358,38,Hmbown/MiniMax-CLI,Rust,10,3,90.0,1.0
359,38,natea/ExoMind,TypeScript,14,0,25.0,3.0
360,38,gamekit-agent/gamekit-cli,TypeScript,46,4,3.0,2.0
361,38,powroom/flins,TypeScript,34,7,153.0,2.0
362,38,vultisig/vultisig-windows,TypeScript,13,15,6232.0,25.0
363,38,llama-farm/llamafarm,Python,823,49,830.0,15.0
364,38,waynesutton/markdown-site,TypeScript,588,90,158.0,1.0
365,38,BA-CalderonMorales/terminal-jarvis,Rust,122,16,405.0,4.0
366,38,xiaobei930/cc-best,JavaScript,34,2,150.0,1.0
367,38,aexol-studio/axolotl,TypeScript,27,2,237.0,10.0
368,38,Peiiii/skild,TypeScript,103,7,217.0,3.0
369,38,0xAxiom/AppFactory,TypeScript,127,23,156.0,5.0
370,38,ArcaneOrion/Alice-Single,Python,13,2,75.0,1.0
371,38,arch-team/devpace,JavaScript,33,2,337.0,1.0
372,38,bolivian-peru/os-moda,Rust,74,15,109.0,1.0
373,38,mitsuhiko/agent-stuff,TypeScript,1595,105,202.0,4.0
374,36,Yangchengshuai/Aerotri-Web,JavaScript,15,5,91.0,3.0
375,36,ReinforceNow/reinforcenow-cli,Python,109,2,186.0,1.0
376,36,rvdbreemen/OTGW-firmware,C++,176,39,2407.0,20.0
377,36,masumi-network/sokosumi,TypeScript,11,4,2289.0,8.0
378,36,DoIT-Artificial-Intelligence/youtube-to-docs,Python,34,5,324.0,4.0
379,36,tilework-tech/nori-cli,Rust,111,4,2390.0,239.0
380,36,ikemtz/AngularMonoRepo,TypeScript,11,4,830.0,5.0
381,36,opensesh/OS_design-directory,TypeScript,10,2,549.0,1.0
382,36,leonardomso/33-js-concepts,JavaScript,66280,9190,1012.0,211.0
383,36,dotnet/efcore,C#,14603,3363,17779.0,439.0
384,36,kapishdima/fonttrio,TypeScript,288,7,29.0,2.0
385,36,pacaplan/agent-gauntlet,TypeScript,19,1,730.0,2.0
386,36,datascienceworld-kan/vinagent,Python,71,11,186.0,4.0
387,36,The-Vibe-Company/companion,TypeScript,2192,275,434.0,16.0
388,36,Agents2AgentsAI/ata,Rust,67,3,4843.0,374.0
389,36,stencila/stencila,Rust,872,56,20165.0,52.0
390,36,vasilievyakov/miracle-infrastructure,Python,13,1,73.0,2.0
391,36,ramo4040/olyx-ui,TypeScript,15,1,264.0,3.0
392,36,gaearon/woodshed,TypeScript,63,0,2.0,1.0
393,36,daloopa/investing,Python,353,81,25.0,3.0
394,36,dartsim/dart,C++,1062,298,6631.0,75.0
395,36,nucliweb/webperf-snippets,JavaScript,1417,79,332.0,17.0
396,36,nclamvn/bom-cham,TypeScript,24,13,26.0,1.0
397,36,akiojin/unity-cli,C#,21,1,250.0,4.0
398,36,SCStelz/security-investigator,Python,52,19,113.0,3.0
399,36,bgauryy/octocode-mcp,TypeScript,751,59,373.0,6.0
400,36,ComposioHQ/composio,TypeScript,27376,4483,3310.0,42.0
401,36,remorses/kimaki,TypeScript,607,35,1429.0,7.0
402,36,andfanilo/streamlit-echarts,Python,596,72,128.0,9.0
403,36,karaage0703/ai-assistant-workspace,Python,12,2,8.0,1.0
404,34,darrenhinde/OpenAgentsControl,TypeScript,2674,232,210.0,11.0
405,34,liyecom/liye-ai,JavaScript,33,4,197.0,2.0
406,34,Soju06/codex-lb,Python,190,43,261.0,21.0
407,34,NASA-AMMOS/slim,JavaScript,31,14,845.0,12.0
408,34,nanorepublica/django-prodserver,Python,52,3,62.0,4.0
409,34,decentraland/unity-explorer,JavaScript,18,14,3028.0,38.0
410,34,forcedotcom/salesforcedx-vscode,TypeScript,994,435,5013.0,143.0
411,34,getsentry/junior,TypeScript,34,3,303.0,3.0
412,34,opendatahub-io/ai-helpers,Python,18,30,180.0,16.0
413,34,nanorepublica/django-deadcode,Python,43,1,114.0,3.0
414,34,marcus/sidecar,Go,839,63,1221.0,15.0
415,34,BulloRosso/etienne,TypeScript,16,2,409.0,2.0
416,34,mikeyobrien/ralph-orchestrator,Rust,2181,217,438.0,23.0
417,34,bytedance/deer-flow,Python,30569,3694,1608.0,124.0
418,34,hirotaka/pragmatic-nuxt,TypeScript,159,14,725.0,4.0
419,34,badlogic/pi-mono,TypeScript,23778,2508,3227.0,150.0
420,34,UnicomAI/wanwu,Go,3959,79,3767.0,53.0
421,34,kasperjunge/agent-resources,Python,409,35,386.0,5.0
422,34,undsky/RuoYi-SpringBoot3-Pro,Java,133,49,66.0,1.0
423,34,adamfilli/happy-simulator,Python,11,0,364.0,2.0
424,34,ahaodev/heji,TypeScript,55,15,1550.0,3.0
425,34,tercumantanumut/selene,TypeScript,146,28,1032.0,2.0
426,34,jordanhubbard/loom,Go,95,11,1159.0,5.0
427,34,jongwony/epistemic-protocols,JavaScript,68,7,507.0,2.0
428,34,omar-A-hassan/medsci-agent,TypeScript,17,1,41.0,1.0
429,33,QingJ01/Axiom,Python,22,3,15.0,1.0
430,33,microsoft/agent-framework,Python,7929,1312,1683.0,106.0
431,33,angular/dev-infra,JavaScript,72,61,3721.0,50.0
432,33,mitchdenny/hex1b,C#,114,8,546.0,6.0
433,33,nhadaututtheky/neural-memory,Python,114,40,509.0,3.0
434,33,csharpfritz/SquadUI,TypeScript,16,4,219.0,4.0
435,33,ImGoodBai/goodable,TypeScript,161,34,130.0,3.0
436,32,LdotJdot/OpenLum,JavaScript,26,5,8.0,1.0
437,32,aiyuekuang/LLMProxy,Go,11,2,27.0,1.0
438,32,zard-ui/zardui,TypeScript,919,80,357.0,29.0
439,32,Xerus-ai/openwork,TypeScript,31,1,41.0,4.0
440,32,Tai-ch0802/arc-like-chrome-extension,JavaScript,35,2,420.0,4.0
441,32,kilolonion/excelmanus,Python,25,0,186.0,3.0
442,32,open-agreements/open-agreements,TypeScript,11,1,274.0,1.0
443,32,ntk148v/clicklens,TypeScript,26,5,379.0,1.0
444,32,verekia/r3f-gamedev,TypeScript,26,0,49.0,1.0
445,32,sibyllinesoft/smith-core,Rust,10,1,44.0,2.0
446,32,hyperlane-xyz/hyperlane-monorepo,TypeScript,52,556,5197.0,111.0
447,32,AztecProtocol/aztec-packages,C++,430,598,21880.0,149.0
448,32,iOfficeAI/AionUi,TypeScript,18771,1469,2966.0,57.0
449,32,reactive/data-client,TypeScript,2026,98,5000.0,38.0
450,32,MoomFE/mixte,TypeScript,18,2,1180.0,3.0
451,32,Mulily0513/Omni,Python,15,1,2.0,1.0
452,32,vaayne/agent-kit,TypeScript,30,2,169.0,2.0
453,30,0xranx/golembot,TypeScript,132,16,301.0,6.0
454,30,olasunkanmi-SE/codebuddy,TypeScript,110,33,836.0,11.0
455,30,Qredence/agentic-fleet,Python,92,10,780.0,9.0
456,30,vicanso/zedis,Rust,1726,39,346.0,1.0
457,30,zhuanggenhua/BoardGame,TypeScript,12,4,312.0,3.0
458,30,kaptinlin/gozod,Go,18,1,113.0,2.0
459,30,fjrevoredo/mini-diarium,TypeScript,228,12,48.0,3.0
460,30,fabriqaai/specs.md,TypeScript,76,7,708.0,5.0
461,30,Project-N-E-K-O/N.E.K.O,Python,781,103,802.0,29.0
462,30,bnomei/kirby-mcp,PHP,37,1,40.0,2.0
463,30,monaccode/astromesh,Python,17,1,195.0,1.0
464,30,barretstorck/gemini-superpowers,TypeScript,28,3,5.0,1.0
465,30,nex-agi/NexAU,Python,50,10,357.0,17.0
466,30,redis-developer/redisctl,Rust,11,0,771.0,2.0
467,30,atilladeniz/Kubeli,TypeScript,311,26,341.0,4.0
468,30,MiniMax-AI/Mini-Agent,Python,1844,278,54.0,12.0
469,30,adobe/helix-website,JavaScript,39,56,4564.0,53.0
470,30,ruska-ai/orchestra,TypeScript,10,1,1086.0,3.0
471,30,Blazemeter/bzm-mcp,Python,24,4,190.0,7.0
472,30,kdcokenny/opencode-workspace,TypeScript,218,21,23.0,1.0
473,30,cyberfabric/cyber-pilot,Python,29,10,367.0,7.0
474,30,Hmbown/rlmagents,Python,44,2,688.0,58.0
475,30,heidsoft/itsm,TypeScript,14,2,278.0,1.0
476,28,Automattic/wordpress-activitypub,PHP,565,85,2765.0,52.0
477,28,terrorproforma/GradientOS,Python,18,4,138.0,3.0
478,28,Q00/ouroboros,Python,1284,120,221.0,13.0
479,28,Opentrons/opentrons,Python,494,194,17989.0,110.0
480,28,tradingstrategy-ai/web3-ethereum-defi,Python,795,181,2600.0,18.0
481,28,tsparticles/tsparticles,TypeScript,8733,931,14466.0,89.0
482,28,automagik-dev/genie,TypeScript,256,35,2103.0,17.0
483,28,aymericzip/intlayer,TypeScript,627,106,5209.0,45.0
484,28,yaalalabs/agent-kernel,Python,25,10,272.0,12.0
485,28,abdullah1854/MCPGateway,TypeScript,12,2,55.0,2.0
486,28,umputun/cc-thingz,Python,174,11,22.0,2.0
487,28,yikart/AiToEarn,TypeScript,11465,2436,2560.0,22.0
488,28,dcosson/h2,Go,27,4,537.0,1.0
489,28,goldengrape/Agent-company,Python,35,4,32.0,1.0
490,28,godmakereth/vibe-coding-tw,Python,30,3,96.0,4.0
491,28,codemo1991/nanobot-webui,Python,21,7,59.0,2.0
492,28,spiriMirror/libuipc,C++,238,40,973.0,18.0
493,28,ThinkInAIXYZ/deepchat,TypeScript,5583,641,2686.0,61.0
494,28,ArvorCo/Relentless,TypeScript,86,5,243.0,3.0
495,28,deepklarity/harness-kit,Python,22,0,2.0,1.0
496,28,nuclia/frontend,TypeScript,55,18,2632.0,29.0
497,28,DwainTR/superpowers-copilot,JavaScript,10,0,2.0,1.0
498,28,swarm-ai-safety/swarm,Python,16,4,1499.0,6.0
499,28,volcengine/OpenViking,Python,10646,722,378.0,57.0
500,28,t0dorakis/murmur,TypeScript,20,0,88.0,1.0
501,28,lza6/AIWriteX-main,Python,27,5,25.0,1.0
502,28,0MeMo07/Quran-Web-Application,TypeScript,11,3,43.0,1.0
503,28,zylos-ai/zylos-core,JavaScript,735,67,367.0,9.0
504,27,breadboard-ai/breadboard,TypeScript,389,68,7679.0,56.0
505,27,Ranch-Hand-Robotics/rde-urdf,TypeScript,15,5,192.0,4.0
506,27,your-papa/obsidian-Smart2Brain,TypeScript,1002,76,532.0,6.0
507,27,XiaoMi/mone,Java,1149,179,4361.0,55.0
508,27,SprocketLab/slop-code-bench,Python,19,2,56.0,1.0
509,27,storybookjs/storybook,TypeScript,89448,9925,77816.0,2591.0
510,27,obot-platform/discobot,Go,51,3,981.0,13.0
511,27,daveroverts/bmac,PHP,11,13,2147.0,9.0
512,27,sirkirby/unifi-network-rules,Python,50,6,115.0,2.0
513,27,snyk/studio-recipes,Python,11,2,48.0,5.0
514,27,HAI3org/HAI3,TypeScript,27,33,676.0,18.0
515,27,rzx007/nanobot-ts,TypeScript,12,0,97.0,1.0
516,26,jewbetcha/opentrace,TypeScript,46,1,32.0,1.0
517,26,coctostan/pi-superpowers,TypeScript,15,2,33.0,1.0
518,26,mitkox/ai-coding-factory,C#,138,55,10.0,2.0
519,26,dojoengine/book,JavaScript,53,94,958.0,81.0
520,26,dotnet/maui,C#,23210,1926,19232.0,690.0
521,26,taurgis/has-marstek-local-api,Python,12,3,175.0,2.0
522,26,hao-ai-lab/research-agent,TypeScript,15,4,262.0,11.0
523,26,streamlit/streamlit,Python,43886,4136,9321.0,319.0
524,26,storefront-x/storefront-x,JavaScript,41,6,640.0,18.0
525,26,lovesegfault/rio-build,Rust,44,3,938.0,2.0
526,26,andrew-yangy/gru-ai,TypeScript,84,8,73.0,1.0
527,26,navikt/copilot,TypeScript,19,6,220.0,12.0
528,26,NTTDATA-DACH/viewnode,Go,20,3,178.0,2.0
529,26,mxtommy/Kip,TypeScript,118,61,1460.0,18.0
530,26,PeterBooker/veloria,Go,10,1,28.0,1.0
531,26,kyopark2014/strands-agent,Python,28,6,198.0,1.0
532,26,codename-co/devs,TypeScript,40,0,308.0,2.0
533,26,MeisnerDan/mission-control,TypeScript,267,24,9.0,2.0
534,26,pymc-labs/pymc-marketing,Python,1088,370,1265.0,86.0
535,26,module-federation/core,JavaScript,2469,396,3674.0,194.0
536,26,microsoft/PowerAppsCodeApps,TypeScript,341,97,278.0,20.0
537,26,mono/SkiaSharp,C#,5297,616,3306.0,101.0
538,26,letta-ai/letta-code,TypeScript,1847,186,1411.0,24.0
539,26,redongreen/uSpec,JavaScript,33,3,6.0,1.0
540,26,mattwynne/yaks,Rust,29,2,1050.0,4.0
541,26,meta-pytorch/OpenEnv,Python,1250,199,1372.0,60.0
542,26,JsonLee12138/agent-team,Go,17,3,137.0,4.0
543,26,PostHog/posthog-foss,Python,464,97,37300.0,441.0
544,26,artemiv4nov/fabricator,Python,12,0,4.0,1.0
545,24,block/goosetown,JavaScript,61,7,3.0,1.0
546,24,AIDotNet/OpenCowork,TypeScript,165,36,160.0,3.0
547,24,luke-h1/foam,TypeScript,11,0,583.0,4.0
548,24,angristan/larafeed,PHP,54,2,867.0,3.0
549,24,CoinStatsHQ/coinstats-cli,TypeScript,13,0,9.0,1.0
550,24,GeoloeG-IsT/agents-reverse-engineer,TypeScript,11,4,705.0,1.0
551,24,EnactProtocol/enact,TypeScript,17,3,213.0,2.0
552,24,SpartanLabsXyz/simmer-sdk,Python,33,10,322.0,4.0
553,24,eigenpal/docx-editor,TypeScript,500,28,510.0,6.0
554,24,weapp-vite/weapp-vite,TypeScript,284,15,2721.0,8.0
555,24,necatiarslan/airflow-vscode-extension,TypeScript,43,2,159.0,1.0
556,24,getsentry/sentry-javascript,TypeScript,8602,1756,13437.0,670.0
557,24,sailscastshq/boring-stack,JavaScript,491,25,1071.0,12.0
558,24,genlayerlabs/genlayer-studio,Python,93,39,591.0,29.0
559,24,frmlabz/frm-stack,TypeScript,26,4,35.0,1.0
560,24,TanStack/db,TypeScript,3650,187,828.0,59.0
561,24,nwiizo/cargo-coupling,Rust,68,2,83.0,3.0
562,24,Nubaeon/empirica,Python,189,22,1458.0,5.0
563,24,skforecast/skforecast,Python,1463,184,5910.0,28.0
564,24,countbot-ai/CountBot,Python,208,35,82.0,3.0
565,24,BrownFineSecurity/iothackbot,Python,682,106,8.0,1.0
566,24,dallay/agentsync,Rust,15,3,360.0,9.0
567,24,dotnet/aspire,TypeScript,5525,824,6471.0,249.0
568,24,doraemonkeys/sloc-guard,Rust,18,2,393.0,1.0
569,24,sorryhyun/DiPeO,Python,12,2,1532.0,3.0
570,24,boundless-xyz/kailua,Rust,67,31,216.0,9.0
571,24,alamenai/terrae,TypeScript,211,5,246.0,1.0
572,24,roborev-dev/roborev,Go,723,64,445.0,19.0
573,24,leboncoin/spark-web,TypeScript,87,21,5995.0,20.0
574,24,jsturtevant/rally,JavaScript,21,2,210.0,3.0
575,24,mhawthorne/gza,Python,10,1,712.0,3.0
576,24,byteowlz/oqto,Rust,34,2,481.0,1.0
577,24,brsbl/ottonomous,JavaScript,11,1,261.0,2.0
578,24,QuixiAI/Hexis,Python,553,74,118.0,1.0
579,24,buzzer-re/Rikugan,Python,339,35,158.0,1.0
580,24,coctostan/pi-superpowers-plus,TypeScript,25,3,131.0,1.0
581,24,crafter-station/elements,TypeScript,403,22,433.0,7.0
582,24,HyunjunJeon/Deepagent-research-context-engineering,Python,46,22,40.0,1.0
583,24,SolidLao/GenDB,C++,36,2,62.0,1.0
584,22,Lingyuzhou111/dow-ipad-859,Python,197,45,178.0,2.0
585,22,epicweb-dev/epic-stack,TypeScript,5535,462,1037.0,178.0
586,22,TidyBot-Services/Tidybot-Universe,Python,21,1,69.0,6.0
587,22,openshift/hypershift,Go,513,455,9521.0,233.0
588,22,goern/forgejo-mcp,Go,35,10,281.0,23.0
589,22,google-gemini/gemini-cli,TypeScript,97734,12256,5297.0,577.0
590,22,OriNachum/reachy-nova,Python,14,1,55.0,1.0
591,22,codexstar69/bug-hunter,JavaScript,95,1,58.0,1.0
592,22,dotnet/msbuild,C#,5493,1410,10860.0,383.0
593,22,sirius-db/sirius,C++,894,77,701.0,34.0
594,22,kapishdima/soundcn,TypeScript,409,15,98.0,4.0
595,22,selhorys/dataspoke-baseline,Python,15,0,229.0,2.0
596,22,revokslab/ShipFree,TypeScript,1614,455,200.0,7.0
597,22,tkellogg/open-strix,Python,42,5,111.0,4.0
598,22,majiayu000/litellm-rs,Rust,28,6,579.0,4.0
599,22,tursodatabase/turso,Rust,17804,792,15951.0,227.0
600,22,remix-run/remix,TypeScript,32479,2730,8053.0,763.0
601,22,agentscope-ai/CoPaw,Python,11481,1363,292.0,74.0
602,22,DolbonIn/ultraworker,Python,13,1,9.0,2.0
603,22,openbotx/openbotx,Python,83,17,41.0,1.0
604,22,eser/aya.is,Go,59,24,971.0,15.0
605,22,Safphere/opencowork,TypeScript,297,58,41.0,2.0
606,22,CooperAgent/cooper,TypeScript,67,7,583.0,11.0
607,22,incubateur-ademe/benefriches,TypeScript,44,3,2714.0,2.0
608,22,microsoft/semantic-link-labs,Python,482,169,2060.0,28.0
609,22,simnova/sharethrift,TypeScript,19,0,1841.0,21.0
610,22,colonyops/hive,Go,19,3,203.0,5.0
611,22,pipecat-ai/gradient-bang,TypeScript,49,7,1196.0,5.0
612,21,telagod/code-abyss,JavaScript,104,10,91.0,2.0
613,21,jrswab/axe,Go,585,11,87.0,3.0
614,21,RANDSUM/randsum,TypeScript,12,1,1079.0,4.0
615,20,Azure-Samples/art-voice-agent-accelerator,Python,59,48,639.0,10.0
616,20,atman-33/openspec-for-copilot,TypeScript,12,3,193.0,3.0
617,20,raphaelmansuy/edgequake,Rust,1443,148,127.0,7.0
618,20,cafreeman/worktree,Rust,14,2,49.0,1.0
619,20,besidka/besidka,TypeScript,27,1,289.0,5.0
620,20,ricardoquesada/regenerator2000,Rust,72,6,868.0,4.0
621,20,rickdotnet/Momus,C#,11,0,18.0,1.0
622,20,umbraco/Umbraco.AI,C#,17,10,1872.0,7.0
623,20,arun-gupta/agentic-tictactoe,Python,12,1,335.0,3.0
624,20,0verL1nk/PaperSage,Python,32,7,80.0,2.0
625,20,blockscout/mcp-server,Python,34,18,180.0,5.0
626,20,JaguarJack/catch-admin,PHP,895,138,315.0,5.0
627,20,ai-debugger-inc/aidb,Python,13,2,109.0,3.0
628,20,jingsewu/open-wes,Java,258,36,139.0,7.0
629,20,datavane/tis,Java,1288,278,1343.0,5.0
630,20,pymc-labs/CausalPy,Python,1125,97,1676.0,39.0
631,20,quan0715/QJudge,TypeScript,27,0,524.0,3.0
632,20,jewbetcha/openflight,Python,168,17,317.0,4.0
633,20,pingcap/website-docs,TypeScript,23,34,793.0,25.0
634,20,chu2bard/pinion-os,TypeScript,356,28,175.0,1.0
635,20,adobe/spectrum-web-components,TypeScript,1493,244,5141.0,140.0
636,20,accomplish-ai/accomplish,TypeScript,9773,1074,348.0,29.0
637,20,celltype/celltype-agent,Python,211,47,31.0,5.0
638,20,quiet-node/gesture-lab,TypeScript,158,33,95.0,2.0
639,20,mofa-org/mofa-studio,Rust,11,31,80.0,10.0
640,20,huajian123/ng-antd-admin,TypeScript,706,171,819.0,4.0
641,20,hscspring/create-vibe-app,Python,44,7,14.0,1.0
642,20,hristo2612/jinn,TypeScript,18,2,93.0,1.0
643,20,dojoengine/dojo.js,TypeScript,37,55,1647.0,33.0
644,20,SAP/e-mobility-charging-stations-simulator,TypeScript,208,89,5589.0,25.0
645,20,ChicagoHAI/NeuriCo,Python,28,2,146.0,4.0
646,20,Chemaclass/unspent,PHP,14,0,104.0,1.0
647,20,MoonshotAI/kimi-cli,Python,7159,717,1161.0,46.0
648,20,paralleldrive/riteway,JavaScript,1169,38,606.0,34.0
649,20,paperclipai/paperclip,TypeScript,23319,3083,999.0,41.0
650,20,tari-project/tari-ootle,Rust,22,25,1488.0,24.0
651,20,Goldziher/ai-rulez,Go,93,7,339.0,4.0
652,20,victorgarciaesgi/regle,TypeScript,416,13,1107.0,8.0
653,20,tsedio/tsed-cli,TypeScript,43,24,1438.0,33.0
654,20,debba/tabularis,TypeScript,693,44,629.0,14.0
655,20,hamr0/liteagents,JavaScript,12,2,159.0,3.0
656,20,weibaohui/kom,Go,147,33,1060.0,6.0
657,20,dust-tt/dust,TypeScript,1311,226,21751.0,98.0
658,20,openshift/lightspeed-operator,Go,11,39,2359.0,35.0
659,20,nicofretti/DataGenFlow,Python,26,9,173.0,8.0
660,20,DaveSkender/Stock.Indicators,C#,1184,266,1274.0,20.0
661,20,FHIR/sql-on-fhir-v2,JavaScript,131,34,826.0,30.0
662,20,oodaris/autocodex,Go,12,0,313.0,1.0
663,20,mtymek/opencode-obsidian,TypeScript,487,40,51.0,3.0
664,20,hAcKlyc/MyAgents,TypeScript,112,21,882.0,2.0
665,20,nuxt-modules/og-image,TypeScript,525,46,2066.0,34.0
666,20,suitedaces/dorabot,TypeScript,192,25,498.0,1.0
667,20,gadievron/raptor,Python,1481,188,221.0,14.0
668,20,norman-finance/norman-mcp-server,Python,20,10,156.0,4.0
669,20,novotnyllc/dotnet-artisan,Python,191,10,602.0,2.0
670,20,ntno/mkdocs-terminal,Python,306,20,148.0,4.0
671,20,next-safe-action/next-safe-action,TypeScript,3008,46,708.0,23.0
672,20,sciris/sciris,Python,38,13,2733.0,15.0
673,20,LibPDF-js/core,TypeScript,1613,46,215.0,8.0
674,20,AizenvoltPrime/damocles,TypeScript,46,3,253.0,1.0
675,18,anthonylee991/gemini-superpowers-antigravity,Python,640,72,9.0,2.0
676,18,PaulKinlan/Co-do,TypeScript,75,8,276.0,6.0
677,18,PaulKinlan/NotebookLM-Chrome,TypeScript,60,2,521.0,6.0
678,18,amiable-dev/llm-council,Python,13,5,291.0,2.0
679,18,meirm/askGPT,Python,11,2,156.0,3.0
680,18,rwjdk/MicrosoftAgentFrameworkSamples,C#,202,68,176.0,4.0
681,18,alps-asd/app-state-diagram,TypeScript,38,11,124.0,2.0
682,18,Kaggle/kaggle-environments,JavaScript,369,165,1370.0,51.0
683,18,Deepractice/RoleX,TypeScript,33,1,243.0,2.0
684,18,glaucia86/repocheckai,TypeScript,107,7,166.0,4.0
685,18,yahoo/proxy-verifier,C++,46,26,323.0,10.0
686,18,JamieMason/syncpack,Rust,1954,71,811.0,33.0
687,18,stripe/ai,TypeScript,1361,221,296.0,30.0
688,18,Tiendil/donna,Python,11,2,49.0,1.0
689,18,obsessiondb/rudel,TypeScript,180,7,182.0,7.0
690,18,berrzebb/zeroquant,Rust,12,9,22.0,3.0
691,18,washanhanzi/connectrpc-axum,Rust,24,1,165.0,1.0
692,18,razorpay/blade,TypeScript,609,178,2382.0,106.0
693,18,filiptrivan/spiderly,C#,51,18,529.0,6.0
694,18,open-circle/formisch,TypeScript,626,18,307.0,12.0
695,18,open-gitagent/gitagent,TypeScript,231,20,26.0,2.0
696,18,ValidatorsDAO/slv,TypeScript,85,12,858.0,12.0
697,18,DotNetLabX/dotnet-microservices,C#,11,4,8.0,1.0
698,18,openstatusHQ/data-table-filters,TypeScript,1882,114,126.0,9.0
699,18,microsoft/vscode-python-environments,TypeScript,105,40,479.0,21.0
700,18,hyunjun6928-netizen/salmalm,Python,27,3,937.0,6.0
701,18,tsinghua-fib-lab/AgentSociety,Python,855,156,491.0,15.0
702,18,teamzisty/deni-ai,TypeScript,10,3,411.0,5.0
703,18,copilot-community-sdk/copilot-sdk-java,Java,57,10,628.0,5.0
704,18,pompeii-labs/nero-oss,TypeScript,34,2,240.0,3.0
705,18,plvo/create-faster,TypeScript,23,0,88.0,3.0
706,18,akiojin/unity-mcp-server,JavaScript,25,7,1943.0,9.0
707,18,ScottRBK/forgetful,Python,194,16,184.0,2.0
708,18,TenureAI/PhD-Zero,Python,39,2,47.0,3.0
709,18,gordonbrander/busytown,TypeScript,37,4,93.0,2.0
710,18,avivsinai/agent-message-queue,Go,28,3,210.0,3.0
711,18,shadcraft/shadcraft-free,TypeScript,30,3,108.0,2.0
712,18,dmitriiweb/extract-emails,Python,108,38,306.0,8.0
713,18,openyida/openyida,JavaScript,99,10,95.0,6.0
714,18,kdeldycke/extra-platforms,Python,20,2,1073.0,7.0
715,18,marcusschiesser/edge-pi,TypeScript,44,4,2789.0,110.0
716,18,caretive-ai/project-careti,JavaScript,46,10,257.0,4.0
717,18,clidey/whodb,Go,4680,178,2392.0,14.0
718,18,r3bl-org/r3bl-open-core,Rust,463,31,1925.0,14.0
719,18,aifuxi/fuxiaochen,TypeScript,440,61,970.0,1.0
720,18,alibaba/neug,C++,54,8,29.0,7.0
721,18,openai/openai-agents-python,Python,19988,3265,1225.0,223.0
722,18,CommonHuman-Lab/hexstrike-ai-community-edition,Python,23,6,73.0,3.0
723,18,spring-ai-community/spring-ai-agent-utils,Java,189,37,100.0,3.0
724,18,elodin-sys/elodin,Rust,515,31,1559.0,17.0
725,18,entropy-cloud/nop-entropy,Java,679,96,3716.0,20.0
726,18,suyashb734/cliagents,JavaScript,14,2,26.0,1.0
727,18,duongductrong/cursor-kit,TypeScript,13,1,113.0,2.0
728,18,openshift/lightspeed-service,Python,63,69,5070.0,40.0
729,18,WOWCharlotte/nanobot-learn,Python,15,4,923.0,115.0
730,18,kokonut-labs/kokonutui,TypeScript,1810,109,403.0,9.0
731,18,lynx-family/lynx-ui,TypeScript,25,2,30.0,5.0
732,18,YesWeAreBot/YesImBot,TypeScript,168,9,854.0,2.0
733,18,phel-lang/phel-lang,PHP,473,22,3372.0,22.0
734,18,codemie-ai/codemie-code,TypeScript,162,32,233.0,19.0
735,18,Illuminated2020/DeepAgents-AutoGLM,Python,105,13,37.0,1.0
736,18,datht-work/safeai-global-agent,JavaScript,12,7,24.0,1.0
737,18,HammerGPT/Hyper-Alpha-Arena,Python,684,199,536.0,7.0
738,18,BellumGens/bellum-gens,TypeScript,11,4,2997.0,9.0
739,18,jaredpalmer/agentik,TypeScript,16,1,74.0,2.0
740,18,luthersystems/elps,Go,35,9,469.0,10.0
741,18,yoopta-editor/Yoopta-Editor,TypeScript,2927,208,842.0,15.0
742,18,laravel/boost,PHP,3333,292,871.0,78.0
743,18,galz10/pickle-rick-extension,TypeScript,423,37,41.0,4.0
744,18,timeplus-io/proton,C++,2163,106,84483.0,1322.0
745,18,thangchung/agent-engineering-experiment,C#,12,1,23.0,1.0
746,18,peteonrails/voxtype,Rust,500,34,413.0,16.0
747,18,jenkinsm13/metashape-mcp,Python,10,1,43.0,1.0
748,18,jhd3197/CachiBot,Python,14,1,373.0,2.0
749,18,michaeldcanady/servicenow-sdk-go,Go,28,9,975.0,8.0
750,18,mrvladd-d/memobank,JavaScript,31,8,3.0,1.0
751,18,slvDev/weasel,Rust,25,1,313.0,1.0
752,18,govctl-org/govctl,Rust,99,8,329.0,1.0
753,18,gotempsh/temps,Rust,270,10,311.0,2.0
754,17,garrytan/gstack,TypeScript,10544,1255,48.0,2.0
755,16,flet-dev/flet,Python,15751,636,1342.0,83.0
756,16,aristoteleo/PantheonOS,Python,284,28,817.0,9.0
757,16,yaacov/kubectl-mtv,Go,12,1,725.0,2.0
758,16,rust-works/succinctly,Rust,45,2,624.0,3.0
759,16,amachino/qubex,Python,16,12,2707.0,11.0
760,16,amenti-labs/vibecraft,Python,79,8,19.0,2.0
761,16,rtk-ai/rtk,Rust,7722,422,369.0,31.0
762,16,neuron-core/neuron-ai,PHP,1773,190,2953.0,44.0
763,16,owid/etl,Python,138,29,15442.0,35.0
764,16,oursky/skytest-agent,TypeScript,17,1,125.0,2.0
765,16,sm17p/amgiflol,TypeScript,43,1,56.0,3.0
766,16,dream-horizon-org/pulse,Java,135,11,2841.0,65.0
767,16,kipeum86/contract-review-agent,Python,10,1,31.0,4.0
768,16,katanemo/plano,Rust,5960,358,636.0,32.0
769,16,dokimos-dev/dokimos,Java,18,2,123.0,4.0
770,16,motoya0118/pavlok_CLI_agent,Python,70,3,78.0,1.0
771,16,hivemq/hivemq-edge,Java,159,42,2535.0,35.0
772,16,durable-streams/durable-streams,TypeScript,1380,46,570.0,15.0
773,16,toss/react-simplikit,TypeScript,299,64,313.0,37.0
774,16,Joncik91/ucai,JavaScript,27,2,91.0,2.0
775,16,DanSnow/vue-recaptcha,TypeScript,897,137,2905.0,26.0
776,16,eventum-generator/eventum,Python,41,1,2598.0,1.0
777,16,spearwolf/signalize,TypeScript,31,1,468.0,2.0
778,16,biomejs/biome,Rust,24018,901,9558.0,672.0
779,16,bigdra50/unity-cli,Python,30,2,187.0,1.0
780,16,wanikua/become-ceo,TypeScript,39,5,72.0,3.0
781,16,filipstrand/mflux,Python,1888,127,523.0,23.0
782,16,specula-org/Specula,Python,99,15,459.0,5.0
783,16,rm2thaddeus/Pixel_Detective,Python,16,3,337.0,1.0
784,16,aws/graph-explorer,TypeScript,441,78,678.0,27.0
785,16,aklofas/kicad-happy,Python,51,5,15.0,2.0
786,16,ranyitz/aicm,TypeScript,36,3,200.0,2.0
787,16,agentscope-ai/OpenJudge,Python,459,37,272.0,14.0
788,16,refined-prun/refined-prun,TypeScript,26,17,1340.0,10.0
789,16,guqiong96/Lsglang,Python,42,4,10554.0,1184.0
790,16,gricha/perry,TypeScript,31,5,491.0,2.0
791,16,DemonDamon/AgenticX,Python,18,2,1104.0,2.0
792,16,growilabs/growi,TypeScript,1441,237,64696.0,214.0
793,16,MarcSkovMadsen/holoviz-mcp,Python,28,11,518.0,6.0
794,16,piomin/spring-boot-istio,Java,67,22,237.0,2.0
795,16,IgniteUI/igniteui-webcomponents,TypeScript,166,10,2081.0,46.0
796,16,comet-ml/opik,Python,18249,1395,4888.0,113.0
797,16,prisma/prisma-next,TypeScript,193,0,3093.0,9.0
798,16,adamgell/IntuneCommander,C#,21,0,683.0,6.0
799,16,vkehfdl1/slides-grab,JavaScript,128,25,50.0,2.0
800,16,GoogleChrome/webstatus.dev,Go,228,47,1645.0,16.0
801,16,HKUDS/nanobot,Python,33504,5575,1278.0,166.0
802,16,dcramer/ash,Python,59,2,753.0,1.0
803,16,datadog-labs/pup,Rust,463,36,560.0,35.0
804,16,dinerojs/dinero.js,TypeScript,6704,200,1092.0,19.0
805,16,GCWing/BitFun,TypeScript,451,47,305.0,11.0
806,16,Axect/magi-researchers,Python,11,1,130.0,1.0
807,16,meta-pytorch/torchrec,Python,2490,620,3267.0,439.0
808,16,wecode-ai/Wegent,Python,481,71,1242.0,34.0
809,16,shinpr/agentic-code,JavaScript,36,3,100.0,1.0
810,16,GoBetterAuth/go-better-auth,Go,158,18,109.0,3.0
811,16,moeru-ai/airi,TypeScript,33576,3320,3007.0,115.0
812,16,willvelida/code-minions,Go,22,3,270.0,2.0
813,16,decentpaste/decentpaste,Rust,160,7,277.0,1.0
814,16,BlkLeg/CircuitBreaker,JavaScript,177,7,138.0,3.0
815,16,inclusionAI/AWorld,Python,1144,118,3631.0,46.0
816,16,trymirai/uzu,Rust,1497,45,312.0,6.0
817,16,dereekb/dbx-components,TypeScript,13,0,2853.0,2.0
818,16,jasonkneen/kiro,TypeScript,574,165,34.0,6.0
819,16,dannote/dot-pi,TypeScript,14,3,83.0,1.0
820,16,lorehq/lore,Go,22,2,92.0,1.0
821,16,niznik-dev/cruijff_kit,Python,11,0,747.0,11.0
822,16,MarcelMichau/fake-survey-generator,C#,86,18,4052.0,7.0
823,16,asamassekou10/ship-safe,JavaScript,137,8,55.0,1.0
824,16,yjwong/lark-cli,Go,15,6,53.0,3.0
825,16,lbliii/bengal,Python,34,1,3272.0,4.0
826,15,yoshiko-pg/difit,TypeScript,2268,101,513.0,43.0
827,15,PrefectHQ/fastmcp,Python,23681,1822,3184.0,213.0
828,15,SwitchbackTech/compass,TypeScript,214,52,2191.0,24.0
829,15,philschmid/ia-agents,TypeScript,25,4,10.0,1.0
830,15,vinayakkulkarni/v-intl,TypeScript,14,2,2356.0,3.0
831,15,microsoft/apm,Python,463,35,716.0,14.0
832,15,polarsource/polar,Python,9547,677,13817.0,118.0
833,15,ZhangHanDong/agent-spec,Rust,72,6,27.0,1.0
834,15,modem-dev/baudbot,TypeScript,120,12,219.0,6.0
835,15,CircleCI-Public/chunk-cli,TypeScript,28,2,155.0,10.0
836,15,sonofmagic/weapp-tailwindcss,TypeScript,1758,97,3628.0,12.0
837,15,xichan96/cortex,Go,15,0,142.0,3.0
838,15,upstash/context7,TypeScript,49043,2313,736.0,114.0
839,15,educlopez/smoothui,TypeScript,725,37,576.0,4.0
840,15,gmickel/gno,TypeScript,53,7,363.0,4.0
841,14,gemini-cli-extensions/workspace,TypeScript,452,67,176.0,15.0
842,14,yhy0/CHYing-agent,Python,381,30,14.0,1.0
843,14,ylxmf2005/swcc,Python,46,4,13.0,3.0
844,14,kyopark2014/mcp,Python,40,8,850.0,1.0
845,14,nookprotocol/nookplot,TypeScript,12,0,3.0,1.0
846,14,dannys-code-corner/incan,Rust,16,0,94.0,1.0
847,14,danshapiro/kilroy,Go,148,34,870.0,11.0
848,14,cyzus/suzent,Python,63,6,566.0,4.0
849,14,anam-org/metaxy,Python,76,4,805.0,5.0
850,14,lespaceman/athena-flow-cli,TypeScript,10,0,901.0,4.0
851,14,METR/inspect-action,Python,21,10,709.0,14.0
852,14,jgmontoya/shaka,TypeScript,14,3,77.0,2.0
853,14,tensorcircuit/tensorcircuit-ng,Python,58,15,2601.0,41.0
854,14,influxdata/docs-v2,JavaScript,81,325,9928.0,254.0
855,14,microsoft/vscode-copilot-chat,TypeScript,9612,1727,3332.0,104.0
856,14,microsoft/typespec,Java,5625,343,5211.0,163.0
857,14,pingcap/tidb,Go,39871,6136,27733.0,1052.0
858,14,vict00r99/Rune-stone,Python,58,11,12.0,1.0
859,14,microsoft/winappCli,C#,919,37,418.0,14.0
860,14,Canner/wren-engine,Java,563,167,1245.0,28.0
861,14,BrainBlend-AI/atomic-agents,Python,5759,476,856.0,29.0
862,14,aden-hive/hive,Python,9432,5439,2411.0,190.0
863,14,adeze/raindrop-mcp,TypeScript,131,22,353.0,3.0
864,14,pipecat-ai/pipecat,Python,10703,1815,8325.0,229.0
865,14,psmarter/mini-infer,Python,61,3,15.0,3.0
866,14,coltonbatts/VCR,Rust,21,0,148.0,1.0
867,14,shapeshift/web,TypeScript,201,201,7113.0,109.0
868,14,codingagentsystem/cas,Rust,68,7,12.0,1.0
869,14,praveenjuge/teak,TypeScript,13,1,972.0,7.0
870,14,dgk-dev/dgk-gpt,JavaScript,34,7,11.0,1.0
871,14,noir-lang/noir,Rust,1322,375,7217.0,119.0
872,14,NomaDamas/AutoRAG-Research,Python,84,16,120.0,2.0
873,14,manthanabc/paws,Rust,11,2,2420.0,30.0
874,14,langchain-ai/deepagentsjs,TypeScript,797,117,343.0,22.0
875,14,OniReimu/Ageaf,TypeScript,11,0,166.0,1.0
876,14,txpipe/dolos,Rust,111,48,896.0,27.0
877,14,AndurilCode/mcp-apps-kit,TypeScript,13,2,229.0,7.0
878,14,jal-co/ui,TypeScript,20,0,83.0,1.0
879,14,itz4blitz/agentful,JavaScript,12,7,277.0,4.0
880,14,SAP/fundamental-ngx,TypeScript,290,140,9799.0,109.0
881,14,deeeeeeeeap/nanobot-custom,Python,40,13,127.0,1.0
882,14,ZhangHanDong/agent-teams-rs,Rust,14,5,2.0,1.0
883,14,vinta/hal-9000,Python,109,20,1187.0,2.0
884,14,HKUDS/DeepCode,Python,14890,2011,139.0,8.0
885,14,josstei/maestro-gemini,JavaScript,109,5,70.0,1.0
886,14,SoundBlaster/XcodeMCPWrapper,Python,15,1,1586.0,4.0
887,14,PrimeIntellect-ai/verifiers,Python,3901,512,1321.0,67.0
888,14,holon-run/holon,Go,78,6,472.0,4.0
889,14,hao-ai-lab/FastVideo,Python,3171,281,606.0,48.0
890,14,CloudAI-X/opencode-workflow,TypeScript,183,17,5.0,1.0
891,14,mem9-ai/mem9,TypeScript,249,34,228.0,11.0
892,14,jdubray/puffin,JavaScript,17,5,258.0,1.0
893,14,jeanluciano/quaestor,Python,20,2,211.0,2.0
894,14,GGPrompts/TabzChrome,TypeScript,134,10,1074.0,1.0
895,14,dmmulroy/overseer,Rust,222,13,97.0,3.0
896,14,doomclouds/LightRAGNet,C#,12,4,14.0,1.0
897,14,chainreactors/malice-network,Go,425,62,1530.0,6.0
898,14,chmouel/lazyworktree,Go,179,5,888.0,7.0
899,14,mathematic-inc/earl,Rust,109,6,92.0,1.0
900,14,karmab/kcli,Python,632,167,7179.0,96.0
901,14,timescale/pg-aiguide,Python,1623,84,119.0,11.0
902,14,JubaKitiashvili/everything-react-native-expo,JavaScript,16,0,97.0,1.0
903,14,w-winter/dot314,TypeScript,62,5,172.0,3.0
904,14,FouadMagdy01/RNCopilot,TypeScript,25,8,23.0,1.0
905,14,NVIDIA-NeMo/DataDesigner,Python,806,66,312.0,15.0
906,14,DomainLang/DomainLang,TypeScript,10,0,536.0,3.0
907,14,Open-Quant/openquant,Rust,29,3,76.0,1.0
908,14,husamql3/pstrack,TypeScript,115,3,688.0,11.0
909,14,Galbaz1/video-research-mcp,Python,15,2,217.0,2.0
910,14,openshift/console,TypeScript,452,682,30661.0,370.0
911,14,ton-connect/kit,TypeScript,20,13,1574.0,13.0
912,14,Thank-you-Linus/Linus-Dashboard,TypeScript,180,5,449.0,3.0
913,14,openmeterio/openmeter,Go,1852,156,5044.0,25.0
914,14,sgl-project/sglang,Python,24453,4817,10589.0,1191.0
915,14,bearcove/pikru,Rust,27,1,242.0,1.0
916,14,openkoi-ai/openkoi,Rust,19,1,87.0,1.0
917,14,edictum-ai/edictum,Python,16,3,186.0,3.0
918,14,bradsjm/hassio-addons,Python,38,40,161.0,6.0
919,14,Taoidle/plan-cascade,Rust,95,6,579.0,11.0
920,14,Uniswap/uniswap-ai,Python,172,25,81.0,5.0
921,14,UniRound-Tec/Aurogen,TypeScript,419,100,43.0,2.0
922,14,open-metadata/OpenMetadata,TypeScript,8920,1676,15673.0,421.0
923,14,exa-labs/exa-mcp-server,TypeScript,4013,302,259.0,19.0
924,14,blockcell-labs/blockcell,Rust,243,46,160.0,9.0
925,14,borkdominik/bigUML,Java,53,13,186.0,7.0
926,14,awslabs/mcp,Python,8454,1352,1381.0,245.0
927,14,facebook/react,JavaScript,243921,50780,21425.0,1971.0
928,14,nesquikm/mcp-rubber-duck,TypeScript,141,21,170.0,4.0
929,14,nex-agi/weaver,Python,13,0,36.0,5.0
930,14,medusajs/medusa,TypeScript,32334,4139,9726.0,438.0
931,14,lil-id/ajarinaja,TypeScript,11,4,343.0,3.0
932,14,LetPeopleWork/Lighthouse,TypeScript,12,1,4060.0,5.0
933,14,fengshao1227/ccg-workflow,Go,3618,247,186.0,9.0
934,14,Leeroo-AI/superml,Python,54,8,58.0,1.0
935,14,rubiojr/rugo,Go,22,1,469.0,1.0
936,14,apache/skywalking,Java,24747,6644,8451.0,521.0
937,14,lowdefy/lowdefy,JavaScript,2953,178,6812.0,26.0
938,14,0xPlaygrounds/rig,Rust,6497,703,942.0,167.0
939,14,andrewyng/context-hub,JavaScript,6050,571,132.0,15.0
940,14,OsmosysSoftware/osmo-x,TypeScript,13,9,368.0,13.0
941,14,zhu1090093659/CodeConductor,TypeScript,70,3,120.0,2.0
942,12,lee-to/hlv,Rust,31,3,19.0,1.0
943,12,liqiongyu/agentpack,Rust,17,4,658.0,2.0
944,12,timelessco/recollect,TypeScript,34,6,979.0,7.0
945,12,PierreZ/moonpool,Rust,25,1,403.0,4.0
946,12,learntocloud/learn-to-cloud-app,Python,276,12,501.0,5.0
947,12,zzxyb/wlframe,C,11,2,99.0,4.0
948,12,HoangTheQuyen/think-better,Python,58,11,43.0,4.0
949,12,pinpoint-apm/pinpoint,Java,13812,3766,15571.0,166.0
950,12,aclinia/torchlight-of-building,TypeScript,26,18,1257.0,4.0
951,12,ace-step/ACE-Step-1.5,Python,7861,887,1009.0,53.0
952,12,pinax-network/substreams-svm,Rust,14,0,230.0,4.0
953,12,chainstacklabs/polymarket-alpha-bot,Python,64,20,82.0,2.0
954,12,purrgrammer/grimoire,TypeScript,28,10,447.0,6.0
955,12,marcellourbani/vscode_abap_remote_fs,TypeScript,225,47,752.0,9.0
956,12,kdcokenny/ocx,TypeScript,395,26,317.0,11.0
957,12,Pama-Lee/Ordo,Rust,26,3,122.0,3.0
958,12,AshishOP/arc-protocol,Python,64,5,19.0,1.0
959,12,kvet/queuert,TypeScript,14,1,256.0,1.0
960,12,kubb-labs/fabric,TypeScript,16,2,595.0,9.0
961,12,anombyte93/atlas-session-lifecycle,Python,84,8,79.0,2.0
962,12,aniftyco/kubit,TypeScript,32,2,48.0,1.0
963,12,angular/angular,TypeScript,100082,27125,36748.0,2586.0
964,12,sky-map-team/stardroid,Java,1613,262,1126.0,42.0
965,12,Harryoung/efka,Python,94,17,152.0,1.0
966,12,davidromeo/tradeblocks,TypeScript,34,17,1270.0,7.0
967,12,pdsuwwz/chatgpt-vue3-light-mvp,TypeScript,535,90,57.0,1.0
968,12,yamadashy/repomix,TypeScript,22436,1042,3095.0,70.0
969,12,jwilger/eventcore,Rust,11,1,384.0,3.0
970,12,marigold-ui/marigold,TypeScript,137,11,4605.0,27.0
971,12,sbroenne/mcp-server-excel,C#,76,12,329.0,4.0
972,12,sanity-io/next-sanity,TypeScript,934,108,3327.0,48.0
973,12,cascade-protocol/agentbox,TypeScript,11,1,220.0,1.0
974,12,carere/zaidan,TypeScript,59,1,256.0,1.0
975,12,qiniu/go-sdk,Go,149,67,952.0,47.0
976,12,owliabot/owliabot,TypeScript,24,5,540.0,18.0
977,12,didi/mpx,JavaScript,3878,391,12824.0,121.0
978,12,Wuuu-uu/nanobot-feishu-specilized,Python,11,1,194.0,23.0
979,12,YunjueTech/Yunjue-Agent,Python,404,47,34.0,6.0
980,12,opensource-observer/oss-directory,Python,93,254,780.0,157.0
981,12,AzureAD/microsoft-authentication-library-for-dotnet,C#,1494,395,4268.0,125.0
982,12,Azure/azure-sdk-for-rust,Rust,868,340,3107.0,196.0
983,12,justrach/dhi,TypeScript,44,0,179.0,3.0
984,12,QoreDB/QoreDB,TypeScript,12,0,187.0,2.0
985,12,Purple-Horizons/tick-md,JavaScript,13,2,110.0,1.0
986,12,Ratler/dream-team,JavaScript,14,2,49.0,1.0
987,12,RadiumAg/bilibili-favorites,TypeScript,18,0,395.0,3.0
988,12,quiet-circles/hyperlocalise,Go,13,2,147.0,3.0
989,12,TsingmaoAI/xw-cli,Go,308,34,107.0,6.0
990,12,edwnh/dqmc,C,16,4,176.0,2.0
991,12,ecency/ecency-mobile,TypeScript,259,75,44509.0,18.0
992,12,eigent-ai/eigent,TypeScript,12993,1494,2151.0,63.0
993,12,agglayer/agglayer,Rust,115,85,619.0,54.0
994,12,agentset-ai/agentset,TypeScript,1915,168,812.0,6.0
995,12,entropyconquers/react-native-reanimated-dnd,TypeScript,565,30,116.0,5.0
996,12,EmaFanClub/EverMemoryArchive,TypeScript,18,9,80.0,15.0
997,12,vurakit/agentup,Python,55,15,10.0,1.0
998,12,elroy-bot/elroy,Python,53,3,678.0,5.0
999,12,spldeolin/allison1875,Java,17,2,1396.0,1.0
1000,12,open-circle/valibot,TypeScript,8492,314,3215.0,174.0
