rank,other_file_count,repo,mainLanguage,stars,forks,commits,contributors
1,25665,a5c-ai/babysitter,JavaScript,441,24,1028.0,10.0
2,12441,danielmiessler/Personal_AI_Infrastructure,TypeScript,9985,1401,575.0,24.0
3,1904,yonatangross/orchestkit,TypeScript,117,13,339.0,2.0
4,1664,DNYoussef/context-cascade,Python,22,6,238.0,1.0
5,1609,SimHacker/moollm,Python,34,4,2287.0,3.0
6,1458,laraxot/laravelpizza.com,PHP,26,22,505.0,2.0
7,1370,markuplint/markuplint,TypeScript,598,64,7712.0,48.0
8,884,htdt/godogen,Python,125,13,7.0,1.0
9,859,MetalLegBob/solana-vibes-kit,JavaScript,14,0,144.0,1.0
10,568,ancoleman/ai-design-components,Python,310,48,81.0,2.0
11,562,careerhackeralex/visualize,JavaScript,54,12,124.0,1.0
12,562,demozx/gf_cms,Go,92,37,397.0,2.0
13,432,williamzujkowski/standards,Python,13,0,176.0,2.0
14,423,jd-opensource/JoySafeter,Python,176,35,219.0,5.0
15,417,eddiebelaval/squire,Python,14,3,13.0,1.0
16,376,smallnest/langgraphgo,Go,209,34,328.0,10.0
17,365,CraftOS-dev/CraftBot,Python,55,5,494.0,4.0
18,359,ValidatorsDAO/slv,TypeScript,85,12,858.0,12.0
19,339,LdotJdot/OpenLum,JavaScript,26,5,8.0,1.0
20,327,pacphi/sindri,Rust,11,6,386.0,3.0
21,324,elophanto/EloPhanto,Python,34,5,277.0,3.0
22,315,openakita/openakita,Python,1219,150,1312.0,7.0
23,280,satsigner/satsigner,TypeScript,46,23,3992.0,19.0
24,271,nookprotocol/nookplot,TypeScript,12,0,3.0,1.0
25,258,netease-youdao/LobsterAI,TypeScript,3938,453,370.0,18.0
26,256,elbwalker/walkerOS,TypeScript,327,17,3490.0,12.0
27,243,undsky/RuoYi-SpringBoot3-Pro,Java,133,49,66.0,1.0
28,241,openteams-lab/openteams,Rust,73,5,1781.0,53.0
29,231,pymc-labs/decision-hub,Python,37,3,449.0,6.0
30,228,kivo360/OmoiOS,Python,37,4,701.0,5.0
31,226,Mulily0513/Omni,Python,15,1,2.0,1.0
32,226,Xerus-ai/openwork,TypeScript,31,1,41.0,4.0
33,226,Yangchengshuai/Aerotri-Web,JavaScript,15,5,91.0,3.0
34,226,mikeOnBreeze/cc-crossbeam,Python,145,53,69.0,1.0
35,225,hirotaka/pragmatic-nuxt,TypeScript,159,14,725.0,4.0
36,224,ImGoodBai/goodable,TypeScript,161,34,130.0,3.0
37,213,6BNBN/FlowPilot,TypeScript,101,7,169.0,1.0
38,209,terrorproforma/GradientOS,Python,18,4,138.0,3.0
39,208,Kilo-Org/kilo-marketplace,Python,53,16,211.0,31.0
40,206,krafton-ai/KIRA,Python,712,97,121.0,9.0
41,202,TippingGame/F8Framework,C#,840,130,421.0,4.0
42,202,TippingGame/F8FrameworkDemo,C#,38,10,155.0,1.0
43,200,byteowlz/oqto,Rust,34,2,481.0,1.0
44,198,tutur3u/platform,TypeScript,48,25,14626.0,30.0
45,194,AizenvoltPrime/damocles,TypeScript,46,3,253.0,1.0
46,190,sfc-gh-dflippo/snowflake-dbt-demo,Python,31,8,301.0,2.0
47,186,obot-platform/discobot,Go,51,3,981.0,13.0
48,171,MoomFE/mixte,TypeScript,18,2,1180.0,3.0
49,171,dp-archive/archive,Python,1111,97,195.0,2.0
50,171,hdkiller/coach,TypeScript,41,5,3547.0,7.0
51,169,ohah/hwpjs,Rust,142,19,922.0,4.0
52,168,okwinds/miscellany,Python,39,2,50.0,3.0
53,166,adoresever/AGI_Ananas,TypeScript,148,21,37.0,4.0
54,165,fellipeutaka/kanpeki,TypeScript,29,1,349.0,3.0
55,161,Sage/carbon,TypeScript,297,87,26194.0,187.0
56,159,UnicomAI/wanwu,Go,3959,79,3767.0,53.0
57,158,growupanand/ConvoForm,TypeScript,102,32,533.0,6.0
58,156,raphaelsalaja/userinterface-wiki,TypeScript,319,20,250.0,2.0
59,152,ArcaneOrion/Alice-Single,Python,13,2,75.0,1.0
60,150,revokslab/ShipFree,TypeScript,1614,455,200.0,7.0
61,148,arch-team/devpace,JavaScript,33,2,337.0,1.0
62,140,definableai/definable.ai,Python,20,2,177.0,2.0
63,139,frumu-ai/tandem,Rust,73,7,1206.0,5.0
64,138,KartikLabhshetwar/screenshot-studio,TypeScript,560,98,391.0,18.0
65,133,Heyvhuang/ship-faster,TypeScript,319,54,81.0,3.0
66,133,PackmindHub/packmind,TypeScript,243,12,2594.0,11.0
67,130,laborany/laborany,TypeScript,50,4,244.0,5.0
68,129,alsk1992/CloddsBot,TypeScript,61,18,390.0,3.0
69,129,lynx-family/lynx-ui,TypeScript,25,2,30.0,5.0
70,128,Flexasaurusrex/OpenPaw,TypeScript,12,0,14274.0,800.0
71,128,rvdbreemen/OTGW-firmware,C++,176,39,2407.0,20.0
72,128,shadcraft/shadcraft-free,TypeScript,30,3,108.0,2.0
73,125,vobase/vobase,TypeScript,25,3,285.0,3.0
74,124,RadiumAg/bilibili-favorites,TypeScript,18,0,395.0,3.0
75,124,kokonut-labs/kokonutui,TypeScript,1810,109,403.0,9.0
76,123,sailscastshq/boring-stack,JavaScript,491,25,1071.0,12.0
77,121,baotoq/micro-commerce,C#,93,25,1271.0,2.0
78,121,polarsource/polar,Python,9547,677,13817.0,118.0
79,116,Its-Nyein/shadcn-admin,TypeScript,41,8,51.0,1.0
80,116,Safphere/opencowork,TypeScript,297,58,41.0,2.0
81,116,ThinkInAIXYZ/deepchat,TypeScript,5583,641,2686.0,61.0
82,116,daffy0208/ai-dev-standards,TypeScript,20,6,189.0,2.0
83,109,iOfficeAI/AionUi,TypeScript,18771,1469,2966.0,57.0
84,109,telagod/code-abyss,JavaScript,104,10,91.0,2.0
85,109,thetahealth/mirobody,Python,973,183,54.0,9.0
86,107,adelpro/quran-search-engine,Python,19,37,26.0,1.0
87,107,soimy/atlasify,Python,35,5,103.0,3.0
88,106,adamgell/IntuneCommander,C#,21,0,683.0,6.0
89,106,timelessco/recollect,TypeScript,34,6,979.0,7.0
90,106,zhu1090093659/CodeConductor,TypeScript,70,3,120.0,2.0
91,105,kapishdima/soundcn,TypeScript,409,15,98.0,4.0
92,105,openstatusHQ/data-table-filters,TypeScript,1882,114,126.0,9.0
93,104,mrexodia/ida-pro-mcp,Python,6360,723,355.0,47.0
94,103,rangerrick337/operator-os,Python,11,1,3.0,1.0
95,102,educlopez/smoothui,TypeScript,725,37,576.0,4.0
96,101,NJX-njx/opensoul,TypeScript,42,5,189.0,7.0
97,101,OpenWhispr/openwhispr,TypeScript,1830,271,789.0,31.0
98,101,le-soleil-se-couche/VoiceInk,TypeScript,22,3,630.0,27.0
99,101,openaeon/OpenAEON,TypeScript,14,1,15.0,1.0
100,101,tonylofgren/aurora-smart-home,Python,27,0,48.0,1.0
101,100,aristoteleo/PantheonOS,Python,284,28,817.0,9.0
102,100,tomascupr/sandstorm,Python,426,40,70.0,5.0
103,100,vinayakkulkarni/v-intl,TypeScript,14,2,2356.0,3.0
104,99,matteocervelli/llms,Python,20,2,26.0,1.0
105,99,quan0715/QJudge,TypeScript,27,0,524.0,3.0
106,98,dmmulroy/overseer,Rust,222,13,97.0,3.0
107,98,wukongrobot/wukongbot,TypeScript,14,0,14.0,1.0
108,97,kindfi-org/kindfi,TypeScript,18,97,424.0,99.0
109,96,dinerojs/dinero.js,TypeScript,6704,200,1092.0,19.0
110,96,ulinycoin/clientpdf-pro,TypeScript,16,2,143.0,3.0
111,94,bgauryy/octocode-mcp,TypeScript,751,59,373.0,6.0
112,93,google-labs-code/jules-sdk,TypeScript,44,9,199.0,5.0
113,93,vudovn/antigravity-kit,TypeScript,6037,1192,28.0,7.0
114,92,diillson/chatcli,Go,69,21,689.0,2.0
115,92,leandrosilvaferreira/gitai,Python,36,2,73.0,2.0
116,92,mukhbit0/Flutter-Theme-Generator,TypeScript,47,5,122.0,2.0
117,91,next-safe-action/next-safe-action,TypeScript,3008,46,708.0,23.0
118,90,masumi-network/sokosumi,TypeScript,11,4,2289.0,8.0
119,90,vedantb2/eva,TypeScript,33,2,1384.0,3.0
120,90,w-winter/dot314,TypeScript,62,5,172.0,3.0
121,89,co-r-e/dexcode,TypeScript,13,1,57.0,1.0
122,88,RinDig/Interpreted-Context-Methdology,Python,123,26,14.0,1.0
123,87,WayfinderFoundation/wayfinder-paths-sdk,Python,14,4,103.0,8.0
124,87,aifuxi/fuxiaochen,TypeScript,440,61,970.0,1.0
125,87,jpmorgan-payments/embedded-finance,TypeScript,18,6,4455.0,16.0
126,86,socius-org/RedditHarbor,TypeScript,92,8,399.0,7.0
127,85,cyberfabric/cyber-pilot,Python,29,10,367.0,7.0
128,85,tungnk123/mobile-best-practices,Python,14,4,74.0,1.0
129,83,zhuanggenhua/BoardGame,TypeScript,12,4,312.0,3.0
130,82,Tai-ch0802/arc-like-chrome-extension,JavaScript,35,2,420.0,4.0
131,82,mrvladd-d/memobank,JavaScript,31,8,3.0,1.0
132,82,xenitV1/Antigravity-Workflows,Python,129,21,23.0,3.0
133,81,jewbetcha/opentrace,TypeScript,46,1,32.0,1.0
134,80,HAI3org/HAI3,TypeScript,27,33,676.0,18.0
135,79,Alenryuichi/openmemory-plus,TypeScript,17,1,70.0,1.0
136,79,elizaOS/eliza,TypeScript,17797,5452,17562.0,652.0
137,79,hunghg255/reactjs-tiptap-editor,TypeScript,677,154,688.0,33.0
138,79,preschian/create-dot-app,TypeScript,11,3,190.0,5.0
139,78,kazukinagata/shinkoku,Python,308,29,157.0,2.0
140,77,willvelida/code-minions,Go,22,3,270.0,2.0
141,76,glassflow/clickhouse-etl,TypeScript,425,25,1966.0,13.0
142,76,mml-io/3d-web-experience,TypeScript,16,17,248.0,7.0
143,76,ramo4040/olyx-ui,TypeScript,15,1,264.0,3.0
144,76,vana-com/data-connect,TypeScript,21,3,662.0,10.0
145,75,MODSetter/SurfSense,Python,13255,1192,3697.0,56.0
146,75,avihaymenahem/velo,TypeScript,555,70,236.0,6.0
147,74,garrytan/gstack,TypeScript,10544,1255,48.0,2.0
148,74,openclix/openclix,TypeScript,31,1,50.0,2.0
149,73,openshift-eng/ai-helpers,Python,52,214,836.0,88.0
150,72,doodledood/manifest-dev,Python,60,7,112.0,3.0
151,72,jal-co/ui,TypeScript,20,0,83.0,1.0
152,72,simnova/sharethrift,TypeScript,19,0,1841.0,21.0
153,72,sunflowermm/XRK-AGT,JavaScript,88,6,619.0,1.0
154,71,civitai/civitai,TypeScript,7032,709,19745.0,30.0
155,70,Soju06/codex-lb,Python,190,43,261.0,21.0
156,70,SujalXplores/v0.diy,TypeScript,131,72,123.0,4.0
157,69,ReinaMacCredy/maestro,TypeScript,23,3,562.0,3.0
158,69,Remy349/shadcn-ui-multi-form,TypeScript,58,3,405.0,1.0
159,68,marigold-ui/marigold,TypeScript,137,11,4605.0,27.0
160,67,aquario-ufpb/aquario,TypeScript,67,22,645.0,17.0
161,67,egoist/takopi,TypeScript,12,1,17.0,1.0
162,67,lintendo/Axhub-Make,TypeScript,26,9,64.0,2.0
163,67,marcoripa96/i0,TypeScript,26,3,52.0,3.0
164,67,techwithanirudh/coolify-tweaks,TypeScript,148,5,285.0,4.0
165,67,vercel-labs/sandcastle,TypeScript,43,5,5.0,2.0
166,66,OpenSource03/harnss,TypeScript,126,15,121.0,3.0
167,66,ncdai/chanhdai.com,TypeScript,1530,235,2349.0,6.0
168,65,AAYUSH412/Real-Estate-Website,TypeScript,68,43,87.0,1.0
169,64,ocrbase-hq/ocrbase,TypeScript,968,77,112.0,3.0
170,64,sanity-io/next-sanity,TypeScript,934,108,3327.0,48.0
171,63,gricha/perry,TypeScript,31,5,491.0,2.0
172,63,sunholo-data/ailang,Go,22,2,2060.0,6.0
173,62,amarnathdhumal/chamaacui,TypeScript,26,3,242.0,3.0
174,62,ls1intum/Hephaestus,Java,16,1,897.0,12.0
175,62,vinayakkulkarni/vue-nuxt-best-practices,TypeScript,36,2,16.0,2.0
176,61,cardstack/boxel,TypeScript,21,12,14447.0,24.0
177,61,foxminchan/BookWorm,C#,477,62,562.0,7.0
178,61,loonghao/auroraview,Rust,28,4,886.0,4.0
179,60,inconvoai/inconvo,TypeScript,95,7,656.0,3.0
180,60,keenthemes/reui,TypeScript,2670,107,175.0,21.0
181,60,onecli/onecli,TypeScript,601,23,42.0,2.0
182,59,OpenCoworkAI/open-cowork,TypeScript,634,64,316.0,11.0
183,59,hyaway/hyaway,TypeScript,12,0,1154.0,1.0
184,59,jingerpie/ocean-dataview,TypeScript,57,3,300.0,2.0
185,59,open-kbs/openkbs,JavaScript,10,1,339.0,1.0
186,59,superzero11/OpenFarm,TypeScript,10,0,58.0,1.0
187,58,Charlie85270/Dorothy,TypeScript,203,30,161.0,4.0
188,58,Rainnny7/RESTfulMC,Java,22,1,821.0,4.0
189,58,bestofjs/bestofjs,TypeScript,3080,155,1150.0,27.0
190,58,bikeshaving/crank,TypeScript,2788,80,2240.0,32.0
191,58,emlopezr/trackwatch,TypeScript,15,0,324.0,3.0
192,58,jewbetcha/openflight,Python,168,17,317.0,4.0
193,58,laika-labs/laika,TypeScript,20,9,161.0,3.0
194,58,n4ze3m/page-share-app,TypeScript,16,7,25.0,1.0
195,58,paralov/app-bloxbot-ai,TypeScript,57,10,51.0,2.0
196,58,sanity-io/sanity,TypeScript,6029,519,20841.0,186.0
197,58,xiaobei930/cc-best,JavaScript,34,2,150.0,1.0
198,57,Jovancoding/Network-AI,TypeScript,20,7,224.0,5.0
199,56,AIDotNet/OpenCowork,TypeScript,165,36,160.0,3.0
200,56,Nexo-Agent/nexo,TypeScript,10,2,499.0,1.0
201,55,I-Synergy/I-Synergy.Framework,C#,10,2,1574.0,4.0
202,55,blueberrycongee/Lumina-Note,TypeScript,747,80,1494.0,6.0
203,55,simplexlabs/montage,TypeScript,15,0,13.0,1.0
204,54,OthmanAdi/planning-with-files,Python,16064,1476,155.0,22.0
205,54,teamzisty/deni-ai,TypeScript,10,3,411.0,5.0
206,53,OpenHands/extensions,Python,72,15,101.0,11.0
207,53,SCStelz/security-investigator,Python,52,19,113.0,3.0
208,53,nicepkg/vsync,TypeScript,28,1,240.0,3.0
209,53,xuey490/project,PHP,12,0,773.0,1.0
210,52,nex-agi/NexAU,Python,50,10,357.0,17.0
211,52,yunfengsa/pure-genealogy,TypeScript,343,61,79.0,2.0
212,51,OniReimu/Ageaf,TypeScript,11,0,166.0,1.0
213,51,TrainProtocol/app,JavaScript,24,1,433.0,6.0
214,51,chaibuilder/sdk,TypeScript,422,70,2753.0,10.0
215,51,cloudwego/eino-ext,Go,624,263,423.0,65.0
216,51,rp1-run/rp1,TypeScript,11,3,215.0,4.0
217,50,INQTR/poker-planning,TypeScript,107,33,287.0,7.0
218,50,NguyenSiTrung/Conductor-Beads,Python,20,4,26.0,3.0
219,49,Zendevve/Antigravity-Usage,TypeScript,32,3,20.0,1.0
220,49,rohitg00/manim-video-generator,TypeScript,222,39,78.0,2.0
221,48,ItsWendell/palot,TypeScript,55,3,196.0,4.0
222,48,ThierryN/fire-flow,Python,58,19,2.0,1.0
223,48,YUST777/verdict-community,JavaScript,95,0,27.0,2.0
224,48,argos-ci/argos,TypeScript,557,47,4028.0,15.0
225,48,husamql3/pstrack,TypeScript,115,3,688.0,11.0
226,48,llama-farm/llamafarm,Python,823,49,830.0,15.0
227,47,vibeforge1111/vibeship-spark-intelligence,Python,114,31,984.0,7.0
228,46,eggent-ai/eggent,TypeScript,219,42,36.0,1.0
229,46,shangyankeji/super-dev,Python,131,35,68.0,2.0
230,45,Conectate/ct-elements,TypeScript,15,3,287.0,1.0
231,45,ai-debugger-inc/aidb,Python,13,2,109.0,3.0
232,45,base/demos,TypeScript,83,117,257.0,10.0
233,45,gadievron/raptor,Python,1481,188,221.0,14.0
234,44,btahir/react-tourlight,TypeScript,19,0,36.0,1.0
235,43,btahir/react-kino,TypeScript,177,7,72.0,1.0
236,43,davidabeyer/formaltask,Python,13,1,25.0,1.0
237,43,luke-h1/foam,TypeScript,11,0,583.0,4.0
238,43,whuanle/EasyTouch,C#,29,10,27.0,1.0
239,42,abudhahir/superpowers,JavaScript,11,0,290.0,14.0
240,42,linkerlin/PUAX,JavaScript,254,21,103.0,2.0
241,40,jordanhubbard/loom,Go,95,11,1159.0,5.0
242,40,pengzhanbo/vuepress-theme-plume,TypeScript,450,125,2178.0,54.0
243,40,udecode/better-convex,TypeScript,379,28,393.0,9.0
244,39,ChurchCRM/CRM,PHP,830,520,13788.0,87.0
245,39,GovTechSG/sgds-web-component,TypeScript,12,5,3303.0,18.0
246,39,Taoidle/plan-cascade,Rust,95,6,579.0,11.0
247,39,huangrt01/CS-Notes,Python,3947,484,819.0,4.0
248,39,lyonjs/shortvid.io,TypeScript,139,32,1266.0,14.0
249,39,millionco/react-doctor,TypeScript,5758,179,169.0,9.0
250,39,open-agreements/open-agreements,TypeScript,11,1,274.0,1.0
251,39,suitedaces/dorabot,TypeScript,192,25,498.0,1.0
252,38,TencentCloudBase/CloudBase-MCP,TypeScript,973,121,930.0,11.0
253,38,justinabrahms/frm,Go,11,0,33.0,2.0
254,38,lofcz/LLMTornado,C#,573,95,1743.0,24.0
255,37,TheCardGoat/tcg-engines,TypeScript,12,5,387.0,6.0
256,37,openyida/openyida,JavaScript,99,10,95.0,6.0
257,37,soyacen/goose,Go,10,1,227.0,4.0
258,37,vercel-labs/json-render,TypeScript,12538,669,177.0,14.0
259,36,HoangTheQuyen/think-better,Python,58,11,43.0,4.0
260,36,SoFriendly/orca,JavaScript,50,3,434.0,5.0
261,36,minorcell/memo-code,TypeScript,17,1,469.0,1.0
262,35,monotykamary/openmux,TypeScript,51,7,757.0,2.0
263,35,niznik-dev/cruijff_kit,Python,11,0,747.0,11.0
264,34,fictjs/fict,TypeScript,61,2,702.0,2.0
265,34,jkitchin/jaxsr,Python,33,1,88.0,2.0
266,34,pnsk-lab/hikkaku,TypeScript,52,3,230.0,12.0
267,33,RipeSeed/rs-tunnel,TypeScript,12,2,22.0,2.0
268,33,andrew-yangy/gru-ai,TypeScript,84,8,73.0,1.0
269,33,builderz-labs/mission-control,TypeScript,2523,426,235.0,20.0
270,33,justjavac/gpui-memory-game,Rust,12,5,126.0,1.0
271,33,paralleldrive/aidd,JavaScript,292,21,240.0,8.0
272,33,react-native-vibe-code/react-native-vibe-code-sdk,TypeScript,151,25,235.0,1.0
273,32,queelius/crier,Python,12,1,61.0,1.0
274,32,zylos-ai/zylos-core,JavaScript,735,67,367.0,9.0
275,31,SpartanLabsXyz/simmer-sdk,Python,33,10,322.0,4.0
276,31,adeze/raindrop-mcp,TypeScript,131,22,353.0,3.0
277,31,j5ik2o/oni-comb-rs,Rust,42,0,4288.0,5.0
278,31,sorafujitani/rfmt,Rust,58,1,265.0,2.0
279,31,tpmjs/tpmjs,TypeScript,23,5,951.0,4.0
280,30,CRJFisher/ariadne,TypeScript,16,1,1436.0,3.0
281,30,Purple-Horizons/tick-md,JavaScript,13,2,110.0,1.0
282,30,anton-abyzov/specweave,TypeScript,88,9,2579.0,6.0
283,30,dsifry/goodtogo,Python,53,3,61.0,1.0
284,29,DotNetLabX/dotnet-microservices,C#,11,4,8.0,1.0
285,29,Expensify/App,TypeScript,4754,3625,236556.0,2325.0
286,29,opensesh/OS_design-directory,TypeScript,10,2,549.0,1.0
287,28,gvkhosla/compound-engineering-pi,TypeScript,35,2,18.0,1.0
288,28,jjenzz/sweepi,TypeScript,11,0,133.0,1.0
289,27,The-Universal-BRC-20-Extension/Simplicity,Python,11,4,8.0,2.0
290,27,Whamp/pi-rlm,Python,13,2,44.0,2.0
291,27,d2learn/xlings,C++,572,44,364.0,4.0
292,27,jcfischer/supertag-cli,TypeScript,35,5,350.0,2.0
293,27,jeanluciano/quaestor,Python,20,2,211.0,2.0
294,27,popup-studio-ai/bkit-codex,JavaScript,11,7,11.0,2.0
295,27,yoshiko-pg/difit,TypeScript,2268,101,513.0,43.0
296,26,EnactProtocol/enact,TypeScript,17,3,213.0,2.0
297,26,Ibrahim-3d/conductor-orchestrator-superpowers,Python,275,30,18.0,1.0
298,26,IvanLi-CN/tavily-hikari,Rust,150,30,729.0,2.0
299,26,aalmada/BookStore,C#,15,0,416.0,3.0
300,26,asklokesh/loki-mode,Python,728,146,554.0,5.0
301,26,inboundemail/inbound,TypeScript,334,42,809.0,10.0
302,26,jgmontoya/shaka,TypeScript,14,3,77.0,2.0
303,26,raphaelmansuy/edgequake,Rust,1443,148,127.0,7.0
304,26,storyblok/monoblok,TypeScript,40,21,10160.0,125.0
305,26,swaponline/MultiCurrencyWallet,TypeScript,543,486,12994.0,84.0
306,25,JameZUK/Arkana,Python,16,2,502.0,4.0
307,25,faidd/faidd,TypeScript,12,0,57.0,1.0
308,25,kriegcloud/beep-effect,TypeScript,46,5,7803.0,728.0
309,25,wgzhao/Addax,Java,1405,331,1977.0,34.0
310,25,yuaotian/sanshu,Rust,200,18,250.0,2.0
311,24,0xAxiom/AppFactory,TypeScript,127,23,156.0,5.0
312,24,DwainTR/superpowers-copilot,JavaScript,10,0,2.0,1.0
313,24,FaberSober/fa-antd-admin,TypeScript,20,3,717.0,2.0
314,24,Forget-C/Jellyfish,TypeScript,104,12,37.0,2.0
315,24,Hulupeep/Specflow,JavaScript,24,4,96.0,2.0
316,24,IBM/ado,Python,39,4,339.0,9.0
317,24,LottieFiles/dotlottie-web,TypeScript,467,29,424.0,22.0
318,24,ThirdKeyAI/Symbiont,Rust,34,7,180.0,4.0
319,24,ZSPSTRIVE/SpringAI-langchain-StudyBot,Java,46,8,29.0,1.0
320,24,airas-org/airas,Python,23,0,1870.0,12.0
321,24,comet-ml/opik,Python,18249,1395,4888.0,113.0
322,24,ds1sqe/type-bridge,Python,18,4,416.0,3.0
323,24,hhhh124hhhh/godot-mcp,TypeScript,20,2,65.0,3.0
324,24,letta-ai/lettabot,TypeScript,270,63,425.0,21.0
325,24,manusco/resonance,Python,34,6,54.0,2.0
326,24,microbus-io/fabric,Go,170,5,429.0,4.0
327,24,mitchdenny/hex1b,C#,114,8,546.0,6.0
328,24,moorestech/moorestech,C#,63,7,9821.0,15.0
329,24,picsoritdidnthappen/poidh-app,TypeScript,25,45,1905.0,24.0
330,24,prillcode/start-work,JavaScript,10,2,8.0,1.0
331,24,rizqme/raya,Rust,36,2,417.0,2.0
332,24,tuanngocptn/nport,TypeScript,476,98,59.0,1.0
333,24,udaybandaru/code-archaeologist,Python,10,0,2.0,1.0
334,24,xiao-zaiyi/illa-helper,TypeScript,2777,140,160.0,8.0
335,23,BulloRosso/etienne,TypeScript,16,2,409.0,2.0
336,23,Clyra-AI/gait,Go,11,3,268.0,3.0
337,23,DotNetAge/mindx,Go,27,8,42.0,1.0
338,23,bifrost-proxy/bifrost,Rust,12,0,394.0,3.0
339,23,kaivyy/kabot,Python,21,6,343.0,4.0
340,23,upstash/redis-js,TypeScript,924,90,448.0,32.0
341,23,whinc/ucalc-website,TypeScript,49,17,67.0,1.0
342,22,EthanAlgoX/MarketBot,Python,55,9,322.0,1.0
343,22,Shadylukin/Neumann,Rust,73,6,576.0,3.0
344,22,kortix-ai/lss,Python,11,2,32.0,2.0
345,22,offgrid-ing/arp,Rust,52,6,66.0,2.0
346,21,JustasMonkev/mcp-accessibility-scanner,TypeScript,43,11,161.0,4.0
347,21,altlimit/restruct,Go,15,0,22.0,1.0
348,21,andfanilo/streamlit-echarts,Python,596,72,128.0,9.0
349,21,awslabs/mcp,Python,8454,1352,1381.0,245.0
350,21,axiomhq/gilfoyle,TypeScript,196,10,175.0,5.0
351,21,barretstorck/gemini-superpowers,TypeScript,28,3,5.0,1.0
352,21,ethereum-optimism/actions,TypeScript,22,5,1266.0,8.0
353,21,invergent-ai/surogate,C++,114,3,490.0,3.0
354,21,kaptinlin/gozod,Go,18,1,113.0,2.0
355,21,liyecom/liye-ai,JavaScript,33,4,197.0,2.0
356,21,lza6/AIWriteX-main,Python,27,5,25.0,1.0
357,21,microsoft/waza,Go,14,8,606.0,10.0
358,21,noxonsu/unifactory,TypeScript,23,46,601.0,11.0
359,21,youware-labs/figma-pilot,TypeScript,78,9,29.0,1.0
360,20,Claudate/project-multilevel-index,JavaScript,93,4,45.0,1.0
361,20,codemie-ai/codemie-code,TypeScript,162,32,233.0,19.0
362,20,geminimir/stripemeter,TypeScript,22,6,197.0,3.0
363,20,joeseesun/qiaomu-x-article-publisher,Python,68,11,4.0,1.0
364,20,joshyorko/rcc,Go,21,1,150.0,3.0
365,20,pingcap/website-docs,TypeScript,23,34,793.0,25.0
366,20,tmustier/pi-extensions,TypeScript,100,6,245.0,2.0
367,20,vinayakkulkarni/v-image,TypeScript,40,4,3325.0,5.0
368,20,vinayakkulkarni/v-offline,TypeScript,378,29,2398.0,7.0
369,20,vinayakkulkarni/v-pip,TypeScript,35,6,2737.0,4.0
370,20,vinayakkulkarni/v-spotlight,TypeScript,10,1,1109.0,3.0
371,20,vinayakkulkarni/v-tweakpane,TypeScript,37,6,4162.0,3.0
372,20,vinayakkulkarni/vue-identify-network,TypeScript,69,9,2269.0,4.0
373,19,Xaiver03/openwork-cn,TypeScript,10,3,75.0,11.0
374,19,ahudovich/hudovich.com,TypeScript,10,2,151.0,1.0
375,19,blockcell-labs/blockcell,Rust,243,46,160.0,9.0
376,19,cascade-protocol/sati,TypeScript,16,1,165.0,1.0
377,19,neondatabase/ai-rules,TypeScript,81,9,70.0,9.0
378,19,strangeadvancedmarketing/Adam,Python,31,5,81.0,3.0
379,19,t0dorakis/murmur,TypeScript,20,0,88.0,1.0
380,19,vasilievyakov/miracle-infrastructure,Python,13,1,73.0,2.0
381,18,0xSero/vllm-studio,TypeScript,289,23,258.0,1.0
382,18,Codennnn/Green-Wall,TypeScript,793,43,443.0,8.0
383,18,alibaba/MNN,C++,14539,2236,2802.0,163.0
384,18,anjor/pltr-cli,Python,16,3,222.0,3.0
385,18,heleninsights-dot/phd-deepread-workflow,Python,11,0,13.0,1.0
386,18,jamierpond/yapi,Go,109,2,414.0,2.0
387,18,jkitchin/litdb,Python,74,9,330.0,4.0
388,18,mikeyobrien/rho,TypeScript,325,25,442.0,4.0
389,18,nathanfhh/nbp-web-gen,JavaScript,10,2,763.0,3.0
390,18,obra/superpowers-chrome,JavaScript,202,30,79.0,4.0
391,18,rand/cc-polymath,Python,80,5,158.0,2.0
392,18,srod/node-minify,TypeScript,516,50,5116.0,37.0
393,18,steveyegge/beads,Go,19046,1229,7684.0,307.0
394,17,JinHo-von-Choi/memento-mcp,JavaScript,74,13,162.0,1.0
395,17,accomplish-ai/accomplish,TypeScript,9773,1074,348.0,29.0
396,17,code-xhyun/disunday,TypeScript,13,0,55.0,1.0
397,17,doomclouds/LightRAGNet,C#,12,4,14.0,1.0
398,17,duongductrong/cursor-kit,TypeScript,13,1,113.0,2.0
399,17,dyoshikawa/rulesync,TypeScript,891,82,2982.0,50.0
400,17,existential-birds/beagle,Python,38,5,83.0,2.0
401,17,hoangsonww/PetSwipe-Match-App,TypeScript,18,11,179.0,2.0
402,17,itxaiohanglover/mcp-codestyle-server,Java,48,7,109.0,8.0
403,17,lespaceman/athena-flow-cli,TypeScript,10,0,901.0,4.0
404,17,mem9-ai/mem9,TypeScript,249,34,228.0,11.0
405,17,nolly-studio/cult-ui,TypeScript,3361,150,123.0,8.0
406,17,originsec/praxis,Rust,28,8,29.0,2.0
407,17,senweaver/senweaver-ide,TypeScript,15,0,63.0,4.0
408,17,seojoonkim/prompt-guard,Python,125,23,74.0,9.0
409,17,thapaliyabikendra/ai-artifacts,Python,15,4,41.0,5.0
410,17,tkellogg/open-strix,Python,42,5,111.0,4.0
411,16,MemTensor/MemOS,Python,6877,617,1085.0,43.0
412,16,ZhuLinsen/daily_stock_analysis,Python,20078,20715,412.0,52.0
413,16,coctostan/pi-superpowers,TypeScript,15,2,33.0,1.0
414,16,kfastov/tgcli,JavaScript,35,17,78.0,1.0
415,16,malue-ai/dazee-small,Python,30,0,193.0,9.0
416,16,natea/ExoMind,TypeScript,14,0,25.0,3.0
417,16,nclamvn/bom-cham,TypeScript,24,13,26.0,1.0
418,16,rajbos/github-copilot-token-usage,TypeScript,10,10,1333.0,13.0
419,16,wecode-ai/Wegent,Python,481,71,1242.0,34.0
420,15,TanStack/router,TypeScript,13858,1592,5992.0,695.0
421,15,aallan/vera,Python,40,2,434.0,3.0
422,15,aiming-lab/SimpleMem,Python,3188,311,57.0,13.0
423,15,corv89/shannot,Python,23,2,133.0,2.0
424,15,dagster-io/erk,Python,74,7,4089.0,4.0
425,15,dev-five-git/devup-ui,Rust,354,28,1990.0,17.0
426,15,fabriqaai/specs.md,TypeScript,76,7,708.0,5.0
427,15,mcp-use/mcp-use,TypeScript,9435,1159,858.0,36.0
428,15,mikkelkrogsholm/ai-laegens-bord,JavaScript,37,3,5.0,1.0
429,15,siy/coding-technology,Java,12,3,205.0,1.0
430,15,upstash/workflow-js,TypeScript,148,23,201.0,12.0
431,15,viames/pair,PHP,10,2,500.0,3.0
432,14,0xNyk/xint,TypeScript,51,3,86.0,1.0
433,14,GCWing/BitFun,TypeScript,451,47,305.0,11.0
434,14,Project-N-E-K-O/N.E.K.O,Python,781,103,802.0,29.0
435,14,SawyerHood/dev-browser,TypeScript,3847,246,98.0,2.0
436,14,Snowflake-Labs/polaris-local-forge,Python,16,3,69.0,2.0
437,14,Sunwood-ai-labs/SourceSage,Python,72,1,558.0,4.0
438,14,ThirdKeyAI/SchemaPin,Python,13,6,104.0,2.0
439,14,adobe/helix-website,JavaScript,39,56,4564.0,53.0
440,14,aymericzip/intlayer,TypeScript,627,106,5209.0,45.0
441,14,bowenliang123/markdown-exporter,Python,190,49,605.0,6.0
442,14,bpowers/simlin,Rust,92,18,2056.0,5.0
443,14,brsbl/ottonomous,JavaScript,11,1,261.0,2.0
444,14,coctostan/pi-superpowers-plus,TypeScript,25,3,131.0,1.0
445,14,coltonbatts/VCR,Rust,21,0,148.0,1.0
446,14,dorkitude/linctl,Go,112,18,74.0,5.0
447,14,erikvullings/slimdown-js,TypeScript,15,0,111.0,3.0
448,14,hannesill/m4,Python,23,10,378.0,11.0
449,14,klever-io/mcp-klever-vm,TypeScript,30,3,42.0,2.0
450,14,lchrennew/es-fetch-api,JavaScript,17,0,89.0,2.0
451,14,magpie-lang/magpie,Rust,48,3,62.0,2.0
452,14,paralleldrive/riteway,JavaScript,1169,38,606.0,34.0
453,14,pbakaus/impeccable,JavaScript,8226,320,149.0,7.0
454,14,proffesor-for-testing/sentinel-api-testing,Python,36,9,144.0,2.0
455,14,pymc-labs/CausalPy,Python,1125,97,1676.0,39.0
456,14,rohitg00/kubectl-mcp-server,Python,849,166,127.0,7.0
457,14,rsdouglas/janee,TypeScript,23,5,191.0,3.0
458,14,srbhr/Resume-Matcher,TypeScript,26305,4742,1055.0,73.0
459,14,supabase/supabase,TypeScript,98968,11799,35098.0,1859.0
460,14,timf34/arxiv2md,Python,111,9,76.0,3.0
461,13,Agents2AgentsAI/ata,Rust,67,3,4843.0,374.0
462,13,Agents365-ai/video-podcast-maker,TypeScript,175,18,116.0,1.0
463,13,BrownFineSecurity/iothackbot,Python,682,106,8.0,1.0
464,13,Cratis/Chronicle,C#,38,8,15832.0,16.0
465,13,Kevin7Qi/codex-collab,TypeScript,62,4,60.0,1.0
466,13,LerianStudio/ring,Python,135,15,1834.0,16.0
467,13,TanStack/db,TypeScript,3650,187,828.0,59.0
468,13,WebMCP-org/npm-packages,TypeScript,34,5,433.0,5.0
469,13,caol64/wenyan-cli,TypeScript,81,13,31.0,2.0
470,13,carere/zaidan,TypeScript,59,1,256.0,1.0
471,13,coinset-org/cli,Rust,16,2,56.0,3.0
472,13,dannote/figma-use,TypeScript,495,32,310.0,1.0
473,13,dilgerma/nebulit-code-generators,TypeScript,21,8,191.0,2.0
474,13,droidrun/droidrun,Python,7945,805,999.0,30.0
475,13,fabio-rovai/open-ontologies,Rust,21,3,163.0,1.0
476,13,fengshao1227/ccg-workflow,Go,3618,247,186.0,9.0
477,13,frizynn/linkedin-cli,Python,18,5,2.0,1.0
478,13,gmickel/gno,TypeScript,53,7,363.0,4.0
479,13,igorls/context-builder,Rust,14,1,73.0,1.0
480,13,leeguooooo/Mailbox,JavaScript,36,5,116.0,2.0
481,13,lovesegfault/rio-build,Rust,44,3,938.0,2.0
482,13,moasq/nanowave,Go,31,7,49.0,3.0
483,13,navikt/copilot,TypeScript,19,6,220.0,12.0
484,13,open-metadata/OpenMetadata,TypeScript,8920,1676,15673.0,421.0
485,13,qxkjsoft/ginfast,Go,87,27,118.0,3.0
486,13,shapeshift/web,TypeScript,201,201,7113.0,109.0
487,13,sjtu-sai-agents/EvoMaster,Python,27,14,95.0,7.0
488,13,teng-lin/notebooklm-py,Python,5690,702,567.0,11.0
489,12,CryptoLabInc/rune,Python,13,2,45.0,3.0
490,12,TheSoftwareHouse/copilot-collections,TypeScript,151,4,237.0,16.0
491,12,abdullah1854/MCPGateway,TypeScript,12,2,55.0,2.0
492,12,ace-step/ACE-Step-1.5,Python,7861,887,1009.0,53.0
493,12,alibaba/higress,Go,7770,1029,1601.0,165.0
494,12,arkavo-org/arkavo-edge,Rust,10,0,204.0,3.0
495,12,bendlikeabamboo/barangay,Python,17,5,105.0,1.0
496,12,cazala/party,TypeScript,53,1,657.0,2.0
497,12,cladam/tbdflow,Rust,39,2,442.0,2.0
498,12,jclark/satpulse,Go,36,2,2255.0,1.0
499,12,jkudish/librarium,TypeScript,112,5,55.0,3.0
500,12,kalibr-ai/kalibr-sdk-python,Python,24,2,80.0,3.0
501,12,microsoft/apm,Python,463,35,716.0,14.0
502,12,microsoft/azure-devops-rust-api,Rust,73,25,689.0,17.0
503,12,nuclia/frontend,TypeScript,55,18,2632.0,29.0
504,12,remorses/kimaki,TypeScript,607,35,1429.0,7.0
505,12,unopim/unopim,PHP,9324,122,1283.0,27.0
506,12,wevm/incur,TypeScript,357,9,87.0,7.0
507,12,wordflowlab/novelweave,TypeScript,54,18,22.0,2.0
508,11,AndreaGriffiths11/IssueCrush,TypeScript,10,3,73.0,7.0
509,11,Assangejulian/screen_cotrol_for_Ubuntu,Python,21,0,4.0,1.0
510,11,EmaFanClub/EverMemoryArchive,TypeScript,18,9,80.0,15.0
511,11,GoBetterAuth/go-better-auth,Go,158,18,109.0,3.0
512,11,JinFanZheng/kode-sdk-csharp,C#,56,18,32.0,3.0
513,11,KrauseFx/beeper-cli,Go,25,0,5.0,3.0
514,11,OmerFarukOruc/antigravity-dashboard,TypeScript,33,2,38.0,3.0
515,11,RyanWangZf/BioDSA,Python,49,5,97.0,1.0
516,11,Scottcjn/rustchain-mcp,Python,12,4,14.0,4.0
517,11,XiaoMi/mone,Java,1149,179,4361.0,55.0
518,11,abracadabra50/uk-grocery-cli,TypeScript,11,3,36.0,4.0
519,11,alpic-ai/skybridge,TypeScript,744,41,613.0,22.0
520,11,cnoe-io/ai-platform-engineering,Python,324,47,3223.0,29.0
521,11,datadog-labs/pup,Rust,463,36,560.0,35.0
522,11,erikvullings/mithril-materialized,TypeScript,26,5,712.0,8.0
523,11,hivemq/hivemq-edge,Java,159,42,2535.0,35.0
524,11,kilolonion/excelmanus,Python,25,0,186.0,3.0
525,11,kweaver-ai/adp,Go,32,15,219.0,32.0
526,11,magicseek/nblm,Python,25,2,152.0,3.0
527,11,memcontext/memcontext,Python,25,5,65.0,6.0
528,11,mnemon-dev/mnemon,Go,25,4,102.0,1.0
529,11,nandemo-ya/kecs,Go,41,0,704.0,1.0
530,11,oocx/tfplan2md,C#,148,8,2528.0,5.0
531,11,payloadcms/payload,TypeScript,41192,3468,14999.0,510.0
532,11,philschmid/mcp-cli,TypeScript,1000,103,30.0,2.0
533,11,pr-pm/prpm,TypeScript,98,11,807.0,3.0
534,11,provectus/awos,JavaScript,34,8,63.0,10.0
535,11,storefront-x/storefront-x,JavaScript,41,6,640.0,18.0
536,11,stuckinaboot/net-public,TypeScript,11,1,224.0,2.0
537,11,tankpkg/tank,TypeScript,10,2,368.0,6.0
538,11,upstash/qstash-js,TypeScript,257,29,691.0,22.0
539,11,weapp-vite/weapp-vite,TypeScript,284,15,2721.0,8.0
540,11,webrpc/webrpc,Go,824,48,517.0,19.0
541,10,00xLazy/TradeOS,TypeScript,18,1,27.0,1.0
542,10,AndurilCode/mcp-apps-kit,TypeScript,13,2,229.0,7.0
543,10,DGouron/review-flow,TypeScript,27,6,257.0,5.0
544,10,JanSmrcka/differ,Go,18,0,62.0,1.0
545,10,ProximoSrl/Jarvis.Framework,C#,16,9,1211.0,7.0
546,10,akash3444/shadcn-ui-blocks,TypeScript,587,49,307.0,7.0
547,10,apache/airflow,Python,44639,16695,36741.0,4215.0
548,10,bytedance/deer-flow,Python,30569,3694,1608.0,124.0
549,10,chu2bard/pinion-os,TypeScript,356,28,175.0,1.0
550,10,codexstar69/bug-hunter,JavaScript,95,1,58.0,1.0
551,10,deepeshBodh/human-in-loop,Python,24,1,223.0,1.0
552,10,eigent-ai/eigent,TypeScript,12993,1494,2151.0,63.0
553,10,exceptionless/Exceptionless,C#,2453,512,5811.0,36.0
554,10,ezbuy/ezorm,Go,50,21,488.0,22.0
555,10,freee/freee-mcp,TypeScript,328,42,548.0,8.0
556,10,getstackit/stackit,Go,17,0,1472.0,2.0
557,10,ginlix-ai/LangAlpha,Python,52,7,699.0,7.0
558,10,hlhr202/Conductor-for-all,TypeScript,42,6,395.0,2.0
559,10,iurysza/android-use,TypeScript,12,1,29.0,1.0
560,10,jackwener/discord-cli,Python,55,9,40.0,1.0
561,10,kv0906/pm-kit,Python,68,16,102.0,1.0
562,10,mj1618/swarm-cli,Go,12,2,297.0,2.0
563,10,notoriouslab/doc-cleaner,Python,106,15,7.0,3.0
564,10,novotnyllc/dotnet-artisan,Python,191,10,602.0,2.0
565,10,peteromallet/desloppify,Python,2345,134,739.0,13.0
566,10,praveenjuge/teak,TypeScript,13,1,972.0,7.0
567,10,r3bl-org/r3bl-open-core,Rust,463,31,1925.0,14.0
568,10,remorses/critique,TypeScript,1086,29,413.0,8.0
569,10,saxenauts/syke,Python,13,1,226.0,1.0
570,10,sem-technology/gtm-copilot,Python,19,1,20.0,2.0
571,10,shadcn-ui/ui,TypeScript,109524,8180,1853.0,482.0
572,10,sherifkozman/the-llm-council,Python,27,2,77.0,3.0
573,10,sigle/sigle,TypeScript,483,84,1235.0,10.0
574,10,specula-org/Specula,Python,99,15,459.0,5.0
575,10,synapticore-io/marimo-flow,Python,11,1,113.0,4.0
576,10,uberdeveloper/fastbt,Python,26,17,657.0,4.0
577,10,vana-com/personal-server,TypeScript,113,24,196.0,6.0
578,10,vscarpenter/gsd-task-manager,TypeScript,14,3,225.0,6.0
579,10,wjgoarxiv/antigravity-swarm,Python,104,13,35.0,2.0
580,10,zstmfhy/annas-to-notebooklm,Python,199,22,6.0,2.0
581,9,Abilityai/cornelius,Python,74,20,19.0,1.0
582,9,Apra-Labs/ApraPipes,C++,33,36,398.0,25.0
583,9,ArvorCo/Relentless,TypeScript,86,5,243.0,3.0
584,9,Consensys/linea-monorepo,Go,113,132,3371.0,74.0
585,9,Deepractice/RoleX,TypeScript,33,1,243.0,2.0
586,9,QoreDB/QoreDB,TypeScript,12,0,187.0,2.0
587,9,Quintui/depresearch,TypeScript,21,1,12.0,1.0
588,9,SinShine5/aden-hive,Python,34,4,251.0,33.0
589,9,TenureAI/PhD-Zero,Python,39,2,47.0,3.0
590,9,anombyte93/prd-taskmaster,Python,149,15,40.0,4.0
591,9,callstackincubator/rozenite,TypeScript,493,30,136.0,18.0
592,9,codemo1991/nanobot-webui,Python,21,7,59.0,2.0
593,9,countbot-ai/CountBot,Python,208,35,82.0,3.0
594,9,cyberash-dev/tg-mtproto-cli,TypeScript,25,0,8.0,1.0
595,9,debridge-finance/debridge-mcp,TypeScript,29,2,32.0,3.0
596,9,entireio/cli,Go,3562,255,2141.0,30.0
597,9,entropy-cloud/nop-entropy,Java,679,96,3716.0,20.0
598,9,espennilsen/pi,TypeScript,25,0,181.0,1.0
599,9,hah23255/adb-android-control,Python,79,8,8.0,1.0
600,9,hidai25/eval-view,Python,62,16,525.0,11.0
601,9,itsfabioroma/transcribee,TypeScript,175,17,18.0,2.0
602,9,j5ik2o/okite-ai,Python,73,2,248.0,2.0
603,9,jackwener/tg-cli,Python,162,16,45.0,1.0
604,9,kromahlusenii-ops/ham,JavaScript,25,1,50.0,2.0
605,9,lucasygu/redbook,TypeScript,175,13,50.0,1.0
606,9,memodb-io/Acontext,TypeScript,3158,295,965.0,9.0
607,9,mitkox/megacode,Python,74,18,2.0,1.0
608,9,modem-dev/baudbot,TypeScript,120,12,219.0,6.0
609,9,moeru-ai/airi,TypeScript,33576,3320,3007.0,115.0
610,9,nahisaho/MUSUBIX,TypeScript,11,2,208.0,1.0
611,9,nouamanecodes/lettactl,TypeScript,41,4,517.0,2.0
612,9,orval-labs/orval,TypeScript,5531,568,2385.0,309.0
613,9,remix-run/remix,TypeScript,32479,2730,8053.0,763.0
614,9,ricardodantas/ratatui-themes,Rust,27,1,26.0,4.0
615,9,richkuo/go-trader,Python,58,18,179.0,5.0
616,9,sailscastshq/pellicule,JavaScript,65,4,68.0,1.0
617,9,spboyer/sensei,TypeScript,20,4,50.0,3.0
618,9,tari-project/tari-ootle,Rust,22,25,1488.0,24.0
619,9,treefarmstudio/sapling,TypeScript,36,0,281.0,1.0
620,9,tscircuit/cli,TypeScript,16,55,2231.0,21.0
621,9,umami-software/react-zen,TypeScript,46,7,650.0,5.0
622,9,vercel-labs/next-browser,TypeScript,19,1,32.0,2.0
623,9,victorgarciaesgi/regle,TypeScript,416,13,1107.0,8.0
624,9,walterra/eddoapp,TypeScript,54,4,484.0,3.0
625,9,wingedpig/trellis,Go,12,1,40.0,1.0
626,9,wjllance/standx-cli,Rust,17,3,263.0,9.0
627,9,xdevplatform/xurl,Go,463,47,87.0,8.0
628,8,DataDog/dd-trace-dotnet,C#,546,154,6355.0,114.0
629,8,EmZod/Speak-Turbo,Python,16,1,32.0,1.0
630,8,EvoMap/evolver,JavaScript,1546,173,229.0,7.0
631,8,GoogleChromeLabs/web-ai-demos,JavaScript,288,67,510.0,13.0
632,8,Hyaxia/blogwatcher,Go,81,14,32.0,1.0
633,8,OriNachum/autonomous-intelligence,Python,220,15,445.0,2.0
634,8,RevylAI/greenlight,Go,1252,83,6.0,4.0
635,8,SamMorrowDrums/remarkable-mcp,Python,75,14,158.0,3.0
636,8,Tideseed/eptr2,Python,20,3,227.0,2.0
637,8,VisActor/VChart,TypeScript,1771,208,7966.0,47.0
638,8,agentscope-ai/CoPaw,Python,11481,1363,292.0,74.0
639,8,aloth/olcli,JavaScript,18,3,22.0,2.0
640,8,amachino/qubex,Python,16,12,2707.0,11.0
641,8,brandonwise/humanizer,JavaScript,21,1,13.0,3.0
642,8,creativetimofficial/ui,TypeScript,11761,4856,17.0,2.0
643,8,definite-app/ultraplan,Python,24,0,7.0,1.0
644,8,deliveryhero/asya,Python,42,4,294.0,5.0
645,8,dfinity/icp-cli,Rust,109,3,348.0,13.0
646,8,dotnet/aspire,TypeScript,5525,824,6471.0,249.0
647,8,enuno/unifi-mcp-server,Python,68,14,279.0,8.0
648,8,ethereumdegen/stark-bot,Rust,46,20,547.0,2.0
649,8,fr33d3m0n/threat-modeling,Python,200,25,19.0,1.0
650,8,hoangsonww/AI-Gov-Content-Curator,TypeScript,24,11,426.0,3.0
651,8,initializ/forge,Go,10,1,104.0,2.0
652,8,jackwener/twitter-cli,Python,1854,157,114.0,4.0
653,8,juxt/allium,JavaScript,81,7,68.0,2.0
654,8,keepnotes-ai/keep,Python,22,1,632.0,2.0
655,8,lightonai/next-plaid,Rust,210,24,467.0,8.0
656,8,lochie/web-haptics,TypeScript,2156,71,141.0,4.0
657,8,microsoft/playwright,TypeScript,84246,5288,16383.0,714.0
658,8,openkash/sap-odata-explorer,TypeScript,17,0,2.0,1.0
659,8,piomin/spring-boot-istio,Java,67,22,237.0,2.0
660,8,poteto/noodle,Go,119,6,1396.0,2.0
661,8,rokoss21/swarm-iosm,Python,33,4,12.0,2.0
662,8,s87343472/backlink-pilot,JavaScript,54,9,7.0,1.0
663,8,seiggy/lucia-dotnet,C#,38,5,214.0,3.0
664,8,sinzin91/search-sessions,Rust,15,0,22.0,4.0
665,8,umbraco/Umbraco-CMS-MCP-Dev,TypeScript,31,4,240.0,10.0
666,8,vinta/hal-9000,Python,109,20,1187.0,2.0
667,8,wjt0321/china-stock-analyst,Python,10,4,18.0,2.0
668,8,xmtp/libxmtp,Rust,103,78,2375.0,57.0
669,8,zstmfhy/zlibrary-to-notebooklm,Python,1438,167,4.0,1.0
670,7,AytuncYildizli/reprompter,JavaScript,19,3,76.0,4.0
671,7,AzureAD/microsoft-authentication-library-for-dotnet,C#,1494,395,4268.0,125.0
672,7,Harryoung/efka,Python,94,17,152.0,1.0
673,7,NSHipster/sosumi.ai,TypeScript,348,18,39.0,3.0
674,7,Opentrons/opentrons,Python,494,194,17989.0,110.0
675,7,Peiiii/skild,TypeScript,103,7,217.0,3.0
676,7,QingJ01/Axiom,Python,22,3,15.0,1.0
677,7,The-Vibe-Company/companion,TypeScript,2192,275,434.0,16.0
678,7,agentscope-ai/OpenJudge,Python,459,37,272.0,14.0
679,7,alibaba/neug,C++,54,8,29.0,7.0
680,7,aliyun/alibabacloud-adb-mysql-mcp-server,Python,26,19,14.0,5.0
681,7,anam-org/metaxy,Python,76,4,805.0,5.0
682,7,artemiv4nov/fabricator,Python,12,0,4.0,1.0
683,7,artsy/force,TypeScript,631,149,40747.0,193.0
684,7,brevdev/brev-cli,Go,244,26,2450.0,45.0
685,7,bytedance/flowgram.ai,TypeScript,7773,675,745.0,27.0
686,7,desktop/desktop,TypeScript,21268,10181,38785.0,410.0
687,7,dev-five-git/vespertide,Rust,18,0,501.0,4.0
688,7,dgrr/tgcli,Rust,10,2,141.0,1.0
689,7,draco-agent/tech-news-digest,Python,36,8,201.0,2.0
690,7,effiziente1/playwrightSample,TypeScript,19,2,176.0,3.0
691,7,getsentry/junior,TypeScript,34,3,303.0,3.0
692,7,giselles-ai/giselle,TypeScript,501,112,12947.0,34.0
693,7,go-mizu/mizu,Go,45,3,1862.0,2.0
694,7,goldk3y/mastra-system-check,JavaScript,10,0,8.0,1.0
695,7,hoangsonww/EstateWise-Chapel-Hill-Chatbot,TypeScript,24,16,592.0,4.0
696,7,humansys/raise,Python,43,3,2.0,1.0
697,7,jackwener/bilibili-cli,Python,455,47,81.0,3.0
698,7,jackwener/xhs-cli,Python,362,34,57.0,1.0
699,7,joeseesun/anything-to-notebooklm,Python,539,71,7.0,1.0
700,7,joyehuang/minimind-notes,Python,67,8,166.0,3.0
701,7,kapishdima/fonttrio,TypeScript,288,7,29.0,2.0
702,7,karaage0703/ai-assistant-workspace,Python,12,2,8.0,1.0
703,7,langroid/langroid,Python,3930,363,2406.0,28.0
704,7,letta-ai/learning-sdk,Python,43,3,72.0,5.0
705,7,microlinkhq/www,JavaScript,131,31,4698.0,31.0
706,7,mtcute/mtcute,TypeScript,437,45,1565.0,13.0
707,7,nature-lang/nature,C,2247,64,1214.0,12.0
708,7,nhadaututtheky/neural-memory,Python,114,40,509.0,3.0
709,7,quiet-circles/hyperlocalise,Go,13,2,147.0,3.0
710,7,raucvr/Group-Goki,TypeScript,73,0,6.0,1.0
711,7,redf0x1/camofox-browser,TypeScript,20,3,60.0,1.0
712,7,relytcloud/pg_ducklake,C++,53,3,85.0,1.0
713,7,rfdiosuao/openfang-cn,Rust,22,4,2.0,1.0
714,7,s-hiraoku/vscode-sidebar-terminal,TypeScript,12,7,1657.0,6.0
715,7,selhorys/dataspoke-baseline,Python,15,0,229.0,2.0
716,7,solanabr/superteam-academy,TypeScript,12,103,213.0,2.0
717,7,sopaco/deepwiki-rs,Rust,805,100,266.0,12.0
718,7,ssdavidai/alfred,Python,180,23,60.0,2.0
719,7,superlucky84/fp-pack,TypeScript,108,8,224.0,2.0
720,7,superlucky84/lithent,TypeScript,48,1,1045.0,3.0
721,7,superlucky84/state-ref,TypeScript,54,1,301.0,2.0
722,7,tensorcircuit/tensorcircuit-ng,Python,58,15,2601.0,41.0
723,7,truera/trulens,Python,3163,251,1693.0,67.0
724,7,veithly/climux,TypeScript,17,1,8.0,1.0
725,7,yuch85/superdoc-redlines,JavaScript,20,4,50.0,1.0
726,7,zetaloop/desktop,TypeScript,727,52,38376.0,398.0
727,7,zzxyb/wlframe,C,11,2,99.0,4.0
728,6,ArtificialAnalysis/Stirrup,Python,325,31,46.0,5.0
729,6,ArtificialAnalysis/StirrupJS,TypeScript,14,0,22.0,2.0
730,6,BayramAnnakov/synthetic-market-research,Python,22,3,4.0,1.0
731,6,D4Vinci/Scrapling,Python,29644,2248,1235.0,11.0
732,6,EvoScientist/EvoScientist,Python,29,0,343.0,6.0
733,6,ImCa0/just-laws,Python,710,88,125.0,5.0
734,6,KashyapTan/Xpdite,Python,11,3,216.0,1.0
735,6,Lingyuzhou111/dow-ipad-859,Python,197,45,178.0,2.0
736,6,Luohaothu/everything-codex,JavaScript,11,1,92.0,24.0
737,6,MGdaasLab/WHartTest,Python,711,98,587.0,5.0
738,6,MystenLabs/walrus,Rust,339,107,2042.0,50.0
739,6,SoundBlaster/XcodeMCPWrapper,Python,15,1,1586.0,4.0
740,6,Topdu/OpenOCR,Python,1285,111,303.0,19.0
741,6,Trac-Systems/intercom,JavaScript,15,292,91.0,1.0
742,6,abhi-arya1/wt,TypeScript,35,2,33.0,1.0
743,6,acatovic/gothicvania-codex-demo,JavaScript,13,1,9.0,1.0
744,6,actionbook/actionbook,TypeScript,1417,101,641.0,8.0
745,6,agenticsorg/hackathon-tv5,TypeScript,23,40,39.0,5.0
746,6,ainergiz/xfeed,TypeScript,11,0,108.0,1.0
747,6,algal/sparky,Python,61,8,6.0,1.0
748,6,antvis/L7,TypeScript,3976,661,5444.0,77.0
749,6,bradtraversy/devstash,TypeScript,23,6,150.0,1.0
750,6,cluesmith/codev,TypeScript,247,34,2515.0,3.0
751,6,daangn/seed-design,TypeScript,841,49,3069.0,25.0
752,6,danshapiro/kilroy,Go,148,34,870.0,11.0
753,6,didi/mpx,JavaScript,3878,391,12824.0,121.0
754,6,exaforge/extropy,Python,22,5,484.0,3.0
755,6,firestoned/bindy,Rust,19,2,98.0,2.0
756,6,getsentry/sentry-javascript,TypeScript,8602,1756,13437.0,670.0
757,6,goplus/llcppg,Go,29,11,863.0,10.0
758,6,hoangsonww/AI-RAG-Assistant-Chatbot,TypeScript,34,9,275.0,2.0
759,6,hoangsonww/SymptomSync-Health-App,TypeScript,23,5,224.0,3.0
760,6,huggingface/community-evals,Python,11,1,16.0,1.0
761,6,jakedahn/pomodoro,TypeScript,39,5,2.0,1.0
762,6,jerrywu001/vue3-toastify,Python,541,48,178.0,12.0
763,6,loro-dev/loro,Rust,5426,133,2043.0,25.0
764,6,lwj1994/flutter_view_model,JavaScript,21,1,284.0,2.0
765,6,manthanabc/paws,Rust,11,2,2420.0,30.0
766,6,maorfsdev/reflect-yourself,JavaScript,20,0,20.0,1.0
767,6,mono/SkiaSharp,C#,5297,616,3306.0,101.0
768,6,opentabs-dev/opentabs,TypeScript,13,1,3482.0,1.0
769,6,pardnchiu/Agenvoy,Go,16,0,119.0,1.0
770,6,patrickfreyer/apple-mail-mcp,Python,47,18,50.0,3.0
771,6,pwndoc/pwndoc,JavaScript,2776,502,724.0,33.0
772,6,quailyquaily/aqua,Go,244,14,55.0,1.0
773,6,rileyhilliard/rr,Go,157,6,212.0,2.0
774,6,robzolkos/web-recap,Go,25,3,3.0,2.0
775,6,rzx007/nanobot-ts,TypeScript,12,0,97.0,1.0
776,6,shutootaki/gwm,Rust,14,0,300.0,2.0
777,6,sosathegitter/WeChat-tweets-counterattacker,Python,86,1,9.0,2.0
778,6,srtab/daiv,Python,17,2,1123.0,12.0
779,6,timothywarner/copilot-dev,Python,44,43,46.0,3.0
780,6,trsoliu/mini-wiki,Python,46,1,29.0,1.0
781,6,ubermenchh/anki-cli,Python,18,2,34.0,2.0
782,6,wafflebase/wafflebase,TypeScript,30,3,488.0,2.0
783,5,AGI-is-going-to-arrive/Memory-Palace,Python,178,15,77.0,2.0
784,5,ALBEDO-TABAI/video-copy-analyzer,Python,108,8,8.0,3.0
785,5,AgentWorkforce/relay,TypeScript,583,44,2700.0,8.0
786,5,CaliCastle/seedhub-cli,Python,63,5,3.0,1.0
787,5,ChaosChain/chaoschain,TypeScript,22,15,199.0,6.0
788,5,ChristopherKahler/carl,Python,208,23,33.0,1.0
789,5,CoreWCF/CoreWCF,C#,1763,312,689.0,97.0
790,5,JubaKitiashvili/everything-react-native-expo,JavaScript,16,0,97.0,1.0
791,5,Kurarion/Genshin-Calc,TypeScript,72,8,370.0,2.0
792,5,Nova-Hunting/nova-tracer,Python,84,8,27.0,4.0
793,5,OthmanAdi/planning-with-teams,Python,13,3,9.0,2.0
794,5,Princeton-AI2-Lab/Avenir-Web,Python,18,0,22.0,2.0
795,5,SamJHudson01/Carmack-Council,Python,19,1,19.0,1.0
796,5,SawyerHood/middleman,TypeScript,128,14,523.0,2.0
797,5,TryGhost/Ghost,JavaScript,52041,11382,44400.0,807.0
798,5,adobe/spectrum-web-components,TypeScript,1493,244,5141.0,140.0
799,5,agent-network-protocol/anp,Python,288,49,218.0,14.0
800,5,aliyun/alibabacloud-dms-mcp-server,Python,30,15,171.0,9.0
801,5,anza-xyz/kit,TypeScript,670,155,5337.0,168.0
802,5,axiaoge2/Apple-Hig-Designer,JavaScript,97,5,41.0,1.0
803,5,blockscout/mcp-server,Python,34,18,180.0,5.0
804,5,buluslan/ecommerce-competitor-analyzer,JavaScript,25,7,23.0,1.0
805,5,cwinvestments/memstack,Python,45,3,120.0,1.0
806,5,cyberkaida/reverse-engineering-assistant,Java,636,56,473.0,13.0
807,5,dcramer/dex,TypeScript,222,12,274.0,5.0
808,5,dromara/Sa-Token,Java,18673,2886,2602.0,143.0
809,5,eosphoros-ai/DB-GPT,Python,18260,2570,3289.0,171.0
810,5,faasjs/faasjs,TypeScript,115,17,6781.0,15.0
811,5,gqy20/IssueLab,Python,10,6,438.0,7.0
812,5,guqiong96/Lsglang,Python,42,4,10554.0,1184.0
813,5,henjicc/Henji-AI,TypeScript,213,33,270.0,2.0
814,5,inclusionAI/AWorld,Python,1144,118,3631.0,46.0
815,5,jacobcwright/open-animate,TypeScript,19,1,135.0,2.0
816,5,joshuadavidthomas/django-language-server,Rust,176,7,468.0,5.0
817,5,julymetodiev/post-cortex,Rust,20,6,213.0,2.0
818,5,kcaldas/genie,Go,11,0,646.0,1.0
819,5,kevinwatt/yt-dlp-mcp,TypeScript,226,50,83.0,7.0
820,5,maestromaximo/codex-local-sdk-python,Python,13,1,20.0,1.0
821,5,minhlucvan/notebookmd,Python,10,0,27.0,2.0
822,5,mugubr/django_base,Python,10,1,12.0,1.0
823,5,olasunkanmi-SE/codebuddy,TypeScript,110,33,836.0,11.0
824,5,openai/openai-dotnet,C#,2530,374,392.0,49.0
825,5,openshift-online/maestro,Go,17,33,420.0,17.0
826,5,psmarter/mini-infer,Python,61,3,15.0,3.0
827,5,sgl-project/sglang,Python,24453,4817,10589.0,1191.0
828,5,sodadata/messydata,Python,23,1,31.0,1.0
829,5,sun-protocol/sunhat,TypeScript,13,6,147.0,5.0
830,5,tomtom-international/tomtom-mcp,TypeScript,42,20,444.0,10.0
831,5,triggerdotdev/trigger.dev,TypeScript,14032,1088,7017.0,131.0
832,5,upstash/ratelimit-js,TypeScript,2022,47,328.0,26.0
833,5,vkehfdl1/slides-grab,JavaScript,128,25,50.0,2.0
834,5,wrenfix/oag,JavaScript,13,3,16.0,1.0
835,5,xiaou61/Code-Nest,Java,786,21,155.0,1.0
836,5,zippoxer/subtask,Go,320,30,69.0,1.0
837,4,BuildGreatProducts/plaid,JavaScript,17,3,33.0,2.0
838,4,CatKang/catkang.github.io,JavaScript,26,11,222.0,2.0
839,4,CharlesWiltgen/Axiom,TypeScript,629,52,466.0,1.0
840,4,EisonMe/newspaper-brief,Python,37,4,6.0,1.0
841,4,EnvyGithub/codex,Rust,14,2,3401.0,338.0
842,4,EvotecIT/PSPublishModule,C#,41,13,2079.0,5.0
843,4,FredericMN/Coder-Codex-Gemini,Python,163,18,69.0,2.0
844,4,JohNan/homeassistant-homevolt-local,Python,13,1,66.0,4.0
845,4,LSTM-Kirigaya/Lagrange.onebot,TypeScript,48,1,70.0,4.0
846,4,MeowLynxSea/yororen-ui,Rust,233,6,107.0,1.0
847,4,NVIDIA/OSMO,TypeScript,107,19,421.0,16.0
848,4,Niceck/hhxg-top-hhxg-python,Python,17,3,27.0,1.0
849,4,NikitaDmitryuk/telegram-media-server,Go,16,3,339.0,2.0
850,4,OrangeViolin/content-pipeline,TypeScript,40,7,2.0,1.0
851,4,RLinf/RLinf,Python,2760,334,404.0,54.0
852,4,Royal-lobster/code-explainer,TypeScript,64,6,157.0,1.0
853,4,ScriptedAlchemy/codex-native,Rust,17,7,4009.0,344.0
854,4,ShunsukeHayashi/Miyabi,TypeScript,16,8,338.0,6.0
855,4,SwitchbackTech/compass,TypeScript,214,52,2191.0,24.0
856,4,VisActor/VTable,TypeScript,3488,454,9025.0,120.0
857,4,ZhenHuangLab/collaborating-with-gemini-cli,Python,20,3,3.0,1.0
858,4,adityamparikh/maven-to-gradle,Python,11,1,9.0,1.0
859,4,amenti-labs/vibecraft,Python,79,8,19.0,2.0
860,4,arjunkmrm/recall,Python,110,7,24.0,2.0
861,4,automagik-dev/genie,TypeScript,256,35,2103.0,17.0
862,4,axtonliu/smart-illustrator,TypeScript,407,57,61.0,1.0
863,4,badlogic/pi-mono,TypeScript,23778,2508,3227.0,150.0
864,4,bitomule/Koubou,Python,104,7,137.0,3.0
865,4,chainloop-dev/chainloop,Go,535,49,2031.0,32.0
866,4,ckanner/jta,Go,126,5,76.0,1.0
867,4,cmackenzie1/holster,TypeScript,33,1,249.0,2.0
868,4,danielmiessler/Substrate,TypeScript,762,110,89.0,8.0
869,4,dannote/dot-pi,TypeScript,14,3,83.0,1.0
870,4,danyuchn/fire-planner,Python,10,1,2.0,1.0
871,4,delightful-ai/beads-rs,Rust,21,0,1489.0,3.0
872,4,diskd-ai/ccbox,Rust,32,1,95.0,1.0
873,4,elastic/terraform-provider-elasticstack,Go,206,127,1396.0,88.0
874,4,frmlabz/frm-stack,TypeScript,26,4,35.0,1.0
875,4,getsentry/sentry-python,Python,2153,590,3719.0,302.0
876,4,github/gh-aw-firewall,TypeScript,44,15,410.0,7.0
877,4,glaucia86/mba-ai-fullcycle,TypeScript,18,3,94.0,1.0
878,4,grafana/pyroscope-dotnet,C++,35,11,6556.0,126.0
879,4,gravity-ui/charts,TypeScript,13,3,416.0,13.0
880,4,greekr4/playwright-bot-bypass,JavaScript,131,8,9.0,1.0
881,4,indexedlabs/pydantic-ai-gepa,Python,25,5,233.0,2.0
882,4,jayasuryajsk/codex-kaioken,Rust,32,2,2248.0,248.0
883,4,jdillon/vscode-beads,TypeScript,40,11,147.0,3.0
884,4,jiangzhe/doradb,Rust,118,3,245.0,2.0
885,4,jmagar/unraid-mcp,Python,42,23,115.0,2.0
886,4,joeseesun/qiaomu-mondo-poster-design,Python,460,42,7.0,1.0
887,4,justrach/dhi,TypeScript,44,0,179.0,3.0
888,4,kyopark2014/mcp,Python,40,8,850.0,1.0
889,4,mbarzeev/pedalboard,TypeScript,22,3,401.0,4.0
890,4,mco-org/mco,Python,194,19,83.0,1.0
891,4,mehdic/bazinga,Python,19,0,566.0,3.0
892,4,merylldindin/helix,Python,13,0,1252.0,3.0
893,4,microsoft/DataFactory.MCP,C#,11,8,477.0,12.0
894,4,microsoft/WindowsAppSDK,C++,4457,423,1861.0,126.0
895,4,microsoft/vscode-documentdb,TypeScript,22,8,1731.0,8.0
896,4,mlld-lang/mlld,TypeScript,26,1,4765.0,6.0
897,4,module-federation/core,JavaScript,2469,396,3674.0,194.0
898,4,mofa-org/mofa,Rust,201,131,2195.0,72.0
899,4,neondatabase/mcp-server-neon,TypeScript,562,102,188.0,17.0
900,4,ng-forge/ng-forge,TypeScript,57,4,219.0,3.0
901,4,ninja7v/TopoptComec,Python,11,1,158.0,1.0
902,4,nperez0111/bookhive,TypeScript,104,4,367.0,6.0
903,4,pangeo-data/climpred,Python,256,47,1234.0,16.0
904,4,platformplatform/PlatformPlatform,C#,402,53,4108.0,17.0
905,4,robtaylor/excalidraw-diagrams,Python,20,3,37.0,1.0
906,4,run-llama/vibe-llama,Python,174,25,39.0,5.0
907,4,saffron-health/opencode-gui,TypeScript,22,9,138.0,1.0
908,4,seed-hypermedia/seed,TypeScript,48,8,3942.0,7.0
909,4,shaniidev/bug-reaper,Python,23,4,7.0,1.0
910,4,shinyorg/mediator,C#,42,5,933.0,4.0
911,4,solanabr/solana-vault-standard,TypeScript,13,23,55.0,1.0
912,4,swarm-ai-safety/swarm,Python,16,4,1499.0,6.0
913,4,terraphim/terraphim-ai,Rust,36,3,1915.0,10.0
914,4,timdeschryver/Sandbox,C#,55,17,309.0,5.0
915,4,unoplatform/uno,C#,9852,844,42806.0,341.0
916,4,upstash/vector-js,TypeScript,70,12,309.0,14.0
917,4,vikasprogrammer/walkie,JavaScript,235,25,37.0,3.0
918,4,wasintoh/toh-framework,JavaScript,75,17,20.0,1.0
919,4,wowsignal-io/pedro,Rust,19,7,649.0,3.0
920,4,xmtp/xmtpd,Go,55,46,1151.0,47.0
921,4,ythx-101/antigravity-bridge,Python,55,11,7.0,1.0
922,4,ythx-101/ask-search,Python,199,18,8.0,3.0
923,3,0range-x/triple-layer-memory,Python,12,0,7.0,1.0
924,3,AndyShaman/whisk-proxy,JavaScript,11,7,4.0,1.0
925,3,BauplanLabs/bauplan-mcp-server,Python,11,2,63.0,4.0
926,3,BitYoungjae/ChalKak,Rust,39,1,52.0,2.0
927,3,DenisSergeevitch/youtube-poop-video-maker,Python,28,0,5.0,1.0
928,3,Galbaz1/video-research-mcp,Python,15,2,217.0,2.0
929,3,Hidden-History/ai-memory,Python,24,4,325.0,3.0
930,3,JamieMason/syncpack,Rust,1954,71,811.0,33.0
931,3,Minh-Tam-Solution/tinysdlc,TypeScript,10,8,40.0,1.0
932,3,Musenn/finrpa-enterprise,Python,21,1,48.0,1.0
933,3,No-Trade-No-Life/Yuan,TypeScript,349,51,2406.0,8.0
934,3,PinW/whisper-key-local,Python,113,19,430.0,3.0
935,3,ProvableHQ/snarkVM,Rust,1153,1543,13782.0,97.0
936,3,Red-Hat-AI-Innovation-Team/training_hub,Python,65,22,95.0,7.0
937,3,SGFGOV/medusa-mcp,TypeScript,51,18,28.0,2.0
938,3,Zhen-Bo/pragmatic-clean-code-reviewer,Python,101,8,4.0,1.0
939,3,acornprover/acorn,Rust,40,8,4057.0,6.0
940,3,alibaba/arthas,Java,37186,7635,2174.0,229.0
941,3,aliyun/alibabacloud-rds-openapi-mcp-server,Python,49,22,189.0,10.0
942,3,alma-oss/spirit-design-system,TypeScript,25,2,4070.0,30.0
943,3,apache/shardingsphere,Java,20703,6913,48456.0,752.0
944,3,asteroid-belt/skulto,Go,27,0,96.0,4.0
945,3,codemod/codemod,Rust,962,62,1868.0,50.0
946,3,codename-co/devs,TypeScript,40,0,308.0,2.0
947,3,codervisor/lean-spec,TypeScript,200,13,2035.0,5.0
948,3,coleam00/context-engineering-intro,Python,12732,2646,23.0,1.0
949,3,damionrashford/RivalSearchMCP,Python,54,14,87.0,4.0
950,3,datahub-project/datahub,Java,11660,3393,14060.0,720.0
951,3,daveroverts/bmac,PHP,11,13,2147.0,9.0
952,3,dcosson/h2,Go,27,4,537.0,1.0
953,3,derisk-ai/OpenDerisk,Python,876,110,111.0,14.0
954,3,desplega-ai/qa-use,TypeScript,13,2,174.0,4.0
955,3,dgk-dev/dgk-gpt,JavaScript,34,7,11.0,1.0
956,3,dotnet/msbuild,C#,5493,1410,10860.0,383.0
957,3,drpedapati/raycast-script-creator,JavaScript,20,0,2.0,1.0
958,3,ekusiadadus/draw-mcp,Python,24,3,24.0,1.0
959,3,elodin-sys/elodin,Rust,515,31,1559.0,17.0
960,3,finas/browser-cli,JavaScript,32,3,2.0,1.0
961,3,gradio-app/trackio,Python,1321,100,455.0,32.0
962,3,heavy3-ai/code-audit,Python,41,14,16.0,1.0
963,3,heroui-inc/heroui,TypeScript,28396,2073,4072.0,233.0
964,3,hivellm/rulebook,TypeScript,10,1,423.0,3.0
965,3,imperativelabs/orkestra,TypeScript,18,3,15.0,2.0
966,3,ivo-toby/mcp-picnic,TypeScript,35,14,73.0,4.0
967,3,j-r-beckett/SpeedReader,C++,10,1,677.0,1.0
968,3,jiahao-jayden/vibe-any-tanstack,TypeScript,50,14,128.0,2.0
969,3,jmandel/request-my-ehi,TypeScript,10,0,99.0,2.0
970,3,jpoley/flowspec,Python,12,1,1444.0,6.0
971,3,jshph/aside,Rust,10,0,46.0,2.0
972,3,justinlietz93/Perfect_Prompts,Python,18,1,220.0,2.0
973,3,kalil0321/reverse-api-engineer,Python,480,39,215.0,5.0
974,3,kernel/hypeman,Go,59,3,143.0,5.0
975,3,liza-mas/liza,Go,76,18,567.0,3.0
976,3,local-falcon/mcp,TypeScript,15,3,171.0,5.0
977,3,lourencomaciel/sift-gateway,Python,13,0,182.0,4.0
978,3,lowdefy/lowdefy,JavaScript,2953,178,6812.0,26.0
979,3,luispedro/jug,Python,460,62,1005.0,21.0
980,3,madebyaris/advance-minimax-m2-cursor-rules,JavaScript,66,8,36.0,1.0
981,3,mag123c/toktrack,Rust,57,3,218.0,3.0
982,3,meta-pytorch/torchrec,Python,2490,620,3267.0,439.0
983,3,microwind/design-patterns,Java,101,21,300.0,3.0
984,3,mikeyobrien/ralph-orchestrator,Rust,2181,217,438.0,23.0
985,3,msgbyte/tianji,TypeScript,3015,188,2061.0,15.0
986,3,neurodatascience/dFC,Python,31,8,469.0,5.0
987,3,nicofretti/DataGenFlow,Python,26,9,173.0,8.0
988,3,nilenso/context-viewer,TypeScript,56,2,190.0,2.0
989,3,onukura/oss-sustain-guard,Python,18,0,337.0,3.0
990,3,opencmit/alphora,Python,345,33,157.0,3.0
991,3,ouro-ai-labs/ouro,Python,31,4,181.0,2.0
992,3,permitio/docs,JavaScript,15,33,2411.0,57.0
993,3,pigweed-project/pigweed,C++,473,113,15601.0,389.0
994,3,purrgrammer/grimoire,TypeScript,28,10,447.0,6.0
995,3,qnguyen3/qqcode,Python,49,14,133.0,5.0
996,3,redf0x1/camofox-mcp,TypeScript,34,4,61.0,1.0
997,3,remember-md/remember,JavaScript,14,2,91.0,2.0
998,3,rokibulroni/WiFiDensePose,Rust,13,8,214.0,7.0
999,3,ruvnet/marketing,TypeScript,54,20,17.0,2.0
1000,3,ruvnet/ruv-FANN,Rust,333,95,317.0,5.0
