rank,references_file_count,repo,mainLanguage,stars,forks,commits,contributors
1,938,j5ik2o/oni-comb-rs,Rust,42,0,4288.0,5.0
2,908,yonatangross/orchestkit,TypeScript,117,13,339.0,2.0
3,814,hainamchung/agent-assistant,Python,36,14,13.0,1.0
4,711,xuey490/project,PHP,12,0,773.0,1.0
5,645,vasilyu1983/AI-Agents-public,Python,41,9,26.0,1.0
6,609,ancoleman/ai-design-components,Python,310,48,81.0,2.0
7,557,LUNARTECH-X/superpowers,Python,11,2,9.0,2.0
8,479,hirotaka/pragmatic-nuxt,TypeScript,159,14,725.0,4.0
9,472,jonathan-vella/azure-agentic-infraops-accelerator,Python,16,16,24.0,4.0
10,469,jonathan-vella/azure-agentic-infraops,Python,164,61,492.0,6.0
11,412,MoomFE/mixte,TypeScript,18,2,1180.0,3.0
12,406,demozx/gf_cms,Go,92,37,397.0,2.0
13,354,giuseppe-trisciuoglio/developer-kit,Python,161,11,380.0,3.0
14,345,Heyvhuang/ship-faster,TypeScript,319,54,81.0,3.0
15,333,moeru-ai/airi,TypeScript,33576,3320,3007.0,115.0
16,327,mrvladd-d/memobank,JavaScript,31,8,3.0,1.0
17,314,keyflare-labs/keyflare,TypeScript,14,0,143.0,3.0
18,312,rianvdm/lastfm-mcp,TypeScript,25,4,241.0,1.0
19,283,besidka/besidka,TypeScript,27,1,289.0,5.0
20,271,krzysztofsurdy/code-virtuoso,Python,13,0,198.0,3.0
21,265,vueuse/vueuse,TypeScript,22136,2873,3739.0,803.0
22,235,VisActor/VBI,TypeScript,22,5,1870.0,14.0
23,223,fellipeutaka/kanpeki,TypeScript,29,1,349.0,3.0
24,204,existential-birds/beagle,Python,38,5,83.0,2.0
25,195,vobase/vobase,TypeScript,25,3,285.0,3.0
26,187,mikeOnBreeze/cc-crossbeam,Python,145,53,69.0,1.0
27,186,2025Emma/vibe-coding-cn,Python,14463,1594,130.0,2.0
28,178,VisActor/VChart,TypeScript,1771,208,7966.0,47.0
29,176,manusco/resonance,Python,34,6,54.0,2.0
30,170,CraftOS-dev/CraftBot,Python,55,5,494.0,4.0
31,164,outfitter-dev/agents,TypeScript,25,0,107.0,2.0
32,160,bitsoex/bitso-java,JavaScript,36,30,414.0,17.0
33,159,novotnyllc/dotnet-artisan,Python,191,10,602.0,2.0
34,155,tonylofgren/aurora-smart-home,Python,27,0,48.0,1.0
35,153,satsigner/satsigner,TypeScript,46,23,3992.0,19.0
36,148,TheCardGoat/tcg-engines,TypeScript,12,5,387.0,6.0
37,147,nyaggah/bedframe,TypeScript,573,7,2020.0,3.0
38,134,sequenzia/agent-alchemy,Python,13,1,272.0,1.0
39,121,victorgarciaesgi/regle,TypeScript,416,13,1107.0,8.0
40,119,kriegcloud/beep-effect,TypeScript,46,5,7803.0,728.0
41,119,bytedance/agentkit-samples,Python,247,46,453.0,28.0
42,102,KartikLabhshetwar/screenshot-studio,TypeScript,560,98,391.0,18.0
43,102,simnova/sharethrift,TypeScript,19,0,1841.0,21.0
44,94,PackmindHub/packmind,TypeScript,243,12,2594.0,11.0
45,93,aymericzip/intlayer,TypeScript,627,106,5209.0,45.0
46,93,godmakereth/vibe-coding-tw,Python,30,3,96.0,4.0
47,90,DNYoussef/context-cascade,Python,22,6,238.0,1.0
48,90,gvkhosla/compound-engineering-pi,TypeScript,35,2,18.0,1.0
49,86,next-safe-action/next-safe-action,TypeScript,3008,46,708.0,23.0
50,86,managedcode/Storage,C#,130,28,271.0,18.0
51,83,reactive/data-client,TypeScript,2026,98,5000.0,38.0
52,82,langcare/langcare-mcp-fhir,Go,15,2,45.0,1.0
53,81,sd0xdev/sd0x-dev-flow,JavaScript,86,12,174.0,1.0
54,81,sunflowermm/XRK-AGT,JavaScript,88,6,619.0,1.0
55,80,luke-h1/foam,TypeScript,11,0,583.0,4.0
56,79,sumup-oss/circuit-ui,TypeScript,967,129,3626.0,92.0
57,76,poteto/noodle,Go,119,6,1396.0,2.0
58,74,yukukotani/pi-voice,TypeScript,46,3,61.0,1.0
59,74,eat-pray-ai/yutu,Go,402,41,577.0,5.0
60,74,okwinds/miscellany,Python,39,2,50.0,3.0
61,73,Blazemeter/bzm-mcp,Python,24,4,190.0,7.0
62,72,freee/freee-mcp,TypeScript,328,42,548.0,8.0
63,72,aitytech/agentkits-marketing,Python,374,44,69.0,4.0
64,70,udecode/better-convex,TypeScript,379,28,393.0,9.0
65,69,moorestech/moorestech,C#,63,7,9821.0,15.0
66,69,directus/rstore,TypeScript,403,17,544.0,6.0
67,67,timdeschryver/Sandbox,C#,55,17,309.0,5.0
68,66,t0dorakis/murmur,TypeScript,20,0,88.0,1.0
69,65,baotoq/micro-commerce,C#,93,25,1271.0,2.0
70,63,gannonh/kata-orchestrator,JavaScript,105,3,1855.0,2.0
71,63,sirkirby/unifi-network-rules,Python,50,6,115.0,2.0
72,63,ssdavidai/alfred,Python,180,23,60.0,2.0
73,63,yezannnnn/agentGroup,Python,53,17,13.0,1.0
74,61,elophanto/EloPhanto,Python,34,5,277.0,3.0
75,61,sanity-io/next-sanity,TypeScript,934,108,3327.0,48.0
76,60,indexedlabs/pydantic-ai-gepa,Python,25,5,233.0,2.0
77,59,bradsjm/hassio-addons,Python,38,40,161.0,6.0
78,59,wshobson/agents,Python,31239,3426,242.0,41.0
79,58,suprsend/cli,Go,12,2,261.0,8.0
80,57,vectorize-io/hindsight,Python,3918,277,640.0,30.0
81,56,Deepractice/AgentX,TypeScript,82,9,809.0,20.0
82,55,jiahao-jayden/vibe-any-tanstack,TypeScript,50,14,128.0,2.0
83,55,Debbl/shadcn-hooks,TypeScript,50,5,217.0,3.0
84,53,dp-archive/archive,Python,1111,97,195.0,2.0
85,52,slidevjs/slidev,TypeScript,44833,1961,2966.0,339.0
86,51,jd-opensource/JoySafeter,Python,176,35,219.0,5.0
87,51,getsentry/junior,TypeScript,34,3,303.0,3.0
88,51,s-hiraoku/vscode-sidebar-terminal,TypeScript,12,7,1657.0,6.0
89,51,vana-com/personal-server,TypeScript,113,24,196.0,6.0
90,50,loonghao/auroraview,Rust,28,4,886.0,4.0
91,49,eddiebelaval/squire,Python,14,3,13.0,1.0
92,48,marian2js/opengoat,TypeScript,285,31,573.0,2.0
93,48,taurgis/sfcc-dev-mcp,TypeScript,24,9,531.0,4.0
94,48,tercumantanumut/selene,TypeScript,146,28,1032.0,2.0
95,47,shapeshift/web,TypeScript,201,201,7113.0,109.0
96,46,sanity-io/pkg-utils,TypeScript,27,5,2954.0,16.0
97,46,canonical/copilot-collections,Python,16,9,56.0,10.0
98,46,smallnest/langgraphgo,Go,209,34,328.0,10.0
99,46,deepeshBodh/human-in-loop,Python,24,1,223.0,1.0
100,45,pingcap/tidb,Go,39871,6136,27733.0,1052.0
101,43,rzx007/nanobot-ts,TypeScript,12,0,97.0,1.0
102,41,onevcat/xin,Rust,14,0,165.0,1.0
103,41,rolldown/tsdown,TypeScript,3649,149,1138.0,80.0
104,40,masumi-network/sokosumi,TypeScript,11,4,2289.0,8.0
105,40,jabrena/cursor-rules-java,Java,318,56,249.0,2.0
106,39,krafton-ai/KIRA,Python,712,97,121.0,9.0
107,39,sbroenne/mcp-server-excel,C#,76,12,329.0,4.0
108,39,SpillwaveSolutions/agent-brain,Python,61,12,365.0,3.0
109,39,aehrc/pathling,Java,122,20,6203.0,14.0
110,39,PostHog/posthog-foss,Python,464,97,37300.0,441.0
111,38,rawwerks/VibeCAD,Python,17,2,25.0,1.0
112,38,duongductrong/cursor-kit,TypeScript,13,1,113.0,2.0
113,38,vedantb2/eva,TypeScript,33,2,1384.0,3.0
114,38,useautumn/autumn,TypeScript,2402,196,4964.0,41.0
115,38,tutur3u/platform,TypeScript,48,25,14626.0,30.0
116,38,cardstack/boxel,TypeScript,21,12,14447.0,24.0
117,38,mono/SkiaSharp,C#,5297,616,3306.0,101.0
118,37,harrymunro/nelson,Python,189,16,79.0,5.0
119,35,foxminchan/BookWorm,C#,477,62,562.0,7.0
120,35,kivo360/OmoiOS,Python,37,4,701.0,5.0
121,35,GGPrompts/TabzChrome,TypeScript,134,10,1074.0,1.0
122,34,mcp-use/mcp-use,TypeScript,9435,1159,858.0,36.0
123,34,bgauryy/octocode-mcp,TypeScript,751,59,373.0,6.0
124,34,popup-studio-ai/bkit-codex,JavaScript,11,7,11.0,2.0
125,34,dagster-io/erk,Python,74,7,4089.0,4.0
126,33,getsentry/dotagents,TypeScript,104,5,126.0,6.0
127,33,moasq/nanowave,Go,31,7,49.0,3.0
128,32,a5c-ai/babysitter,JavaScript,441,24,1028.0,10.0
129,32,tsparticles/tsparticles,TypeScript,8733,931,14466.0,89.0
130,32,thapaliyabikendra/ai-artifacts,Python,15,4,41.0,5.0
131,32,snakeying/Textum,Python,41,4,103.0,1.0
132,32,laraxot/laravelpizza.com,PHP,26,22,505.0,2.0
133,32,TheCraigHewitt/seomachine,Python,2702,433,15.0,1.0
134,31,Cratis/Chronicle,C#,38,8,15832.0,16.0
135,31,dinerojs/dinero.js,TypeScript,6704,200,1092.0,19.0
136,30,bytedance/deer-flow,Python,30569,3694,1608.0,124.0
137,30,praveenjuge/teak,TypeScript,13,1,972.0,7.0
138,30,growupanand/ConvoForm,TypeScript,102,32,533.0,6.0
139,30,BellumGens/bellum-gens,TypeScript,11,4,2997.0,9.0
140,30,shaniidev/bug-reaper,Python,23,4,7.0,1.0
141,30,VisActor/VTable,TypeScript,3488,454,9025.0,120.0
142,30,mofa-org/mofa-studio,Rust,11,31,80.0,10.0
143,29,stencila/stencila,Rust,872,56,20165.0,52.0
144,29,Soneso/stellar-php-sdk,PHP,40,19,443.0,7.0
145,29,pabpereza/pabpereza,JavaScript,376,24,96.0,3.0
146,28,weapp-vite/weapp-vite,TypeScript,284,15,2721.0,8.0
147,28,cloudposse/atmos,Go,1267,147,1124.0,65.0
148,28,gqy20/IssueLab,Python,10,6,438.0,7.0
149,28,elizaOS/eliza,TypeScript,17797,5452,17562.0,652.0
150,28,starmode-base/neon-testing,TypeScript,20,2,181.0,2.0
151,27,module-federation/core,JavaScript,2469,396,3674.0,194.0
152,27,doodledood/manifest-dev,Python,60,7,112.0,3.0
153,27,hdkiller/coach,TypeScript,41,5,3547.0,7.0
154,27,davidabeyer/formaltask,Python,13,1,25.0,1.0
155,26,zylos-ai/zylos-core,JavaScript,735,67,367.0,9.0
156,26,DaveSkender/Stock.Indicators,C#,1184,266,1274.0,20.0
157,25,davidvkimball/obsidian-bases-cms,TypeScript,48,2,78.0,1.0
158,25,hoangsonww/PetSwipe-Match-App,TypeScript,18,11,179.0,2.0
159,25,forcedotcom/salesforcedx-vscode,TypeScript,994,435,5013.0,143.0
160,25,opensesh/OS_design-directory,TypeScript,10,2,549.0,1.0
161,25,thc1006/nephoran-intent-operator,Go,16,3,1013.0,5.0
162,25,LeCheenaX/WordFlow-Tracker,TypeScript,25,2,397.0,1.0
163,25,vaayne/agent-kit,TypeScript,30,2,169.0,2.0
164,25,antvis/L7,TypeScript,3976,661,5444.0,77.0
165,25,davidvkimball/obsidian-astro-composer,TypeScript,23,5,142.0,4.0
166,24,bikeshaving/crank,TypeScript,2788,80,2240.0,32.0
167,24,sammcj/agentic-coding,Python,108,18,370.0,3.0
168,24,vercel/turborepo,Rust,29999,2290,9158.0,642.0
169,24,TenureAI/PhD-Zero,Python,39,2,47.0,3.0
170,24,hoangsonww/AI-Gov-Content-Curator,TypeScript,24,11,426.0,3.0
171,24,Joncik91/ucai,JavaScript,27,2,91.0,2.0
172,24,rnw-community/rnw-community,TypeScript,76,28,889.0,20.0
173,24,JinFanZheng/kode-sdk-csharp,C#,56,18,32.0,3.0
174,24,NguyenSiTrung/Conductor-Beads,Python,20,4,26.0,3.0
175,23,sonofmagic/weapp-tailwindcss,TypeScript,1758,97,3628.0,12.0
176,23,lossyrob/phased-agent-workflow,TypeScript,24,5,1164.0,6.0
177,23,Knuckles-Team/servicenow-api,Python,16,2,500.0,5.0
178,23,hAcKlyc/MyAgents,TypeScript,112,21,882.0,2.0
179,23,j5ik2o/okite-ai,Python,73,2,248.0,2.0
180,23,kazukinagata/shinkoku,Python,308,29,157.0,2.0
181,22,garden-co/jazz,TypeScript,2498,109,10096.0,75.0
182,22,Shadylukin/Neumann,Rust,73,6,576.0,3.0
183,22,laborany/laborany,TypeScript,50,4,244.0,5.0
184,22,smixs/agent-second-brain,Python,176,154,88.0,3.0
185,21,antvis/GPT-Vis,TypeScript,673,82,231.0,30.0
186,21,AytuncYildizli/reprompter,JavaScript,19,3,76.0,4.0
187,21,miroapp/miro-ai,TypeScript,72,7,52.0,6.0
188,21,sledtools/pika,Rust,38,17,1312.0,11.0
189,21,sandbox0-ai/sandbox0,Go,12,0,379.0,2.0
190,21,open-mercato/open-mercato,TypeScript,1084,179,1823.0,68.0
191,20,asklokesh/loki-mode,Python,728,146,554.0,5.0
192,20,datapizza-labs/rag-dataset-builder,Python,45,5,14.0,5.0
193,20,codervisor/lean-spec,TypeScript,200,13,2035.0,5.0
194,20,selop/pokebox,TypeScript,34,2,186.0,1.0
195,20,nucliweb/webperf-snippets,JavaScript,1417,79,332.0,17.0
196,20,getsentry/sentry-python,Python,2153,590,3719.0,302.0
197,20,prowler-cloud/prowler,Python,13314,2040,7879.0,367.0
198,20,6BNBN/FlowPilot,TypeScript,101,7,169.0,1.0
199,19,kaptinlin/gozod,Go,18,1,113.0,2.0
200,19,OpenHands/extensions,Python,72,15,101.0,11.0
201,18,Tai-ch0802/arc-like-chrome-extension,JavaScript,35,2,420.0,4.0
202,18,akiojin/unity-cli,C#,21,1,250.0,4.0
203,18,gricha/perry,TypeScript,31,5,491.0,2.0
204,18,eggent-ai/eggent,TypeScript,219,42,36.0,1.0
205,18,gemini-cli-extensions/devops,Go,24,6,85.0,8.0
206,18,monaccode/astromesh,Python,17,1,195.0,1.0
207,18,jongwony/epistemic-protocols,JavaScript,68,7,507.0,2.0
208,18,byjg/php-rest-reference-architecture,PHP,17,6,275.0,1.0
209,18,chrispangg/deepagentsdk,TypeScript,107,11,167.0,4.0
210,18,frumu-ai/tandem,Rust,73,7,1206.0,5.0
211,17,lorehq/lore,Go,22,2,92.0,1.0
212,17,daangn/seed-design,TypeScript,841,49,3069.0,25.0
213,17,jewbetcha/openflight,Python,168,17,317.0,4.0
214,17,hairyf/hairylib,TypeScript,12,5,595.0,4.0
215,17,Musenn/finrpa-enterprise,Python,21,1,48.0,1.0
216,17,ramo4040/olyx-ui,TypeScript,15,1,264.0,3.0
217,17,NoOne-hub/JSReverser-MCP,TypeScript,97,27,90.0,1.0
218,17,moshesham/Data-Science-Analytical-Handbook,Python,46,13,242.0,2.0
219,17,oceanbase/oceanbase-design,TypeScript,50,23,2299.0,20.0
220,17,bretzel-app/crumbs,TypeScript,18,1,345.0,4.0
221,17,quan0715/QJudge,TypeScript,27,0,524.0,3.0
222,16,jwilger/eventcore,Rust,11,1,384.0,3.0
223,16,Evan-XYZ/YMOS,Python,49,9,18.0,1.0
224,16,callstackincubator/voltra,TypeScript,614,20,213.0,13.0
225,16,aklofas/kicad-happy,Python,51,5,15.0,2.0
226,16,Pouryaak/LokulMem,TypeScript,16,0,275.0,5.0
227,16,noemuch/bridge,JavaScript,50,2,18.0,1.0
228,16,JsonLee12138/agent-team,Go,17,3,137.0,4.0
229,16,supabase/supabase,TypeScript,98968,11799,35098.0,1859.0
230,16,asteroid-belt/skulto,Go,27,0,96.0,4.0
231,16,Alex-Rachel/TEngine,C#,2002,489,1512.0,30.0
232,16,redf0x1/camofox-browser,TypeScript,20,3,60.0,1.0
233,16,ginlix-ai/LangAlpha,Python,52,7,699.0,7.0
234,16,guendev/vue3-apollo,TypeScript,12,1,376.0,2.0
235,16,nuclia/frontend,TypeScript,55,18,2632.0,29.0
236,15,merill/msgraph,Go,35,0,42.0,2.0
237,15,kokonut-labs/kokonutui,TypeScript,1810,109,403.0,9.0
238,15,rejot-dev/fragno,TypeScript,41,3,898.0,6.0
239,15,fabriqaai/specs.md,TypeScript,76,7,708.0,5.0
240,15,EthanAlgoX/MarketBot,Python,55,9,322.0,1.0
241,15,synapticore-io/marimo-flow,Python,11,1,113.0,4.0
242,15,Kurarion/Genshin-Calc,TypeScript,72,8,370.0,2.0
243,15,chongdashu/phaserjs-oakwoods,TypeScript,55,26,2.0,1.0
244,15,D4Vinci/Scrapling,Python,29644,2248,1235.0,11.0
245,15,GoogleChrome/webstatus.dev,Go,228,47,1645.0,16.0
246,15,OthmanAdi/planning-with-files,Python,16064,1476,155.0,22.0
247,14,lvndry/jazz,TypeScript,44,7,336.0,4.0
248,14,exceptionless/Exceptionless,C#,2453,512,5811.0,36.0
249,14,wanikua/become-ceo,TypeScript,39,5,72.0,3.0
250,14,tidbcloud/tidbcloud-cli,Go,10,3,298.0,8.0
251,14,OriNachum/autonomous-intelligence,Python,220,15,445.0,2.0
252,14,coveo/ui-kit,TypeScript,65,42,6665.0,103.0
253,14,proffesor-for-testing/agentic-qe,TypeScript,250,48,1153.0,7.0
254,14,weaviate/weaviate-cli,Python,32,20,334.0,27.0
255,14,iOfficeAI/AionUi,TypeScript,18771,1469,2966.0,57.0
256,14,microsoft/fabric-cli,Python,91,35,110.0,16.0
257,14,timeplus-io/proton,C++,2163,106,84483.0,1322.0
258,14,agent-next/agent-ready,TypeScript,14,3,100.0,2.0
259,14,i2y/castella,Python,39,1,331.0,1.0
260,14,Alenryuichi/openmemory-plus,TypeScript,17,1,70.0,1.0
261,13,google/adk-docs,Python,1216,894,746.0,228.0
262,13,pinax-network/substreams-svm,Rust,14,0,230.0,4.0
263,13,bouffalolab/bouffalo_sdk,C,459,168,29.0,3.0
264,13,cmer81/open-meteo-mcp,TypeScript,36,14,88.0,3.0
265,13,vana-com/data-connect,TypeScript,21,3,662.0,10.0
266,13,eser/aya.is,Go,59,24,971.0,15.0
267,13,Uniswap/uniswap-ai,Python,172,25,81.0,5.0
268,13,aatrooox/imgx,TypeScript,118,8,233.0,1.0
269,13,WebMCP-org/npm-packages,TypeScript,34,5,433.0,5.0
270,13,vivid-planet/comet,TypeScript,45,9,7927.0,61.0
271,13,alpic-ai/skybridge,TypeScript,744,41,613.0,22.0
272,13,ChicagoHAI/NeuriCo,Python,28,2,146.0,4.0
273,13,resend/resend-cli,TypeScript,233,24,224.0,7.0
274,13,XueHua-s/fast-md5-web,TypeScript,95,9,59.0,4.0
275,13,dmmulroy/overseer,Rust,222,13,97.0,3.0
276,13,kaivyy/kabot,Python,21,6,343.0,4.0
277,13,openclix/openclix,TypeScript,31,1,50.0,2.0
278,13,udayvunnam/xng-breadcrumb,TypeScript,246,66,317.0,17.0
279,12,yoopta-editor/Yoopta-Editor,TypeScript,2927,208,842.0,15.0
280,12,a-yeyang/AI-researcher,Python,92,9,9.0,1.0
281,12,wjllance/standx-cli,Rust,17,3,263.0,9.0
282,12,hiero-ledger/hiero-cli,TypeScript,41,33,432.0,16.0
283,12,mxtommy/Kip,TypeScript,118,61,1460.0,18.0
284,12,assafelovic/gpt-researcher,Python,25735,3421,2912.0,234.0
285,12,adoresever/AGI_Ananas,TypeScript,148,21,37.0,4.0
286,12,prillcode/start-work,JavaScript,10,2,8.0,1.0
287,12,webrenew/memories,TypeScript,19,2,588.0,4.0
288,12,co-r-e/dexcode,TypeScript,13,1,57.0,1.0
289,12,avivsinai/agent-message-queue,Go,28,3,210.0,3.0
290,12,daveroverts/bmac,PHP,11,13,2147.0,9.0
291,12,STUkh/sparq-assistant,JavaScript,17,3,4.0,1.0
292,12,Kilo-Org/kilo-marketplace,Python,53,16,211.0,31.0
293,12,xarray/osgverse,C,238,47,938.0,14.0
294,12,Minh-Tam-Solution/tinysdlc,TypeScript,10,8,40.0,1.0
295,12,specula-org/Specula,Python,99,15,459.0,5.0
296,12,hoangsonww/AI-RAG-Assistant-Chatbot,TypeScript,34,9,275.0,2.0
297,12,stripe/ai,TypeScript,1361,221,296.0,30.0
298,12,n4ze3m/page-share-app,TypeScript,16,7,25.0,1.0
299,12,tambo-ai/tambo,TypeScript,11088,553,5277.0,57.0
300,12,fjrevoredo/mini-diarium,TypeScript,228,12,48.0,3.0
301,12,OniReimu/Ageaf,TypeScript,11,0,166.0,1.0
302,12,mathiaschu/google-ads-analyzer,Python,35,11,3.0,1.0
303,11,TheSoftwareHouse/copilot-collections,TypeScript,151,4,237.0,16.0
304,11,LetPeopleWork/Lighthouse,TypeScript,12,1,4060.0,5.0
305,11,vasu31dev/playwright-ts-lib,TypeScript,24,3,106.0,3.0
306,11,aliyun/alibabacloud-adb-mysql-mcp-server,Python,26,19,14.0,5.0
307,11,loro-dev/loro,Rust,5426,133,2043.0,25.0
308,11,lintendo/Axhub-Make,TypeScript,26,9,64.0,2.0
309,11,liza-mas/liza,Go,76,18,567.0,3.0
310,11,OrangeViolin/content-pipeline,TypeScript,40,7,2.0,1.0
311,11,hairyf/overlastic,TypeScript,72,14,378.0,7.0
312,11,arjunrajlaboratory/NimbusImage,TypeScript,18,6,2633.0,15.0
313,11,spboyer/sensei,TypeScript,20,4,50.0,3.0
314,11,zard-ui/zardui,TypeScript,919,80,357.0,29.0
315,11,maestromaximo/codex-local-sdk-python,Python,13,1,20.0,1.0
316,11,storybookjs/react-native,TypeScript,1268,179,25323.0,1160.0
317,10,codemod/codemod,Rust,962,62,1868.0,50.0
318,10,kilolonion/excelmanus,Python,25,0,186.0,3.0
319,10,hzqst/metamod-fallguys,C++,16,5,581.0,3.0
320,10,buzzer-re/Rikugan,Python,339,35,158.0,1.0
321,10,actionbook/actionbook,TypeScript,1417,101,641.0,8.0
322,10,callstackincubator/agent-device,TypeScript,1078,67,243.0,14.0
323,10,marcus/sidecar,Go,839,63,1221.0,15.0
324,10,huajian123/ng-antd-admin,TypeScript,706,171,819.0,4.0
325,10,mikkelkrogsholm/ai-laegens-bord,JavaScript,37,3,5.0,1.0
326,10,ml-explore/mlx-swift,C++,1645,162,410.0,42.0
327,10,dmitriiweb/extract-emails,Python,108,38,306.0,8.0
328,10,dotnet/razor,C#,707,236,19993.0,215.0
329,10,dotnet/roslyn,C#,20286,4234,132515.0,1005.0
330,10,nilenso/context-viewer,TypeScript,56,2,190.0,2.0
331,10,hannesill/m4,Python,23,10,378.0,11.0
332,10,marigold-ui/marigold,TypeScript,137,11,4605.0,27.0
333,10,snyk/studio-recipes,Python,11,2,48.0,5.0
334,10,AryaLabsHQ/bunli,TypeScript,47,4,198.0,2.0
335,10,four-meme-community/four-meme-ai,JavaScript,11,5,8.0,1.0
336,10,AdsPower/adspower-browser,TypeScript,48,8,25.0,3.0
337,10,AgentConnect/awiki-agent-id-message,Python,10,2,111.0,2.0
338,9,zhuanggenhua/BoardGame,TypeScript,12,4,312.0,3.0
339,9,TanStack/db,TypeScript,3650,187,828.0,59.0
340,9,zerx-lab/rmx,Rust,36,0,59.0,2.0
341,9,alibaba/higress,Go,7770,1029,1601.0,165.0
342,9,BetterStacks/unrag,TypeScript,14,0,118.0,2.0
343,9,microsoft/PowerAppsCodeApps,TypeScript,341,97,278.0,20.0
344,9,micronaut-projects/micronaut-views,Java,34,37,1226.0,41.0
345,9,micronaut-projects/micronaut-test,Java,94,66,1441.0,58.0
346,9,micronaut-projects/micronaut-sql,Java,80,52,2404.0,66.0
347,9,micronaut-projects/micronaut-openapi,Java,110,116,2934.0,87.0
348,9,micronaut-projects/micronaut-object-storage,Java,11,8,682.0,22.0
349,9,micronaut-projects/micronaut-neo4j,Java,12,5,716.0,22.0
350,9,micronaut-projects/micronaut-nats,Java,17,10,719.0,23.0
351,9,micronaut-projects/micronaut-rabbitmq,Java,21,20,766.0,31.0
352,9,micronaut-projects/micronaut-r2dbc,Java,30,10,741.0,20.0
353,9,micronaut-projects/micronaut-pulsar,Java,18,10,685.0,22.0
354,9,micronaut-projects/micronaut-problem-json,Java,12,9,531.0,18.0
355,9,micronaut-projects/micronaut-platform,Java,30,15,2902.0,27.0
356,9,micronaut-projects/micronaut-micrometer,Java,41,68,1566.0,68.0
357,9,micronaut-projects/micronaut-liquibase,Java,27,10,906.0,21.0
358,9,micronaut-projects/micronaut-kubernetes,Java,48,31,1117.0,37.0
359,9,micronaut-projects/micronaut-jaxrs,Java,11,9,656.0,30.0
360,9,micronaut-projects/micronaut-graphql,Java,86,46,733.0,30.0
361,9,micronaut-projects/micronaut-cache,Java,30,35,1758.0,64.0
362,9,OTRF/ThreatHunter-Playbook,Python,4496,850,477.0,18.0
363,9,eggjs/egg,TypeScript,19009,1816,1534.0,237.0
364,9,dyoshikawa/rulesync,TypeScript,891,82,2982.0,50.0
365,9,micronaut-projects/micronaut-sourcegen,Java,14,7,504.0,15.0
366,9,micronaut-projects/micronaut-serialization,Java,33,23,1275.0,30.0
367,9,micronaut-projects/micronaut-security,Java,178,143,5098.0,169.0
368,9,micronaut-projects/micronaut-reactor,Java,17,9,684.0,21.0
369,9,loonghao/vx,Rust,19,2,1188.0,5.0
370,9,thangchung/agent-engineering-experiment,C#,12,1,23.0,1.0
371,9,kasperjunge/agent-resources,Python,409,35,386.0,5.0
372,9,kapishdima/soundcn,TypeScript,409,15,98.0,4.0
373,9,kagent-dev/kagent,Go,2342,430,1084.0,112.0
374,9,jzero-io/jzero,Go,174,16,1579.0,11.0
375,9,microsoft/playwright,TypeScript,84246,5288,16383.0,714.0
376,9,nirholas/agenti,TypeScript,42,12,182.0,4.0
377,9,deepnote/deepnote,TypeScript,2732,176,242.0,16.0
378,9,dagger/dagger,Go,15542,851,11034.0,312.0
379,9,GCWing/BitFun,TypeScript,451,47,305.0,11.0
380,9,oekazuma/svelte-meta-tags,TypeScript,653,26,3189.0,18.0
381,9,vicanso/zedis,Rust,1726,39,346.0,1.0
382,9,AndurilCode/mcp-apps-kit,TypeScript,13,2,229.0,7.0
383,9,ProgrammerAnthony/Anything-Extract,Python,133,26,25.0,1.0
384,9,shinnytech/tqsdk-python,Python,4553,738,921.0,19.0
385,9,careerhackeralex/visualize,JavaScript,54,12,124.0,1.0
386,9,bitovi/superconnect,JavaScript,23,0,237.0,3.0
387,9,awslabs/mcp,Python,8454,1352,1381.0,245.0
388,9,apollographql/apollo-mcp-server,Rust,272,66,1567.0,41.0
389,9,pymc-labs/pymc-marketing,Python,1088,370,1265.0,86.0
390,9,isala404/forge,Rust,63,2,177.0,2.0
391,9,huggingface/kernels,Python,498,52,314.0,19.0
392,8,TencentCloudBase/CloudBase-MCP,TypeScript,973,121,930.0,11.0
393,8,TanStack/cli,TypeScript,1211,152,926.0,89.0
394,8,708u/twig,Go,20,0,406.0,1.0
395,8,saffron-health/opencode-gui,TypeScript,22,9,138.0,1.0
396,8,rwjdk/MicrosoftAgentFrameworkSamples,C#,202,68,176.0,4.0
397,8,i-am-bee/agentstack,Python,1035,158,2161.0,34.0
398,8,rubiojr/rugo,Go,22,1,469.0,1.0
399,8,iurysza/android-use,TypeScript,12,1,29.0,1.0
400,8,taurgis/has-marstek-local-api,Python,12,3,175.0,2.0
401,8,terrorproforma/GradientOS,Python,18,4,138.0,3.0
402,8,atlassian/atlassian-mcp-server,JavaScript,437,44,69.0,12.0
403,8,Sage/carbon,TypeScript,297,87,26194.0,187.0
404,8,quiet-circles/hyperlocalise,Go,13,2,147.0,3.0
405,8,kv0906/pm-kit,Python,68,16,102.0,1.0
406,8,Flexasaurusrex/OpenPaw,TypeScript,12,0,14274.0,800.0
407,8,nemmtor/ts-databuilders,TypeScript,12,0,341.0,3.0
408,8,codemo1991/nanobot-webui,Python,21,7,59.0,2.0
409,8,davidromeo/tradeblocks,TypeScript,34,17,1270.0,7.0
410,8,nuxt-content/docus,TypeScript,2655,247,1417.0,73.0
411,8,lbliii/bengal,Python,34,1,3272.0,4.0
412,8,gitarbor/gitarbor-tui,TypeScript,37,3,149.0,1.0
413,8,paralleldrive/aidd,JavaScript,292,21,240.0,8.0
414,8,gmo-internet/conoha_vps_mcp,TypeScript,22,5,450.0,4.0
415,8,piercelamb/deep-plan,Python,43,8,21.0,1.0
416,8,huangrt01/CS-Notes,Python,3947,484,819.0,4.0
417,8,holon-run/holon,Go,78,6,472.0,4.0
418,8,piercelamb/deep-implement,Python,15,4,26.0,1.0
419,8,hexianWeb/Third-Person-MC,JavaScript,45,9,289.0,4.0
420,8,codemie-ai/codemie-code,TypeScript,162,32,233.0,19.0
421,8,OpenBB-finance/backends-for-openbb,Python,159,48,371.0,10.0
422,8,dotnet/sdk,C#,3070,1217,112073.0,979.0
423,8,VoltAgent/voltagent,TypeScript,6723,656,1652.0,61.0
424,8,emlopezr/trackwatch,TypeScript,15,0,324.0,3.0
425,8,Zhen-Bo/pragmatic-clean-code-reviewer,Python,101,8,4.0,1.0
426,8,SudoMaker/rEFui,JavaScript,83,2,543.0,1.0
427,8,seiggy/lucia-dotnet,C#,38,5,214.0,3.0
428,8,kreuzberg-dev/kreuzberg,Rust,6704,318,3821.0,27.0
429,8,dotnet/extensions,C#,3126,858,2462.0,134.0
430,8,microwind/design-patterns,Java,101,21,300.0,3.0
431,8,dotnet/aspnetcore,C#,37777,10602,55993.0,1553.0
432,8,dongbeixiaohuo/writing-agent,JavaScript,109,29,35.0,1.0
433,8,nold-ai/specfact-cli,Python,13,1,338.0,3.0
434,7,pacaplan/agent-gauntlet,TypeScript,19,1,730.0,2.0
435,7,ops0-ai/oxid,Rust,16,2,35.0,4.0
436,7,ruaan-deysel/ha-actronair-neo,Python,19,3,407.0,4.0
437,7,ktnyt/cclsp,TypeScript,588,45,139.0,8.0
438,7,khoj-ai/pipali,TypeScript,42,11,428.0,3.0
439,7,byt3bl33d3r/figaro,Python,81,5,42.0,1.0
440,7,btahir/react-tourlight,TypeScript,19,0,36.0,1.0
441,7,atlanhq/application-sdk,Python,24,13,339.0,37.0
442,7,openstatusHQ/data-table-filters,TypeScript,1882,114,126.0,9.0
443,7,RipeSeed/rs-tunnel,TypeScript,12,2,22.0,2.0
444,7,attunehq/hurry,Rust,46,2,248.0,3.0
445,7,openteams-lab/openteams,Rust,73,5,1781.0,53.0
446,7,rand/cc-polymath,Python,80,5,158.0,2.0
447,7,itxaiohanglover/mcp-codestyle-server,Java,48,7,109.0,8.0
448,7,adobe/spectrum-web-components,TypeScript,1493,244,5141.0,140.0
449,7,thefrederiksen/cc-director,C#,83,10,281.0,2.0
450,7,shinyorg/mauiplatforms,C#,21,3,284.0,3.0
451,7,Redth/MauiDevFlow,C#,43,8,221.0,6.0
452,7,btahir/react-kino,TypeScript,177,7,72.0,1.0
453,7,norahe0304-art/30x-seo,Python,11,5,25.0,1.0
454,7,mckinsey/vizro,Python,3632,254,1149.0,39.0
455,7,getsentry/sentry-javascript,TypeScript,8602,1756,13437.0,670.0
456,7,hhszzzz/MingAI,TypeScript,17,5,276.0,1.0
457,7,peterrichards-lr/liferay-fragments,JavaScript,11,7,191.0,1.0
458,7,local-falcon/mcp,TypeScript,15,3,171.0,5.0
459,7,cofy-x/deck,TypeScript,11,2,22.0,1.0
460,7,paperclipai/paperclip,TypeScript,23319,3083,999.0,41.0
461,7,stoneforge-ai/stoneforge,TypeScript,66,13,611.0,2.0
462,7,BuildGreatProducts/plaid,JavaScript,17,3,33.0,2.0
463,7,BulloRosso/etienne,TypeScript,16,2,409.0,2.0
464,7,Redth/Maui.Gtk,C#,85,2,149.0,1.0
465,7,boundless-xyz/boundless,Rust,195,167,1285.0,27.0
466,7,openaeon/OpenAEON,TypeScript,14,1,15.0,1.0
467,7,hopps-app/hopps,TypeScript,38,2,827.0,23.0
468,7,countbot-ai/CountBot,Python,208,35,82.0,3.0
469,7,microsoft/playwright-cli,TypeScript,5497,215,53.0,9.0
470,7,microsoft/waza,Go,14,8,606.0,10.0
471,7,spearwolf/signalize,TypeScript,31,1,468.0,2.0
472,7,spences10/sveltest,TypeScript,103,7,1338.0,10.0
473,7,maksimzayats/fastdjango,Python,191,36,1986.0,3.0
474,7,mem0ai/mem0,Python,49836,5568,1923.0,260.0
475,7,GoPlausible/algorand-mcp,TypeScript,41,18,239.0,2.0
476,7,colonyops/hive,Go,19,3,203.0,5.0
477,7,tyler-technologies-oss/forge,TypeScript,65,33,1014.0,31.0
478,7,HugoRCD/evlog,TypeScript,823,24,299.0,19.0
479,7,FishPiOffical/tiaoom,TypeScript,17,13,455.0,7.0
480,7,duckduckgo/content-scope-scripts,JavaScript,64,31,1529.0,44.0
481,7,KashyapTan/Xpdite,Python,11,3,216.0,1.0
482,7,rocky-linux/rockylinux.org,TypeScript,32,24,1218.0,22.0
483,7,Agents2AgentsAI/ata,Rust,67,3,4843.0,374.0
484,7,walterra/eddoapp,TypeScript,54,4,484.0,3.0
485,6,senweaver/senweaver-ide,TypeScript,15,0,63.0,4.0
486,6,amiable-dev/llm-council,Python,13,5,291.0,2.0
487,6,WHQ25/agent-canvas,JavaScript,10,0,48.0,1.0
488,6,faidd/faidd,TypeScript,12,0,57.0,1.0
489,6,moeru-ai/xsai,TypeScript,600,51,713.0,26.0
490,6,NVIDIA/nv-cloud-function-helpers,Python,18,8,62.0,8.0
491,6,sopaco/cortex-mem,Rust,204,11,465.0,3.0
492,6,finos/morphir,Rust,184,64,4246.0,61.0
493,6,dynatrace-oss/dtctl,Go,83,16,274.0,13.0
494,6,didi/mpx,JavaScript,3878,391,12824.0,121.0
495,6,neondatabase/better-env,TypeScript,18,0,31.0,1.0
496,6,microsoft/vscode-copilot-chat,TypeScript,9612,1727,3332.0,104.0
497,6,gtmagents/gtm-agents,Python,115,17,18.0,2.0
498,6,philschmid/ia-agents,TypeScript,25,4,10.0,1.0
499,6,Project-N-E-K-O/N.E.K.O,Python,781,103,802.0,29.0
500,6,langchain4j/langchain4j,Java,11111,2032,3101.0,365.0
501,6,hoangsonww/SymptomSync-Health-App,TypeScript,23,5,224.0,3.0
502,6,NJX-njx/opensoul,TypeScript,42,5,189.0,7.0
503,6,vercel/microfrontends,TypeScript,34,9,37.0,6.0
504,6,Fu-Jie/openwebui-extensions,Python,112,9,802.0,6.0
505,6,openshift/lightspeed-operator,Go,11,39,2359.0,35.0
506,6,Xray-App/xray-code-snippets,Python,27,11,108.0,6.0
507,6,DyHex/POMWright,TypeScript,54,8,240.0,5.0
508,6,purrgrammer/grimoire,TypeScript,28,10,447.0,6.0
509,6,Xmaster6y/tdhook,Python,11,0,91.0,2.0
510,6,UiPath/uipath-dev-python,TypeScript,13,1,248.0,5.0
511,6,rohitg00/kubectl-mcp-server,Python,849,166,127.0,7.0
512,6,juxt/allium,JavaScript,81,7,68.0,2.0
513,6,avivsinai/langfuse-mcp,Python,64,18,97.0,2.0
514,6,jmagar/unraid-mcp,Python,42,23,115.0,2.0
515,6,jmagly/aiwg,TypeScript,97,14,648.0,4.0
516,6,jacobcwright/open-animate,TypeScript,19,1,135.0,2.0
517,6,Qredence/agentic-fleet,Python,92,10,780.0,9.0
518,6,RANDSUM/randsum,TypeScript,12,1,1079.0,4.0
519,6,team-attention/agent-council,JavaScript,115,23,16.0,2.0
520,6,cablate/mcp-google-map,TypeScript,193,59,77.0,9.0
521,6,axtonliu/smart-illustrator,TypeScript,407,57,61.0,1.0
522,6,axiomhq/cli,Go,54,12,373.0,12.0
523,6,CoplayDev/unity-mcp,C#,7039,843,1004.0,43.0
524,6,andyoucreate/rilaykit,TypeScript,13,1,214.0,2.0
525,6,qtalen/agentic-ai-playground,Python,35,8,78.0,1.0
526,6,Red-Hat-AI-Innovation-Team/sdg_hub,JavaScript,122,51,330.0,28.0
527,6,andrewyng/context-hub,JavaScript,6050,571,132.0,15.0
528,6,benbjohnson/litestream,Go,13338,346,611.0,24.0
529,6,goorm-dev/vapor-ui,TypeScript,33,10,414.0,15.0
530,6,tmc/it2,Go,26,2,338.0,1.0
531,6,mangiapanejohn-dev/Resonix-AG,TypeScript,26,0,12909.0,749.0
532,6,nuxt-content/nuxt-studio,TypeScript,644,99,487.0,44.0
533,6,EvotecIT/PSPublishModule,C#,41,13,2079.0,5.0
534,6,skypilot-org/skypilot,Python,9572,991,4841.0,230.0
535,6,toss/react-simplikit,TypeScript,299,64,313.0,37.0
536,6,google-gemini/gemini-cli,TypeScript,97734,12256,5297.0,577.0
537,6,lambdaclass/ethlambda,Rust,71,13,152.0,4.0
538,6,skforecast/skforecast,Python,1463,184,5910.0,28.0
539,5,dcramer/ash,Python,59,2,753.0,1.0
540,5,Array-Ventures/coworker,TypeScript,14,7,105.0,3.0
541,5,understudy-ai/understudy,TypeScript,226,12,14.0,2.0
542,5,alphavantage/alpha_vantage_mcp,Python,100,24,134.0,4.0
543,5,microsoft/PowerToys,C#,130508,7775,8955.0,607.0
544,5,softaworks/gepetto,Python,21,1,9.0,2.0
545,5,ZhangHanDong/agent-spec,Rust,72,6,27.0,1.0
546,5,Yayasan-Digital-Islami-Indonesia/quran-api-go,Go,22,14,48.0,8.0
547,5,vinkius-labs/vurb.ts,TypeScript,207,15,233.0,1.0
548,5,wukongrobot/wukongbot,TypeScript,14,0,14.0,1.0
549,5,piercelamb/deep-project,Python,29,5,16.0,1.0
550,5,asheshgoplani/agent-deck,Go,1523,153,1042.0,39.0
551,5,agentset-ai/agentset,TypeScript,1915,168,812.0,6.0
552,5,pacphi/sindri,Rust,11,6,386.0,3.0
553,5,Kong/kongctl,Go,13,13,547.0,12.0
554,5,LazyAGI/LazyLLM,Python,3747,364,934.0,43.0
555,5,jnarowski/agentcmd,TypeScript,14,5,177.0,3.0
556,5,0xSero/vllm-studio,TypeScript,289,23,258.0,1.0
557,5,tdimino/bg3se-macos,C,27,5,196.0,2.0
558,5,izumin5210/gqlkit,TypeScript,28,0,266.0,3.0
559,5,kromahlusenii-ops/ham,JavaScript,25,1,50.0,2.0
560,5,originator-profile/originator-profile,TypeScript,10,0,1880.0,22.0
561,5,ouro-ai-labs/ouro,Python,31,4,181.0,2.0
562,5,baidu-baige/LoongFlow,Python,376,43,40.0,6.0
563,5,janekbaraniewski/openusage,Go,11,1,69.0,2.0
564,5,supermemoryai/supermemory,TypeScript,16921,1682,1461.0,71.0
565,5,guqiong96/Lsglang,Python,42,4,10554.0,1184.0
566,5,Jovancoding/Network-AI,TypeScript,20,7,224.0,5.0
567,5,comarkdown/comark,TypeScript,260,5,191.0,6.0
568,5,permitio/docs,JavaScript,15,33,2411.0,57.0
569,5,castorini/ragnarok,Python,63,9,77.0,3.0
570,5,callstackincubator/ai,TypeScript,1220,41,168.0,10.0
571,5,castorini/umbrela,Python,54,8,91.0,3.0
572,5,letta-ai/letta-code,TypeScript,1847,186,1411.0,24.0
573,5,victorGPT/vibeusage,JavaScript,102,7,1237.0,1.0
574,5,microsoft/FluidFramework,TypeScript,4919,570,24028.0,277.0
575,5,solana-foundation/kora,Rust,160,241,327.0,9.0
576,5,sorryhyun/DiPeO,Python,12,2,1532.0,3.0
577,5,go-mizu/mizu,Go,45,3,1862.0,2.0
578,5,netease-youdao/LobsterAI,TypeScript,3938,453,370.0,18.0
579,5,JarvusInnovations/hologit,JavaScript,20,2,1068.0,3.0
580,5,sgl-project/sglang,Python,24453,4817,10589.0,1191.0
581,5,kipeum86/contract-review-agent,Python,10,1,31.0,4.0
582,5,sandros94/unjwt,TypeScript,29,0,254.0,3.0
583,5,resend/react-email,TypeScript,18183,936,2096.0,183.0
584,5,wieslawsoltes/XamlToCSharpGenerator,C#,15,2,355.0,1.0
585,5,aifuxi/fuxiaochen,TypeScript,440,61,970.0,1.0
586,5,adityamparikh/maven-to-gradle,Python,11,1,9.0,1.0
587,5,rawgroundbeef/OpenFacilitator,TypeScript,16,16,481.0,2.0
588,5,drn/dots,Go,23,4,2484.0,3.0
589,5,desplega-ai/qa-use,TypeScript,13,2,174.0,4.0
590,5,L-Blondy/up-fetch,TypeScript,1386,17,1008.0,4.0
591,5,buildoak/agent-mux,TypeScript,28,6,28.0,1.0
592,5,PlayFab/gsdk,C++,165,118,217.0,35.0
593,5,malue-ai/dazee-small,Python,30,0,193.0,9.0
594,5,mikeyobrien/ralph-orchestrator,Rust,2181,217,438.0,23.0
595,5,tobihagemann/turbo,Python,22,1,60.0,1.0
596,5,letta-ai/letta,Python,21577,2264,7287.0,153.0
597,5,chdb-io/chdb,Python,2639,106,3177.0,17.0
598,4,SprocketLab/slop-code-bench,Python,19,2,56.0,1.0
599,4,andfanilo/streamlit-echarts,Python,596,72,128.0,9.0
600,4,wemake-services/django-modern-rest,Python,748,74,550.0,55.0
601,4,aiming-lab/SimpleMem,Python,3188,311,57.0,13.0
602,4,Yangchengshuai/Aerotri-Web,JavaScript,15,5,91.0,3.0
603,4,aliyun/alibabacloud-dms-mcp-server,Python,30,15,171.0,9.0
604,4,frmlabz/frm-stack,TypeScript,26,4,35.0,1.0
605,4,ArcInstitute/SRAgent,Python,159,32,366.0,1.0
606,4,robinfaraj/one-context,TypeScript,33,5,18.0,1.0
607,4,vinta/hal-9000,Python,109,20,1187.0,2.0
608,4,mghasemi/Irene,Python,15,1,67.0,1.0
609,4,eosphoros-ai/DB-GPT,Python,18260,2570,3289.0,171.0
610,4,espennilsen/pi,TypeScript,25,0,181.0,1.0
611,4,fabianocruz/assistente-compras-ifood,Python,24,4,4.0,2.0
612,4,nex-agi/NexAU,Python,50,10,357.0,17.0
613,4,diodeinc/pcb,Rust,192,26,734.0,13.0
614,4,diskd-ai/ccbox,Rust,32,1,95.0,1.0
615,4,eigent-ai/eigent,TypeScript,12993,1494,2151.0,63.0
616,4,draco-agent/tech-news-digest,Python,36,8,201.0,2.0
617,4,meta-pytorch/OpenEnv,Python,1250,199,1372.0,60.0
618,4,minorcell/memo-code,TypeScript,17,1,469.0,1.0
619,4,fazil47/wgpu-renderer,Rust,42,2,215.0,1.0
620,4,Balneario-de-Cofrentes/notion-cli-agent,TypeScript,54,8,53.0,6.0
621,4,HolmesGPT/holmesgpt,Python,1972,258,1256.0,53.0
622,4,HazelnutParadise/insyra,Go,52,2,1559.0,7.0
623,4,mehdic/bazinga,Python,19,0,566.0,3.0
624,4,gentleeduck/duck-ui,TypeScript,43,4,2045.0,9.0
625,4,vercel/flags,TypeScript,572,67,250.0,21.0
626,4,vercel/next-forge,TypeScript,6969,642,1488.0,61.0
627,4,MeteoraAg/meteora-invent,TypeScript,30,31,330.0,10.0
628,4,Canner/wren-engine,Java,563,167,1245.0,28.0
629,4,commet-labs/commet,TypeScript,26,0,455.0,4.0
630,4,cybozu/prompt-hardener,Python,47,6,190.0,4.0
631,4,GoogleCloudPlatform/db-context-enrichment,Go,24,5,86.0,7.0
632,4,manthanabc/paws,Rust,11,2,2420.0,30.0
633,4,mailhexu/TB2J,Python,92,36,664.0,6.0
634,4,trsoliu/mini-wiki,Python,46,1,29.0,1.0
635,4,d2learn/xlings,C++,572,44,364.0,4.0
636,4,ondata/ckan-mcp-server,TypeScript,25,6,459.0,3.0
637,4,ncoevoet/facet,Python,67,6,109.0,2.0
638,4,mono424/spooky,TypeScript,17,0,548.0,2.0
639,4,GGPrompts/TFE,Go,12,1,233.0,1.0
640,4,noxonsu/unifactory,TypeScript,23,46,601.0,11.0
641,4,castorini/nuggetizer,Python,24,3,99.0,4.0
642,4,nrslib/takt,TypeScript,763,43,860.0,12.0
643,4,IgniteUI/igniteui-webcomponents,TypeScript,166,10,2081.0,46.0
644,4,sinedied/sympakt,TypeScript,26,1,60.0,1.0
645,4,simplaix/simplaix-gateway,TypeScript,121,21,11.0,1.0
646,4,shinpr/mcp-local-rag,TypeScript,163,31,205.0,3.0
647,4,IceHugh/btc-connect,TypeScript,18,7,73.0,1.0
648,4,Ibrahim-3d/conductor-orchestrator-superpowers,Python,275,30,18.0,1.0
649,4,streamlit/streamlit,Python,43886,4136,9321.0,319.0
650,4,Azure99/BlossomData,Python,28,3,179.0,1.0
651,4,thim81/openapi-format,JavaScript,154,23,405.0,20.0
652,4,letta-ai/lettabot,TypeScript,270,63,425.0,21.0
653,4,kubb-labs/fabric,TypeScript,16,2,595.0,9.0
654,4,suzuki3jp/PlaylistWizard,TypeScript,13,3,1008.0,4.0
655,4,attilaszasz/sdd-pilot,TypeScript,37,1,135.0,1.0
656,4,ixugo/goddd,Go,37,2,134.0,2.0
657,4,Remy349/shadcn-ui-multi-form,TypeScript,58,3,405.0,1.0
658,4,telagod/code-abyss,JavaScript,104,10,91.0,2.0
659,4,jaredpalmer/agentik,TypeScript,16,1,74.0,2.0
660,4,apache/fory,Java,4278,403,1884.0,133.0
661,4,anthony-maio/mnemos,Python,10,0,49.0,1.0
662,4,apify/apify-docs,JavaScript,62,176,3800.0,127.0
663,4,jordanhubbard/loom,Go,95,11,1159.0,5.0
664,4,jiangzhe/doradb,Rust,118,3,245.0,2.0
665,4,LerianStudio/ring,Python,135,15,1834.0,16.0
666,4,ssssota/chapplin,TypeScript,16,2,144.0,4.0
667,4,joeseesun/qiaomu-mondo-poster-design,Python,460,42,7.0,1.0
668,4,Maksandre/w3wallets,TypeScript,73,14,51.0,4.0
669,4,ash-ai-org/ash-ai,TypeScript,28,1,137.0,3.0
670,4,runtime-env/runtime-env,TypeScript,43,2,590.0,6.0
671,4,artsy/positron,TypeScript,85,39,5709.0,79.0
672,4,wistrand/melker,TypeScript,13,0,476.0,1.0
673,4,0xPlaygrounds/rig,Rust,6497,703,942.0,167.0
674,4,0MeMo07/Quran-Web-Application,TypeScript,11,3,43.0,1.0
675,4,SpartanLabsXyz/simmer-sdk,Python,33,10,322.0,4.0
676,3,bradautomates/head-of-content,Python,37,7,7.0,1.0
677,3,cloudflare/cloudflare-prometheus-exporter,TypeScript,141,13,24.0,7.0
678,3,cloudflare/vinext,TypeScript,6724,236,320.0,47.0
679,3,coltonbatts/VCR,Rust,21,0,148.0,1.0
680,3,crafter-station/elements,TypeScript,403,22,433.0,7.0
681,3,victorgarciaesgi/nuxt-typed-router,TypeScript,413,16,392.0,16.0
682,3,vikasprogrammer/walkie,JavaScript,235,25,37.0,3.0
683,3,TencentBlueKing/bk-weweb,TypeScript,10,3,45.0,2.0
684,3,wasp-lang/wasp,TypeScript,18184,1433,2690.0,112.0
685,3,creatify-ai/ad-creative-evaluator,Python,19,0,3.0,1.0
686,3,creatify-ai/video-ad-reverse-engineer,Python,20,0,2.0,1.0
687,3,PlayersCommittee/gemp-swccg-public,Java,30,35,1013.0,22.0
688,3,cyl19970726/poly-sdk,TypeScript,1262,363,98.0,2.0
689,3,daloopa/investing,Python,353,81,25.0,3.0
690,3,bitflight-devops/github-action-readme-generator,TypeScript,27,13,591.0,9.0
691,3,Phala-Network/phala-cloud,TypeScript,13,6,975.0,19.0
692,3,digitarald/mcp-apps-playground,TypeScript,61,12,8.0,1.0
693,3,dileet/ecco,TypeScript,12,0,315.0,1.0
694,3,dirien/minectl,Go,179,9,667.0,10.0
695,3,ubie-oss/terraform-provider-lightdash,Go,17,4,350.0,4.0
696,3,upstash/context7,TypeScript,49043,2313,736.0,114.0
697,3,ThinkInAIXYZ/deepchat,TypeScript,5583,641,2686.0,61.0
698,3,Tiberriver256/mcp-server-azure-devops,TypeScript,346,116,229.0,14.0
699,3,vercel-labs/autoship,TypeScript,150,8,16.0,1.0
700,3,AizenvoltPrime/damocles,TypeScript,46,3,253.0,1.0
701,3,Alan-512/AI-vision-studio,TypeScript,11,2,113.0,2.0
702,3,dojoengine/torii,Rust,10,5,1234.0,36.0
703,3,dotnet/maui,C#,23210,1926,19232.0,690.0
704,3,aztfmod/terraform-provider-azurecaf,Go,183,100,539.0,40.0
705,3,bbplayer-app/BBPlayer,TypeScript,484,24,932.0,10.0
706,3,OpenSQZ/GTPlanner,Python,268,55,271.0,9.0
707,3,electron/electron,C++,120476,17046,30120.0,1563.0
708,3,avivsinai/bitbucket-cli,Go,45,12,203.0,8.0
709,3,avivsinai/jenkins-cli,Go,29,3,106.0,5.0
710,3,timothywarner-org/agents2,Python,10,10,18.0,1.0
711,3,totocaster/arrowhead,Rust,34,5,98.0,2.0
712,3,Stage-11-Agentics/lattice,Python,24,2,411.0,2.0
713,3,ArcaneOrion/Alice-Single,Python,13,2,75.0,1.0
714,3,fastapi/fastapi,Python,96206,8859,6922.0,891.0
715,3,feast-dev/feast,Python,6797,1248,4380.0,349.0
716,3,felixAnhalt/opencode-worktree-session,TypeScript,21,0,19.0,2.0
717,3,frizynn/linkedin-cli,Python,18,5,2.0,1.0
718,3,gillkyle/agent-tail,TypeScript,81,5,65.0,3.0
719,3,huggingface/community-evals,Python,11,1,16.0,1.0
720,3,hypurrquant/perp-cli,TypeScript,17,3,196.0,2.0
721,3,inclusionAI/AEnvironment,Python,260,31,76.0,7.0
722,3,involvex/youtube-music-cli,TypeScript,248,10,199.0,4.0
723,3,apache/opendal-oli,Rust,21,2,173.0,29.0
724,3,jacob-bd/notebooklm-cli,Python,146,19,53.0,1.0
725,3,jacob-bd/notebooklm-mcp-cli,Python,2515,455,390.0,15.0
726,3,jdiegosierra/contributor-report,TypeScript,62,0,43.0,2.0
727,3,jewbetcha/opentrace,TypeScript,46,1,32.0,1.0
728,3,tallesborges/zdx,Rust,17,2,849.0,2.0
729,3,tamagui/tamagui,TypeScript,13810,588,15085.0,239.0
730,3,TypiCMS/Base,PHP,1609,497,2432.0,14.0
731,3,UnboundedWeb/vue-markdown-next,TypeScript,11,0,88.0,3.0
732,3,Ataraxy-Labs/agent-electrobun,TypeScript,13,1,2.0,1.0
733,3,thedaviddias/souls-directory,TypeScript,69,2,19.0,1.0
734,3,k-kolomeitsev/data-structure-protocol,Python,23,1,4.0,1.0
735,3,keboola/osiris,Python,15,2,486.0,2.0
736,3,ant-design/ant-design,TypeScript,97703,54560,31631.0,2675.0
737,3,antvis/Infographic,TypeScript,4612,329,333.0,16.0
738,3,koaning/scikit-mdn,Python,25,5,31.0,6.0
739,3,laravel/boost,PHP,3333,292,871.0,78.0
740,3,lnxjedi/gopherbot,Go,61,10,2438.0,9.0
741,3,longbridge/longbridge-terminal,Rust,617,40,35.0,2.0
742,3,luispedro/jug,Python,460,62,1005.0,21.0
743,3,JetBrains/teamcity-cli,Go,46,4,254.0,5.0
744,3,magicseek/nblm,Python,25,2,152.0,3.0
745,3,alonw0/llm-docs-optimizer,Python,52,1,3.0,1.0
746,3,marcus/td,Go,153,17,641.0,8.0
747,3,srtab/daiv,Python,17,2,1123.0,12.0
748,3,stablyai/agent-slack,TypeScript,334,27,180.0,15.0
749,3,subframe7536/kysely-sqlite-builder,TypeScript,18,2,145.0,2.0
750,3,superhq-ai/shuru,Rust,550,9,83.0,1.0
751,3,IJONIS/geo-lint,TypeScript,15,1,29.0,1.0
752,3,ImGoodBai/goodable,TypeScript,161,34,130.0,3.0
753,3,mazrean/kessoku,Go,125,1,174.0,3.0
754,3,merylldindin/helix,Python,13,0,1252.0,3.0
755,3,microsoft/WindowsAppSDK,C++,4457,423,1861.0,126.0
756,3,microsoft/agent-framework,Python,7929,1312,1683.0,106.0
757,3,microsoft/conductor,Python,15,2,31.0,6.0
758,3,minitap-ai/mobile-use,Python,2311,191,861.0,14.0
759,3,modality-org/modality,Rust,18,1,837.0,6.0
760,3,soimy/atlasify,Python,35,5,103.0,3.0
761,3,solana-foundation/connectorkit,TypeScript,57,12,117.0,4.0
762,3,navikt/copilot,TypeScript,19,6,220.0,12.0
763,3,neondatabase/ai-rules,TypeScript,81,9,70.0,9.0
764,3,nesquikm/mcp-rubber-duck,TypeScript,141,21,170.0,4.0
765,3,nicepkg/vsync,TypeScript,28,1,240.0,3.0
766,3,nrwl/nx-console,TypeScript,1395,239,2031.0,85.0
767,3,offgrid-ing/arp,Rust,52,6,66.0,2.0
768,3,EvoScientist/EvoScientist,Python,29,0,343.0,6.0
769,3,onukura/oss-sustain-guard,Python,18,0,337.0,3.0
770,3,open-circle/formisch,TypeScript,626,18,307.0,12.0
771,3,open-metadata/OpenMetadata,TypeScript,8920,1676,15673.0,421.0
772,3,openakita/openakita,Python,1219,150,1312.0,7.0
773,3,openshift-online/maestro,Go,17,33,420.0,17.0
774,3,opsmill/infrahub,Python,434,43,13976.0,55.0
775,3,oritwoen/boha,Rust,10,5,98.0,2.0
776,3,agent-sandbox/agent-sandbox,Go,77,8,62.0,2.0
777,3,ryaker/zora,TypeScript,25,2,315.0,4.0
778,3,seed-hypermedia/seed,TypeScript,48,8,3942.0,7.0
779,3,ChainSafe/lodestar,TypeScript,1405,439,11116.0,149.0
780,3,Charlie85270/Dorothy,TypeScript,203,30,161.0,4.0
781,3,sfc-gh-dflippo/snowflake-dbt-demo,Python,31,8,301.0,2.0
782,3,Shopify/shopify-app-js,TypeScript,506,210,6575.0,129.0
783,3,pnsk-lab/hikkaku,TypeScript,52,3,230.0,12.0
784,3,DenisSergeevitch/youtube-poop-video-maker,Python,28,0,5.0,1.0
785,3,adelpro/quran-search-engine,Python,19,37,26.0,1.0
786,3,pymc-labs/decision-hub,Python,37,3,449.0,6.0
787,3,DGouron/review-flow,TypeScript,27,6,257.0,5.0
788,3,rejot-dev/thalo,TypeScript,12,0,152.0,2.0
789,3,ConstantineB6/comfy-pilot,Python,131,26,47.0,2.0
790,3,brandonwise/humanizer,JavaScript,21,1,13.0,3.0
791,3,Rainnny7/RESTfulMC,Java,22,1,821.0,4.0
792,3,boshu2/gastown-operator,Go,18,1,309.0,11.0
793,3,cadamsdev/restman,TypeScript,33,1,76.0,1.0
794,3,callstack/react-native-testing-library,TypeScript,3346,278,1209.0,136.0
795,3,withastro/flue,TypeScript,145,5,31.0,2.0
796,3,wrenfix/oag,JavaScript,13,3,16.0,1.0
797,3,xiaoiver/infinite-canvas-tutorial,TypeScript,928,53,699.0,7.0
798,3,xiaowanjiagit/linuxdo,JavaScript,52,23,2.0,1.0
799,3,youware-labs/pai-agent-sdk,Python,16,4,144.0,2.0
800,3,0verL1nk/PaperSage,Python,32,7,80.0,2.0
801,2,prose-kit/prose-kit,JavaScript,27,12,2.0,1.0
802,2,DevExpGbb/gh-devlake,Go,14,4,103.0,4.0
803,2,wecode-ai/Wegent,Python,481,71,1242.0,34.0
804,2,mihai-dinculescu/tapo,Rust,730,74,470.0,14.0
805,2,karaage0703/ai-assistant-workspace,Python,12,2,8.0,1.0
806,2,GoogleCloudPlatform/gke-mcp,Go,130,53,137.0,21.0
807,2,contember/okena,Rust,16,1,578.0,6.0
808,2,DwainTR/superpowers-copilot,JavaScript,10,0,2.0,1.0
809,2,1amageek/swift-skeleton,C,14,0,14.0,1.0
810,2,EasyCorp/EasyAdminBundle,PHP,4271,1095,8194.0,633.0
811,2,ruska-ai/orchestra,TypeScript,10,1,1086.0,3.0
812,2,Code-MonkeyZhang/mini-agent-ts,TypeScript,10,1,84.0,2.0
813,2,kubeshark/kubeshark,Go,11822,519,2200.0,50.0
814,2,GraflowAI/graflow,Python,36,0,419.0,1.0
815,2,paralleldrive/riteway,JavaScript,1169,38,606.0,34.0
816,2,branchbox/branchbox,Rust,63,4,306.0,5.0
817,2,G-Core/gcore-python,Python,40,2,731.0,9.0
818,2,mindspore-ai/akg,Python,248,45,2337.0,103.0
819,2,byteowlz/oqto,Rust,34,2,481.0,1.0
820,2,mono/SkiaSharp.Extended,C#,259,73,355.0,19.0
821,2,boogy/iam-policy-validator,Python,10,1,203.0,2.0
822,2,bostonaholic/reflect,TypeScript,36,7,256.0,5.0
823,2,cago-frame/cago,Go,13,2,219.0,2.0
824,2,mpecan/tokf,Rust,121,10,249.0,7.0
825,2,msgbyte/cutia,TypeScript,300,50,140.0,1.0
826,2,msgbyte/tianji,TypeScript,3015,188,2061.0,15.0
827,2,mitkox/dede,C#,26,5,2.0,1.0
828,2,livewire/blaze,PHP,672,30,475.0,13.0
829,2,BRO3886/rem,Go,28,1,53.0,1.0
830,2,ServiceStack/llms,JavaScript,598,26,730.0,3.0
831,2,lsp-client/lsp-client,Python,25,2,248.0,4.0
832,2,Bin-Huang/camoufox-cli,Python,138,10,46.0,1.0
833,2,obsessiondb/rudel,TypeScript,180,7,182.0,7.0
834,2,srbhr/Resume-Matcher,TypeScript,26305,4742,1055.0,73.0
835,2,radius-project/radius,Go,1625,123,3642.0,67.0
836,2,rangerrick337/operator-os,Python,11,1,3.0,1.0
837,2,ohdearapp/ohdear-cli,PHP,138,3,273.0,4.0
838,2,onsails/cc,Python,18,0,56.0,1.0
839,2,stuckinaboot/net-public,TypeScript,11,1,224.0,2.0
840,2,G-Core/gcore-go,Go,35,1,745.0,7.0
841,2,robinebers/openusage,JavaScript,1481,126,247.0,23.0
842,2,powroom/flins,TypeScript,34,7,153.0,2.0
843,2,Blankeos/crabcode,Rust,12,1,98.0,1.0
844,2,CURRENTF/Sparse-vLLM,Python,30,3,21.0,1.0
845,2,lwj1994/flutter_view_model,JavaScript,21,1,284.0,2.0
846,2,sjtu-sai-agents/EvoMaster,Python,27,14,95.0,7.0
847,2,VimCommando/kibana-object-manager,Rust,11,2,121.0,3.0
848,2,snyk/agent-scan,Python,1873,186,376.0,11.0
849,2,suitedaces/dorabot,TypeScript,192,25,498.0,1.0
850,2,Xerus-ai/openwork,TypeScript,31,1,41.0,4.0
851,2,XiaoMi/mone,Java,1149,179,4361.0,55.0
852,2,sun-guannan/VectCutAPI,Python,1689,363,182.0,6.0
853,2,kitchen-engineer42/Anything2Ontology,Python,72,15,10.0,2.0
854,2,KarmaloopAI/Jiva,TypeScript,20,6,91.0,3.0
855,2,mainnebula/Token-Steward,TypeScript,14,1,40.0,1.0
856,2,Illuminated2020/DeepAgents-AutoGLM,Python,105,13,37.0,1.0
857,2,ImCa0/just-laws,Python,710,88,125.0,5.0
858,2,phi-friday/joblib-stubs,Python,10,1,189.0,2.0
859,2,rvdbreemen/OTGW-firmware,C++,176,39,2407.0,20.0
860,2,mhulden/pyfoma,Python,60,11,138.0,16.0
861,2,CharlesWiltgen/Axiom,TypeScript,629,52,466.0,1.0
862,2,ChicagoHAI/OpenAIReview,Python,43,4,73.0,6.0
863,2,michaeldcanady/servicenow-sdk-go,Go,28,9,975.0,8.0
864,2,YunYouJun/valaxy,TypeScript,1070,130,1549.0,46.0
865,2,ShunsukeHayashi/Miyabi,TypeScript,16,8,338.0,6.0
866,2,Soju06/codex-lb,Python,190,43,261.0,21.0
867,2,shinpr/agentic-code,JavaScript,36,3,100.0,1.0
868,2,manuarora700/youtube-thumbnail-generator,TypeScript,17,8,11.0,2.0
869,2,pingcap/website-docs,TypeScript,23,34,793.0,25.0
870,2,lance-format/lance,Rust,6173,585,3647.0,185.0
871,2,DataDog/stratus-red-team,Go,2277,288,816.0,41.0
872,2,portabletext/editor,TypeScript,172,16,4684.0,39.0
873,2,amszuidas/mini-opencode,Python,111,36,105.0,3.0
874,2,angristan/larafeed,PHP,54,2,867.0,3.0
875,2,agno-agi/agno,Python,38698,5116,5283.0,402.0
876,2,aicodingstack/aicodingstack.io,TypeScript,28,7,438.0,3.0
877,2,openai/openai-agents-python,Python,19988,3265,1225.0,223.0
878,2,BRO3886/gtasks,Go,137,18,120.0,4.0
879,2,letta-ai/letta-evals,Python,60,7,232.0,9.0
880,2,opencmit/alphora,Python,345,33,157.0,3.0
881,2,lee-to/hlv,Rust,31,3,19.0,1.0
882,2,lemony-ai/cascadeflow,Python,294,96,488.0,4.0
883,2,amir-arad/tweakpane-table,JavaScript,17,2,26.0,2.0
884,2,Kuadrant/dns-operator,Go,10,17,813.0,19.0
885,2,superzero11/OpenFarm,TypeScript,10,0,58.0,1.0
886,2,swarm-ai-safety/swarm,Python,16,4,1499.0,6.0
887,2,tari-project/tari-ootle,Rust,22,25,1488.0,24.0
888,2,thebearwithabite/ai-file-organizer,Python,30,4,252.0,4.0
889,2,kalil0321/reverse-api-engineer,Python,480,39,215.0,5.0
890,2,imjuya/juya-news-card,TypeScript,75,10,24.0,4.0
891,2,ingen084/KyoshinEewViewerIngen,C#,171,18,1626.0,8.0
892,2,ivogarais/vizdantic,Python,14,0,52.0,2.0
893,2,janwilmake/uithub,TypeScript,12,0,49.0,1.0
894,2,jau123/MeiGen-AI-Design-MCP,TypeScript,337,39,65.0,1.0
895,2,Lingyuzhou111/dow-ipad-859,Python,197,45,178.0,2.0
896,2,jihadkhawaja/Egroo,C#,175,32,883.0,5.0
897,2,jingerpie/ocean-dataview,TypeScript,57,3,300.0,2.0
898,2,Safphere/opencowork,TypeScript,297,58,41.0,2.0
899,2,gradion-ai/ipybox,Python,72,18,111.0,4.0
900,2,hah23255/adb-android-control,Python,79,8,8.0,1.0
901,2,hect0x7/jmcomic-ai,Python,17,2,10.0,1.0
902,2,hodgesmr/agent-fecfile,Python,31,2,101.0,2.0
903,2,homeassistant-ai/ha-mcp,Python,1206,52,798.0,19.0
904,2,huggingface/huggingface_hub,Python,3413,960,2237.0,313.0
905,2,humansys/raise,Python,43,3,2.0,1.0
906,2,ikemtz/AngularMonoRepo,TypeScript,11,4,830.0,5.0
907,2,gfazioli/mantine-picker,TypeScript,10,0,98.0,1.0
908,2,gfazioli/mantine-rings-progress,TypeScript,10,0,138.0,1.0
909,2,gfazioli/mantine-split-pane,TypeScript,70,4,231.0,3.0
910,2,gfazioli/mantine-text-animate,TypeScript,18,1,141.0,1.0
911,2,gleachkr/Lectic,TypeScript,10,0,788.0,1.0
912,2,google/adk-samples,Python,8668,2320,590.0,98.0
913,2,gopherguides/hype,Go,57,4,377.0,5.0
914,2,gotempsh/temps,Rust,270,10,311.0,2.0
915,2,gradion-ai/freeact,Python,128,9,217.0,2.0
916,2,femto/minion,Python,132,20,511.0,4.0
917,2,No-Trade-No-Life/Yuan,TypeScript,349,51,2406.0,8.0
918,2,NomaDamas/AutoRAG-Research,Python,84,16,120.0,2.0
919,2,flashus/detrix,Rust,19,4,100.0,1.0
920,2,fpindej/netrock,C#,205,21,340.0,3.0
921,2,Mulily0513/Omni,Python,15,1,2.0,1.0
922,2,NVIDIA/OSMO,TypeScript,107,19,421.0,16.0
923,2,gfazioli/mantine-clock,TypeScript,11,0,92.0,1.0
924,2,gfazioli/mantine-flip,TypeScript,29,1,253.0,2.0
925,2,gfazioli/mantine-list-view-table,TypeScript,12,0,103.0,1.0
926,2,gfazioli/mantine-marquee,TypeScript,20,0,156.0,1.0
927,2,gfazioli/mantine-onboarding-tour,TypeScript,50,3,151.0,3.0
928,2,gfazioli/mantine-parallax,TypeScript,15,0,183.0,2.0
929,2,aws-deadline/deadline-cloud-for-unreal-engine,Python,16,17,196.0,18.0
930,2,eqtylab/y,Rust,11,0,80.0,3.0
931,2,danicat/godoctor,Go,60,7,98.0,3.0
932,2,timelessco/recollect,TypeScript,34,6,979.0,7.0
933,2,timothywarner-org/context-engineering,Python,17,17,47.0,2.0
934,2,timrogers/iata-code-decoder-api,TypeScript,26,10,1694.0,3.0
935,2,trymirai/uzu,Rust,1497,45,312.0,6.0
936,2,dubzdubz/microgpt-ts,TypeScript,28,5,149.0,2.0
937,2,dusrdev/PrettyConsole,C#,13,0,510.0,1.0
938,2,OmerFarukOruc/antigravity-dashboard,TypeScript,33,2,38.0,3.0
939,2,Open-Quant/openquant,Rust,29,3,76.0,1.0
940,2,OpenBMB/ChatDev,Python,31636,3909,127.0,12.0
941,2,OpenCoworkAI/open-cowork,TypeScript,634,64,316.0,11.0
942,2,uberdeveloper/fastbt,Python,26,17,657.0,4.0
943,2,umputun/cc-thingz,Python,174,11,22.0,2.0
944,2,undsky/RuoYi-SpringBoot3-Pro,Java,133,49,66.0,1.0
945,2,veithly/climux,TypeScript,17,1,8.0,1.0
946,2,vercel-labs/json-render,TypeScript,12538,669,177.0,14.0
947,2,PleasePrompto/ductor,Python,136,17,238.0,6.0
948,2,datahub-project/datahub,Java,11660,3393,14060.0,720.0
949,2,deepagents-ai/agent-backend,TypeScript,13,0,260.0,3.0
950,2,deepklarity/harness-kit,Python,22,0,2.0,1.0
951,2,defeat-beta/defeatbeta-api,Python,508,45,840.0,2.0
952,2,PaddlePaddle/PaddleOCR,Python,72293,9959,6851.0,285.0
953,2,vercel-labs/portless,TypeScript,5158,166,53.0,12.0
954,2,vinhnx/VTCode,Rust,434,39,4839.0,12.0
955,2,w-winter/dot314,TypeScript,62,5,172.0,3.0
956,2,waynesutton/markdown-site,TypeScript,588,90,158.0,1.0
957,2,crazyguitar/cppcheatsheet,C++,259,49,794.0,7.0
958,2,crazyguitar/pysheeet,Python,8149,1222,1589.0,47.0
959,2,zhu1090093659/CodeConductor,TypeScript,70,3,120.0,2.0
960,2,0xNyk/xint,TypeScript,51,3,86.0,1.0
961,2,AGI-is-going-to-arrive/Memory-Palace,Python,178,15,77.0,2.0
962,2,AIDotNet/MoYuCode,TypeScript,74,15,62.0,1.0
963,2,camel-ai/camel,Python,16344,1821,2146.0,199.0
964,2,cavit99/mlx-LLM-cheatsheet,Python,25,1,16.0,1.0
965,2,chriskd/memex-kb,Python,11,2,97.0,1.0
966,2,RightCapitalHQ/chinese-style-guide,Python,99,7,23.0,6.0
967,2,blueraai/bluera-knowledge,TypeScript,11,3,904.0,2.0
968,1,amruthpillai/reactive-resume,TypeScript,35739,3943,5196.0,194.0
969,1,angular/angular,TypeScript,100082,27125,36748.0,2586.0
970,1,lidofinance/state-mate,TypeScript,12,4,473.0,12.0
971,1,linkml/valuesets,Python,12,0,96.0,9.0
972,1,JaredStewart/coderlm,Rust,186,16,14.0,1.0
973,1,alonw0/web-asset-generator,Python,209,17,12.0,2.0
974,1,maorfsdev/reflect-yourself,JavaScript,20,0,20.0,1.0
975,1,kcaldas/genie,Go,11,0,646.0,1.0
976,1,Kilo-Org/kilocode,TypeScript,16706,2153,13426.0,891.0
977,1,antoinebou12/uml-mcp,Python,74,20,50.0,2.0
978,1,kongusen/loom-agent,Python,21,1,212.0,1.0
979,1,kyopark2014/strands-agent,Python,28,6,198.0,1.0
980,1,ldclabs/KIP,Python,56,3,42.0,1.0
981,1,leather-io/mono,TypeScript,27,16,3991.0,39.0
982,1,leboncoin/spark-web,TypeScript,87,21,5995.0,20.0
983,1,wieslawsoltes/TreeDataGrid,C#,10,0,940.0,20.0
984,1,PlagueHO/microsoft-foundry-jumpstart,Python,10,7,622.0,2.0
985,1,rtk-ai/rtk,Rust,7722,422,369.0,31.0
986,1,johnhuang316/code-index-mcp,Python,829,101,200.0,15.0
987,1,confetti/yayson,TypeScript,185,28,289.0,17.0
988,1,BA-CalderonMorales/terminal-jarvis,Rust,122,16,405.0,4.0
989,1,web-infra-dev/rslint,TypeScript,380,20,424.0,26.0
990,1,xinthink/reader-mcp-server,Python,11,5,29.0,2.0
991,1,sytelus/nanuGPT,Python,13,1,954.0,2.0
992,1,tadashi-aikawa/obsidian-another-quick-switcher,TypeScript,372,22,1024.0,8.0
993,1,Codename-Inc/spectre,JavaScript,115,12,212.0,2.0
994,1,zai-org/GLM-OCR,Python,1961,146,43.0,8.0
995,1,UnicomAI/wanwu,Go,3959,79,3767.0,53.0
996,1,AxonFramework/AxonFramework,Java,3562,836,17015.0,254.0
997,1,themixednuts/GhidraMCP,Java,42,8,275.0,4.0
998,1,L-1124/QQMusicApi,Python,297,75,541.0,9.0
999,1,LSTM-Kirigaya/Tiphareth,TypeScript,24,1,67.0,2.0
1000,1,kaitranntt/ccs,TypeScript,1415,115,2452.0,20.0
