Norman-bury/articlewriting-skill,known_skill_repos.csv,False,SKILL.md,,main,main,,,,,,code_search,200,none,,,,2026-04-18T20:22:46Z,283,false,false,1,0,0,0,0,0,0,0,0,0,1172189879,Norman-bury/articlewriting-skill,false,5,1,0,34,Python,main,MIT,,283,283,1,13096,2026-03-04T03:09:32Z,2026-03-13T05:52:48Z,2026-03-15T01:09:16Z,,3,,,,,,,2026-03-13T05:52:48Z,65f86b2f6728716e013256d05cf2bc355ef04993,true,false,false,,Python;PowerShell;Shell,,
OpenCut-app/OpenCut,known_skill_repos.csv,False,SKILL.md,,main,main,,,,,,code_search,200,none,,,,2026-04-18T20:23:45Z,46569,false,false,1,1,0,1,0,0,0,0,0,0,1006414368,OpenCut-app/OpenCut,false,1365,16,2,4820,TypeScript,main,MIT,https://opencut.app,46569,46569,95,23452,2025-06-22T08:02:17Z,2026-03-08T23:11:29Z,2026-03-15T00:57:40Z,,273,,,,,,,2026-03-08T23:11:29Z,26d523ebad3dfdcb682db049899ada84ac739ed7,true,false,false,,TypeScript;CSS;Dockerfile;GLSL;JavaScript,,editor;oss;videoeditor
PlatformNetwork/platform,known_skill_repos.csv,False,SKILL.md,,main,main,,,,,,code_search,200,none,,,,2026-04-18T20:24:34Z,115,false,false,1,0,0,0,0,0,0,0,0,0,972956783,PlatformNetwork/platform,false,705,6,2,13,Rust,main,Apache-2.0,,115,115,7,71697,2025-04-26T00:53:36Z,2026-03-12T16:37:55Z,2026-03-12T16:35:19Z,,2,,,,,,,2026-03-12T16:37:55Z,a964ad0a8074db4ff589c7e91f747303ad73996e,false,false,false,,Rust;Shell;Dockerfile,,
Ronin15/SDL3_HammerEngine_Template,known_skill_repos.csv,False,SKILL.md,,main,main,,,,,,code_search,200,none,,,,2026-04-18T20:26:00Z,11,false,false,1,0,0,0,0,0,0,0,0,0,954204594,Ronin15/SDL3_HammerEngine_Template,false,2118,5,0,1,C++,main,MIT,https://roninxv.itch.io/,11,11,1,37774,2025-03-24T18:08:17Z,2026-03-15T02:12:40Z,2026-03-11T12:29:22Z,,0,,,,,,,2026-03-15T02:12:40Z,0e99c9282f326549f078cf6d8e2571bd2ac05a98,true,false,false,,C++;HTML;Shell;Batchfile;Python;CMake;GLSL,,
ShunsukeHayashi/Miyabi,known_skill_repos.csv,False,SKILL.md,,main,main,,,,,,code_search,200,none,,,,2026-04-18T20:27:06Z,16,false,false,0,0,0,0,0,0,0,0,0,0,1070570167,ShunsukeHayashi/Miyabi,false,338,48,16,8,TypeScript,main,Apache-2.0,https://github.com/ShunsukeHayashi/Autonomous-Operations,16,16,6,60736,2025-10-06T06:10:41Z,2026-03-10T01:45:48Z,2026-03-10T01:45:51Z,,27,,,,,,,2026-03-10T01:45:48Z,e8069ccf672cbe9e13ba7300171cbc8a761888d2,true,false,false,,TypeScript;JavaScript;Python;Shell;TeX;Jinja;HTML;PLpgSQL;Dockerfile;CSS,,agentic-ai;agents;ai;automation;autonomous;claude-code;github-actions;issue-driven-development;parallel-execution;typescript
SolidLao/GenDB,known_skill_repos.csv,False,SKILL.md,,main,main,,,,,,code_search,200,none,,,,2026-04-18T20:28:01Z,36,false,false,1,0,0,0,0,0,0,0,0,0,1153107094,SolidLao/GenDB,false,62,7,0,2,C++,main,Apache-2.0,https://solidlao.github.io/GenDB/,36,36,1,78372,2026-02-08T22:42:00Z,2026-03-10T19:42:31Z,2026-03-13T15:13:26Z,,1,,,,,,,2026-03-10T19:42:31Z,1b2a3b380a7c7c2e06303f5e8b6f9c909f811017,false,false,false,,C++;Python;Makefile;JavaScript;Rust;Shell,,claude-code;codex;database;generative-ai;llm;multi-agent;multi-modal;query-optimization;sql
Srajangpt1/ai_security_crew,known_skill_repos.csv,False,SKILL.md,,main,main,,,,,,code_search,200,none,,,,2026-04-18T20:28:07Z,36,false,false,1,1,0,0,0,0,0,0,0,0,793903444,Srajangpt1/ai_security_crew,false,35,20,0,12,Python,main,MIT,,36,36,3,1720,2024-04-30T04:59:44Z,2026-03-12T07:26:30Z,2026-03-14T19:29:13Z,,0,,,,,,,2026-03-12T07:26:30Z,1cb29a215a6c48663044cbf5d90c6b74c86ecee4,true,false,false,,Python;Shell;Dockerfile,,
TinyAGI/tinyclaw,known_skill_repos.csv,False,SKILL.md,,main,main,,,,,,code_search,200,none,,,,2026-04-18T20:29:25Z,3113,false,false,1,1,0,0,0,0,0,0,0,0,1153146773,TinyAGI/tinyclaw,false,139,11,13,455,TypeScript,main,MIT,https://office.tinyagicompany.com/,3113,3113,9,18960,2026-02-09T00:34:11Z,2026-03-14T19:45:51Z,2026-03-14T21:50:58Z,,60,,,,,,,2026-03-14T19:45:51Z,bd97ff83613a3403d9c7800bfab56c4073f9bdf5,true,false,false,,TypeScript;Shell;JavaScript;Python;CSS,,
TopologyHealth/ClaudeFHIRSkill,known_skill_repos.csv,False,SKILL.md,,main,main,,,,,,code_search,200,none,,,,2026-04-18T20:29:27Z,40,false,false,1,0,0,0,0,0,0,0,0,0,1098535299,TopologyHealth/ClaudeFHIRSkill,false,9,4,0,4,Python,main,Apache-2.0,,40,40,2,68,2025-11-17T20:22:45Z,2026-03-02T18:04:34Z,2026-03-14T12:21:10Z,,0,,,,,,,2026-03-02T18:04:34Z,f472b762acd0511da892963ec940431f5d57c58a,true,false,false,,Python;JavaScript,,
TypiCMS/Base,known_skill_repos.csv,False,SKILL.md,,master,master,,,,,,code_search,200,none,,,,2026-04-18T20:29:32Z,1609,false,false,1,1,0,0,0,0,0,0,0,0,28512514,TypiCMS/Base,false,2432,11,568,497,PHP,master,MIT,,1609,1609,14,23453,2014-12-26T14:15:30Z,2026-03-13T16:06:03Z,2026-03-13T16:06:08Z,,4,,,,,,,2026-03-13T16:06:03Z,1aff442c2b82dde14d7333390c046004198038a3,false,false,false,,PHP;JavaScript,,cms;laravel;multilingual;php;website;website-builder
agentscope-ai/CoPaw,known_skill_repos.csv,False,SKILL.md,,main,main,,,,,,code_search,200,none,,,,2026-04-18T20:32:51Z,11481,false,false,1,1,0,0,0,0,0,0,0,0,1165324947,agentscope-ai/CoPaw,false,292,2,15,1363,Python,main,Apache-2.0,http://copaw.agentscope.io/,11481,11481,74,15460,2026-02-24T03:42:56Z,2026-03-14T15:12:14Z,2026-03-15T01:52:08Z,,473,,,,,,,2026-03-14T15:12:14Z,b9fe4975f4d1475a1dc94b61f912447835a92486,false,false,false,,Python;TypeScript;Less;PowerShell;Shell;Batchfile;CSS;JavaScript;Dockerfile;NSIS;HTML,,
agentscope-ai/agentscope-skills,known_skill_repos.csv,False,SKILL.md,,main,main,,,,,,code_search,200,none,,,,2026-04-18T20:32:55Z,55,false,false,1,0,0,0,0,0,0,0,0,0,1155917533,agentscope-ai/agentscope-skills,false,3,2,0,1,Python,main,Apache-2.0,,55,55,1,66,2026-02-12T03:42:47Z,2026-03-10T12:29:10Z,2026-03-13T12:59:38Z,,3,,,,,,,2026-03-10T12:29:10Z,076cc24e0486b0f9e2183225f23dc2e086aff9f9,false,false,false,,Python;Shell,,agentscope;claude-code;cursor;skills
ahaodev/heji,known_skill_repos.csv,False,SKILL.md,,main,main,,,,,,code_search,200,none,,,,2026-04-18T20:32:58Z,55,false,false,1,0,0,0,0,0,0,0,0,0,324589079,ahaodev/heji,false,1550,2,1,15,TypeScript,main,Apache-2.0,,55,55,3,7179,2020-12-26T16:03:17Z,2026-02-28T02:14:28Z,2026-02-28T02:14:32Z,,0,,,,,,,2026-02-28T02:14:28Z,ba2817dde38582845963d7320afe1ddc96986f7f,true,false,false,,TypeScript;Go;Kotlin;CSS;HTML;Java;JavaScript;Dockerfile;Shell,,android;bookkeeping;kotlin;mongodb;no-server;spring-boot
aldegad/agent-picker,known_skill_repos.csv,False,SKILL.md,,main,main,,,,,,code_search,200,none,,,,2026-04-18T20:34:01Z,10,false,false,1,0,0,0,0,0,0,0,0,0,1176565801,aldegad/agent-picker,false,13,2,0,1,TypeScript,main,MIT,https://github.com/aldegad/agent-picker#readme,10,10,1,194,2026-03-09T06:30:20Z,2026-03-13T09:43:12Z,2026-03-15T00:09:23Z,,0,,,,,,,2026-03-13T09:43:12Z,ee3e561a2c3a60ca3496a32979e2aff03d124f9b,false,false,false,,TypeScript;JavaScript;CSS,,coding-agents;developer-tools;dom-selection;nextjs;react;ui-inspection
alltuner/vibetuner,known_skill_repos.csv,False,SKILL.md,,main,main,,,,,,code_search,200,none,,,,2026-04-18T20:35:05Z,11,false,false,1,1,0,1,0,0,0,0,0,0,983549303,alltuner/vibetuner,false,1180,3,240,0,Python,main,MIT,https://vibetuner.alltuner.com/,11,11,4,6405,2025-05-14T14:45:53Z,2026-03-12T15:55:21Z,2026-03-12T15:55:10Z,,6,,,,,,,2026-03-12T15:55:21Z,68f566472c346d3ba7c320e697ad5ac1988b28cc,false,false,false,,Python;Jinja;CSS;Dockerfile;Shell;Just;JavaScript,,beanie-odm;boilerplate;bun;copier-template;daisyui;devops;docker;fastapi;fullstack;htmx;i18n;mongodb;python;starterkit;tailwindcss;template
andyrewlee/amux,known_skill_repos.csv,False,SKILL.md,,main,main,,,,,,code_search,200,none,,,,2026-04-18T20:35:51Z,48,false,false,1,1,0,0,0,0,0,0,0,0,1125585925,andyrewlee/amux,false,299,6,16,1,Go,main,MIT,,48,48,1,2421,2025-12-31T01:57:28Z,2026-03-12T01:47:41Z,2026-03-13T18:17:31Z,,3,,,,,,,2026-03-12T01:47:41Z,1dec63578af0a6c40cdde80f3863f5ad2e6b9956,true,false,false,,Go;Shell;Makefile,,agent-coordination;agent-orchestration;agent-swarm;ai-orchestration;conductor;git-worktree;parallel-agents;parallelexecution;terminal-ui;tui;worktree;worktrees
angristan/larafeed,known_skill_repos.csv,False,SKILL.md,,main,main,,,,,,code_search,200,none,,,,2026-04-18T20:35:51Z,54,false,false,1,0,0,0,0,0,0,0,0,0,588887083,angristan/larafeed,false,867,43,0,2,PHP,main,MIT,,54,54,3,4550,2023-01-14T11:15:13Z,2026-03-14T22:31:33Z,2026-03-09T08:55:50Z,,16,,,,,,,2026-03-14T22:31:33Z,eca2a3638f79d31c0d2106b7c556e1846443ef17,false,false,false,,PHP;TypeScript;CSS;Dockerfile;JavaScript;Blade;Shell,,chatgpt;feed;inertia;laravel;laravel-actions;mantine;react;rss
apache/juneau,known_skill_repos.csv,False,SKILL.md,,master,master,,,,,,code_search,200,none,,,,2026-04-18T20:36:48Z,92,false,false,1,0,0,1,0,0,0,0,0,0,64732665,apache/juneau,false,4889,15,0,38,Java,master,Apache-2.0,https://juneau.apache.org/,92,92,23,664354,2016-08-02T07:00:07Z,2026-03-09T20:28:57Z,2026-03-09T20:29:01Z,,6,,,,,,,2026-03-09T20:28:57Z,62a9274dd95da86154e3d060466b55bf187b4d09,true,false,false,,Java;Python;CSS;HTML;C;Shell;JavaScript;Dockerfile;Procfile,,apache;configuration;data-binding;java;jetty;json;juneau;lightweight;microservices;mocking;openapi;performance;pojo;rest-api;serialization;spring-boot;swagger;testing;xml;zero-dependency
apify/mcp-cli,known_skill_repos.csv,False,SKILL.md,,main,main,,,,,,code_search,200,none,,,,2026-04-18T20:36:54Z,381,false,false,1,1,0,0,0,0,0,0,0,0,1112733896,apify/mcp-cli,false,465,32,6,29,TypeScript,main,Apache-2.0,https://npmjs.com/package/@apify/mcpc,381,381,6,5523,2025-12-09T03:00:11Z,2026-03-14T04:01:05Z,2026-03-14T22:32:20Z,,12,,,,,,,2026-03-14T04:01:05Z,04bb48ae371c6dbf01e7b07547dc2d57b8309ae8,false,false,false,,TypeScript;Shell;JavaScript,,ai-agents;bash;claude;cli;code-mode;command-line;mcp;mcp-client;model-context-protocol;shell
appleboy/CodeGPT,known_skill_repos.csv,False,SKILL.md,,main,main,,,,,,code_search,200,none,,,,2026-04-18T20:37:00Z,1503,false,false,1,0,0,0,0,0,0,0,0,0,609542180,appleboy/CodeGPT,false,523,9,70,134,Go,main,MIT,,1503,1503,28,1646,2023-03-04T13:49:29Z,2026-03-12T08:05:07Z,2026-03-14T03:47:22Z,,9,,,,,,,2026-03-12T08:05:07Z,1fde9f47494fc918ec5e3ac2cf26395e3d37cd64,true,false,false,,Go;Shell;Go Template;Makefile;D2;Dockerfile;JavaScript,,chatgpt;chatgpt-api;git;git-hook;golang;openai;openai-api
avast/sage,known_skill_repos.csv,False,SKILL.md,,main,main,,,,,,code_search,200,none,,,,2026-04-18T20:37:58Z,131,false,false,1,1,0,0,0,0,0,0,0,0,1156212587,avast/sage,false,81,2,3,5,TypeScript,main,Apache-2.0,https://ai.gendigital.com/sage,131,131,6,3030,2026-02-12T11:48:19Z,2026-03-10T13:37:03Z,2026-03-14T13:17:34Z,,6,,,,,,,2026-03-10T13:37:03Z,d3771c745c36740615159b56cc958e1aa800daf7,true,false,false,,TypeScript;JavaScript;Shell,,agents;ai;claude-code;claude-code-plugin;cursor-ai;cursor-extension;openclaw;security;vscode-extension
barkain/claude-code-workflow-orchestration,known_skill_repos.csv,False,SKILL.md,,main,main,,,,,,code_search,200,none,,,,2026-04-18T20:38:48Z,31,false,false,1,0,0,0,0,0,0,0,0,0,1093722324,barkain/claude-code-workflow-orchestration,false,73,27,14,5,Python,main,MIT,,31,31,1,95651,2025-11-10T18:48:47Z,2026-03-14T18:08:41Z,2026-03-14T18:08:18Z,,1,,,,,,,2026-03-14T18:08:41Z,1768e0fee1400cae3d1989dd4d960328442b6471,true,false,false,,Python;Shell,,ai-agents;claude-code;claude-code-plugin;task-automation;workflow-orchestration
beadhub/beadhub,known_skill_repos.csv,False,SKILL.md,,main,main,,,,,,code_search,200,none,,,,2026-04-18T20:38:59Z,30,false,false,1,1,0,0,0,0,0,0,0,0,1148270277,beadhub/beadhub,false,187,3,0,5,Python,main,MIT,,30,30,1,1698,2026-02-02T19:17:43Z,2026-03-08T16:02:07Z,2026-03-08T15:16:21Z,,1,,,,,,,2026-03-08T16:02:07Z,0a13a1f6dd334768732f7c8c40593c343a80035a,true,false,false,,Python;TypeScript;Makefile;PLpgSQL;Shell;CSS;Dockerfile;JavaScript;HTML,,
benswift/.dotfiles,known_skill_repos.csv,False,SKILL.md,,main,main,,,,,,code_search,200,none,,,,2026-04-18T20:39:03Z,20,false,false,1,0,0,0,0,0,0,0,0,0,4605260,benswift/.dotfiles,false,2838,1,0,7,Python,main,MIT,,20,20,5,2589,2012-06-09T06:11:07Z,2026-03-12T03:42:09Z,2026-03-12T03:42:13Z,,1,,,,,,,2026-03-12T03:42:09Z,7a7fac92488585d614e7e1b7ff35175a1d6f2a5b,true,false,false,,Python;Shell;YASnippet;Emacs Lisp;GLSL;Tree-sitter Query;HTML;Scheme,,
block/goosetown,known_skill_repos.csv,False,SKILL.md,,main,main,,,,,,code_search,200,none,,,,2026-04-18T20:40:05Z,61,false,false,1,1,0,0,0,0,0,0,0,0,1161347274,block/goosetown,false,3,3,0,7,JavaScript,main,Apache-2.0,,61,61,1,4712,2026-02-19T02:13:12Z,2026-02-25T13:30:07Z,2026-03-13T14:39:16Z,,3,,,,,,,2026-02-25T13:30:07Z,0bdb3227bfd56158dfedb9a46cd30c90eb993c21,true,false,false,,JavaScript;Python;Shell;CSS;HTML,,
blueberrycongee/Lumina-Note,known_skill_repos.csv,False,SKILL.md,,main,main,,,,,,code_search,200,none,,,,2026-04-18T20:40:08Z,747,false,false,1,0,0,0,0,0,0,0,0,0,1105973710,blueberrycongee/Lumina-Note,false,1494,9,55,80,TypeScript,main,Apache-2.0,,747,747,6,40755,2025-11-28T12:34:30Z,2026-03-14T23:36:59Z,2026-03-15T01:14:51Z,,16,,,,,,,2026-03-14T23:36:59Z,ff3c8d9ff636b12c9ca6c091c51382846aed2217,true,false,false,,TypeScript;Rust;JavaScript;Python;Kotlin;Swift;CSS;Shell;HTML;Dockerfile,,ai;ai-agents;desktop-app;knowledge-graph;local-first;markdown;note-taking;own-your-data;pdf-reader;rag;react;rust;second-brain;semantic-search;tauri;typescript
blueraai/bluera-knowledge,known_skill_repos.csv,False,SKILL.md,,main,main,,,,,,code_search,200,none,,,,2026-04-18T20:40:09Z,11,false,false,1,1,0,0,0,0,0,0,0,0,1125000403,blueraai/bluera-knowledge,false,904,4,151,3,TypeScript,main,MIT,https://bluera.ai/,11,11,2,35967,2025-12-30T01:36:44Z,2026-03-12T04:51:25Z,2026-03-14T22:56:50Z,,1,,,,,,,2026-03-12T04:51:25Z,298993bd3494bc033cef722b474d94e537e7384a,true,false,false,,TypeScript;Shell;Python;JavaScript,,ai-agents;anthropic;claue-code;cli-tool;code-search;developer-tools;documentation;embedding-model;knowledge-management;mcp;offline-first;rag;retrieval;semantic-search;typescript;vector-database
bytedance-deer-flow/deer-flow-installer,known_skill_repos.csv,False,SKILL.md,,main,main,,,,,,code_search,200,none,,,,2026-04-18T20:41:27Z,19,false,false,0,0,0,0,0,0,0,0,0,0,1180249797,bytedance-deer-flow/deer-flow-installer,false,5,1,1,4,Python,main,Apache-2.0,,19,19,1,775,2026-03-12T21:18:52Z,2026-03-12T21:55:41Z,2026-03-14T19:34:08Z,,0,,,,,,,2026-03-12T21:55:41Z,61e5dc4b622084c68a20c2b6d795f7ecc2882d1e,false,false,false,,Python;HTML;Shell;JavaScript,,deer-flow;deer-flow-agent;deer-flow-download;deer-flow-installer;deerflow;deerflow-install
cadamsdev/restman,known_skill_repos.csv,False,SKILL.md,,main,main,,,,,,code_search,200,none,,,,2026-04-18T20:41:33Z,33,false,false,0,0,0,0,0,0,0,0,0,0,1135684312,cadamsdev/restman,false,76,2,2,1,TypeScript,main,MIT,https://userestman.vercel.app,33,33,1,2132,2026-01-16T12:54:06Z,2026-01-31T04:33:55Z,2026-03-12T04:04:14Z,,1,,,,,,,2026-01-31T04:33:55Z,a9d04b9c25f1df600fe4ca306eecbb4c7cb1e8f6,false,false,false,,TypeScript;Vue;Shell;PowerShell;CSS,,api;api-client;http-client;postman-alternative;rest-api;tui
calvingit/ai-tools,known_skill_repos.csv,False,SKILL.md,,main,main,,,,,,code_search,200,none,,,,2026-04-18T20:41:54Z,27,false,false,0,0,0,0,0,0,0,0,0,0,997858592,calvingit/ai-tools,false,39,1,0,8,Python,main,MIT,,27,27,2,1621,2025-06-07T10:44:48Z,2026-03-14T04:04:29Z,2026-03-14T04:04:33Z,,0,,,,,,,2026-03-14T04:04:29Z,9c710ed12613f6aa0afc9052e68d14982347dd1d,true,false,false,,Python;HTML;Shell;JavaScript,,agents;claude-code;codex;mcp;skills
ckelsoe/claude-skill-prompt-architect,known_skill_repos.csv,False,SKILL.md,,main,main,,,,,,code_search,200,none,,,,2026-04-18T20:43:22Z,32,false,false,1,0,0,0,0,0,0,0,0,0,1103259159,ckelsoe/claude-skill-prompt-architect,false,38,1,7,4,Python,main,MIT,https://github.com/ckelsoe/claude-skill-prompt-architect,32,32,1,257,2025-11-24T16:27:21Z,2026-03-10T21:42:02Z,2026-03-14T08:28:28Z,,0,,,,,,,2026-03-10T21:42:02Z,4ffc4e4bf4e97e211956508971e32012465b9ca0,true,false,false,,Python;JavaScript,,claude-code;claude-skill;prompt-engineering;prompt-frameworks;prompt-improvement
closedform/deriver,known_skill_repos.csv,False,SKILL.md,,main,main,,,,,,code_search,200,none,,,,2026-04-18T20:43:27Z,33,false,false,0,0,0,0,0,0,0,0,0,0,1135968427,closedform/deriver,false,75,4,2,1,Python,main,MIT,https://pypi.org/project/symderive/,33,33,3,10922,2026-01-16T21:15:26Z,2026-02-05T18:15:59Z,2026-03-07T18:20:12Z,,1,,,,,,,2026-02-05T18:15:59Z,34aac8e5b64a8af91c58ce13b37d43552cd1d620,true,false,false,,Python;Shell,,ai-agents;calculus;computer-algebra;physics;symbolic-math;sympy
co-r-e/dexcode,known_skill_repos.csv,False,SKILL.md,,main,main,,,,,,code_search,200,none,,,,2026-04-18T20:43:49Z,13,false,false,0,0,0,0,0,0,0,0,0,0,1164937034,co-r-e/dexcode,false,57,11,2,1,TypeScript,main,MIT,https://co-r-e.github.io/dexcode-lp/,13,13,1,5459,2026-02-23T16:43:57Z,2026-03-14T20:09:37Z,2026-03-14T20:09:40Z,,11,,,,,,,2026-03-14T20:09:37Z,7ac7cbfb9f08110f7588fc63ce976e31973d6a28,true,false,false,,TypeScript;MDX;CSS;JavaScript,,ai;mdx;nextjs;presentation;slides
copilot-community-sdk/copilot-sdk-java,known_skill_repos.csv,False,SKILL.md,,main,main,,,,,,code_search,200,none,,,,2026-04-18T20:44:39Z,57,false,false,1,1,0,1,0,0,0,0,0,0,1138688458,copilot-community-sdk/copilot-sdk-java,false,628,41,12,10,Java,main,MIT,https://copilot-community-sdk.github.io/copilot-sdk-java/,57,57,5,30897,2026-01-21T01:53:02Z,2026-03-15T01:11:49Z,2026-03-13T11:42:50Z,,3,,,,,,,2026-03-15T01:11:49Z,23618864660598da71c809cfc9651817e51b8547,false,false,false,,Java;CSS;Shell,,copilot;github;java
coreyepstein/hq-starter-kit,known_skill_repos.csv,False,SKILL.md,,main,main,,,,,,code_search,200,none,,,,2026-04-18T20:44:40Z,17,false,false,1,0,0,0,0,0,0,0,0,0,1137729490,coreyepstein/hq-starter-kit,false,170,1,1,8,TypeScript,main,MIT,,17,17,2,6678,2026-01-19T18:54:02Z,2026-03-13T01:24:50Z,2026-03-13T23:35:00Z,,4,,,,,,,2026-03-13T01:24:50Z,1ec5727717e960d042fc7d528369a62089a03d1a,true,false,false,,TypeScript;HTML;Shell;PowerShell;JavaScript;NSIS,,ai-agents;ai-workers;claude-code;developer-tools;personal-os;typescript
davidromeo/tradeblocks,known_skill_repos.csv,False,SKILL.md,,master,master,,,,,,code_search,200,none,,,,2026-04-18T20:46:42Z,34,false,false,1,0,0,0,0,0,0,0,0,0,1060819697,davidromeo/tradeblocks,false,1270,34,29,17,TypeScript,master,MIT,https://tradeblocks.io,34,34,7,11902,2025-09-20T16:54:28Z,2026-03-11T02:15:23Z,2026-03-13T15:08:25Z,,6,,,,,,,2026-03-11T02:15:23Z,15d358e1ee007bf630f6ac92784702e67c9b0e64,false,false,false,,TypeScript;JavaScript;CSS;PowerShell;Shell;Dockerfile,,
dcstrange/ClawTeam,known_skill_repos.csv,False,SKILL.md,,main,main,,,,,,code_search,200,none,,,,2026-04-18T20:46:57Z,55,false,false,0,0,0,0,0,0,0,0,0,0,1171676237,dcstrange/ClawTeam,false,6,1,0,2,TypeScript,main,MIT,,55,55,1,20708,2026-03-03T13:44:22Z,2026-03-12T10:02:17Z,2026-03-12T14:20:39Z,,0,,,,,,,2026-03-12T10:02:17Z,60b893fdb622f951f7b0751a259cc98273c05a7c,true,false,false,,TypeScript;Python;JavaScript;Shell;CSS;Dockerfile;HTML,,
deborahikssv/Antigravity-claw,known_skill_repos.csv,False,SKILL.md,,main,main,,,,,,code_search,200,none,,,,2026-04-18T20:46:59Z,343,false,false,0,0,0,0,0,0,0,0,0,0,1175354522,deborahikssv/Antigravity-claw,false,8,1,0,3,Rust,main,MIT,,343,343,1,143,2026-03-07T15:45:06Z,2026-03-12T22:56:19Z,2026-03-14T12:40:12Z,,1,,,,,,,2026-03-12T22:56:19Z,413ea4644036369abaf147e5b212dd2a2dec03c9,true,false,false,,Rust;Python;JavaScript;Shell,,ai;ai-assistant;antigravity;antigravity-ai;antigravity-claw;antigravity-ide;antigravity-openclaw;antigravity-openclaw-skill;antigravity-skill;openclaw-skill;skill;skills
debridge-finance/debridge-mcp,known_skill_repos.csv,False,SKILL.md,,main,main,,,,,,code_search,200,none,,,,2026-04-18T20:46:59Z,29,false,false,1,0,0,0,0,0,0,0,0,0,1153095824,debridge-finance/debridge-mcp,false,32,5,5,2,TypeScript,main,MIT,,29,29,3,1205,2026-02-08T22:13:33Z,2026-02-26T19:14:41Z,2026-02-26T19:08:41Z,,3,,,,,,,2026-02-26T19:14:41Z,6d7f03bf0a29495e3b3d29ecb4d168269656409a,true,false,false,,TypeScript;JavaScript;Dockerfile,,
deliveryhero/asya,known_skill_repos.csv,False,SKILL.md,,main,main,,,,,,code_search,200,none,,,,2026-04-18T20:47:15Z,42,false,false,1,1,0,1,0,0,0,0,0,0,1090301938,deliveryhero/asya,false,294,80,22,4,Python,main,Apache-2.0,https://asya.sh/,42,42,5,86552,2025-11-05T13:41:10Z,2026-03-14T12:52:20Z,2026-03-14T03:42:30Z,,18,,,,,,,2026-03-14T12:52:20Z,a7cec2a5bfce880706935271ec252ab41d91e61d,false,false,false,,Python;Go;Makefile;Shell;Go Template;PLpgSQL;HTML;Dockerfile;TypeScript,,actors-framework;ai;ai-orchestration;event-driven;kubernetes
devartifex/copilot-unleashed,known_skill_repos.csv,False,SKILL.md,,master,master,,,,,,code_search,200,none,,,,2026-04-18T20:47:47Z,61,false,false,1,1,0,0,0,0,0,0,0,0,1170311452,devartifex/copilot-unleashed,false,5,6,1,8,TypeScript,master,MIT,,61,61,1,1495,2026-03-02T01:28:13Z,2026-03-14T18:29:08Z,2026-03-14T18:28:58Z,,0,,,,,,,2026-03-14T18:29:08Z,dde5b954ffbafc1058d370adc21e97774cc13681,false,false,false,,TypeScript;Svelte;JavaScript;Bicep;Shell;CSS;Dockerfile;HTML,,ai-chat;copilot;copilot-sdk;github;multi-model;self-hosted;svelte;sveltekit;typescript
dmmulroy/overseer,known_skill_repos.csv,False,SKILL.md,,main,main,,,,,,code_search,200,none,,,,2026-04-18T20:48:07Z,222,false,false,1,0,0,0,0,0,0,0,0,0,1142566984,dmmulroy/overseer,false,97,6,21,13,Rust,main,MIT,,222,222,3,10209,2026-01-26T15:22:59Z,2026-02-23T03:59:43Z,2026-03-08T14:19:48Z,,3,,,,,,,2026-02-23T03:59:43Z,5880d97939744ff72eb552c671da2fae1789041e,true,false,false,,Rust;TypeScript;Shell;JavaScript;CSS;HTML,,
dotnet/aspire,known_skill_repos.csv,False,SKILL.md,,main,main,,,,,,code_search,200,none,,,,2026-04-18T20:48:47Z,5525,false,false,1,1,0,1,0,0,0,0,0,0,696529789,dotnet/aspire,false,6471,493,33,824,TypeScript,main,MIT,https://aspire.dev,5525,5525,249,127950,2023-09-25T23:49:49Z,2026-03-14T23:08:16Z,2026-03-14T19:25:28Z,,1662,,,,,,,2026-03-14T23:08:16Z,8aba30e0f288ebeee09e7322732e3ee917aaea39,true,false,false,,TypeScript;C#;Bicep;Rust;Java;Go;Python;HTML;PowerShell;Shell;CSS;JavaScript;Dockerfile;CMake;Vue;Batchfile;Pug,,cloud;dotnet;hacktoberfest;python;typescript
dream-horizon-org/pulse,known_skill_repos.csv,False,SKILL.md,,main,main,,,,,,code_search,200,none,,,,2026-04-18T20:49:09Z,135,false,false,0,0,0,0,0,0,0,0,0,0,1105821837,dream-horizon-org/pulse,false,2841,149,0,11,Java,main,Apache-2.0,,135,135,65,58011,2025-11-28T07:56:52Z,2026-03-14T20:11:06Z,2026-03-13T15:22:14Z,,50,,,,,,,2026-03-14T20:11:06Z,3777fe22cb4e58227097cce5b56adc8b1f375ea1,true,false,false,,Java;TypeScript;Kotlin;CSS;HTML;Shell;JavaScript;HCL;Dockerfile;Objective-C++;Ruby;Swift;Python;Objective-C;QMake,,
drewdrewH/code-graph-context,known_skill_repos.csv,False,SKILL.md,,main,main,,,,,,code_search,200,none,,,,2026-04-18T20:49:11Z,12,false,false,1,1,0,0,0,0,0,0,0,0,1006677850,drewdrewH/code-graph-context,false,194,6,43,2,TypeScript,main,MIT,https://www.npmjs.com/package/code-graph-context?activeTab=readme,12,12,4,1206,2025-06-22T19:21:54Z,2026-03-11T22:33:01Z,2026-03-14T14:42:49Z,,2,,,,,,,2026-03-11T22:33:01Z,c51676a539c199b2004013cfa5eae28b850e543b,false,false,false,,TypeScript;JavaScript;Python;Shell,,ai-code-analysis;claude-code;code-graph-rag;developer-tools;graph-database;graphrag;mcp-server;neo4j;nestjs;openai;typescript
droidrun/droidrun,known_skill_repos.csv,False,SKILL.md,,main,main,,,,,,code_search,200,none,,,,2026-04-18T20:49:19Z,7945,false,false,1,1,0,0,0,0,0,0,0,0,965313467,droidrun/droidrun,false,999,15,36,805,Python,main,MIT,https://droidrun.ai,7945,7945,30,85493,2025-04-12T22:03:47Z,2026-03-12T17:27:12Z,2026-03-15T01:04:56Z,,29,,,,,,,2026-03-12T17:27:12Z,98b762d06a77e243fca66e830b7fa98d7c0124ee,false,false,false,,Python;Jinja;Dockerfile;Shell,,ai-agents;android;android-automation;hacktoberfest;mobile-automation
engneer-hamachan/ruby-ti,known_skill_repos.csv,False,SKILL.md,,main,main,,,,,,code_search,200,none,,,,2026-04-18T20:51:18Z,65,false,false,1,0,0,0,0,0,0,0,0,0,1049025397,engneer-hamachan/ruby-ti,false,985,1,0,2,Go,main,MIT,,65,65,1,7356,2025-09-02T11:30:55Z,2026-03-14T22:19:04Z,2026-03-14T22:18:31Z,,0,,,,,,,2026-03-14T22:19:04Z,4af464f099f6943ffe1d641bff74776edb41fa72,true,false,false,,Go;Ruby;Vim Script;Shell;Makefile,,
ethanolivertroy/fedramp-docs-mcp,known_skill_repos.csv,False,SKILL.md,,main,main,,,,,,code_search,200,none,,,,2026-04-18T20:52:16Z,17,false,false,1,1,0,0,0,0,0,0,0,0,1073382116,ethanolivertroy/fedramp-docs-mcp,false,92,5,4,4,TypeScript,main,MIT,,17,17,3,33073,2025-10-10T03:15:00Z,2026-03-11T02:03:28Z,2026-03-13T01:28:22Z,,2,,,,,,,2026-03-11T02:03:28Z,1e8b5dab03f992643cdebe46208964d8bdbe8d3b,true,false,false,,TypeScript;JavaScript;Dockerfile,,compliance;fedramp;grc;grc-engineering;mcp-server
facebook/pyrefly,known_skill_repos.csv,False,SKILL.md,,main,main,,,,,,code_search,200,none,,,,2026-04-18T20:55:16Z,5464,false,false,1,1,0,1,0,0,0,0,0,0,935685654,facebook/pyrefly,false,11860,27,37,284,Rust,main,MIT,http://pyrefly.org/,5464,5464,195,876623,2025-02-19T21:09:33Z,2026-03-14T18:56:41Z,2026-03-14T18:56:44Z,,487,,,,,,,2026-03-14T18:56:41Z,2e2e100be972ef3b065f8912a603d17e95ef04a9,false,false,false,,Rust;Python;TypeScript;MDX;Shell;CSS;JavaScript;HTML;Thrift;Starlark,,code-quality;contributions-welcome;good-first-issue;hacktoberfest;ide;language-server;lsp;python;rust;type-check;type-checker;typecheck;typechecker;types;typing
fengshao1227/ccg-workflow,known_skill_repos.csv,False,SKILL.md,,main,main,,,,,,code_search,200,none,,,,2026-04-18T20:58:12Z,3618,false,false,0,0,0,0,0,0,0,0,0,0,1127793756,fengshao1227/ccg-workflow,false,186,2,1,247,Go,main,MIT,https://fengshao1227.github.io/ccg-workflow/,3618,3618,9,1043,2026-01-04T15:56:26Z,2026-03-12T09:20:38Z,2026-03-15T01:28:25Z,,14,,,,,,,2026-03-12T09:20:38Z,f3c3a2a917437d23488da0fe08a47208f1cea5cc,true,false,false,,Go;TypeScript;JavaScript;Shell,,agent-teams;ai;ccg;claude-code;cli;codex;gemini;llm;no-de;nodejs;opsxspec;prompt;workflow
firebase/genkit,known_skill_repos.csv,False,SKILL.md,,main,main,,,,,,code_search,200,none,,,,2026-04-18T20:59:12Z,5648,false,false,1,1,0,0,0,0,0,0,0,0,793795224,firebase/genkit,false,4924,478,142,686,TypeScript,main,Apache-2.0,https://genkit.dev,5648,5648,133,260675,2024-04-29T22:04:42Z,2026-03-14T02:44:32Z,2026-03-14T20:39:58Z,,911,,,,,,,2026-03-14T02:44:32Z,c6584047fefcffe7c9f0730fb2eecdc9f90fe5cc,false,false,false,,TypeScript;Python;Go;Shell;JavaScript;CSS;HTML;Just,,agents;ai;embedders;genkit;llm;multimodal;rag;vector-database
flet-dev/website,known_skill_repos.csv,False,SKILL.md,,main,main,,,,,,code_search,200,none,,,,2026-04-18T21:00:17Z,97,false,false,1,0,0,0,0,0,0,0,0,0,478640539,flet-dev/website,false,568,2,0,601,JavaScript,main,MIT,https://flet.dev,97,97,84,105229,2022-04-06T16:28:31Z,2026-02-24T19:18:28Z,2026-03-09T06:51:23Z,,9,,,,,,,2026-02-24T19:18:28Z,82587d72e4a436d627e110726b12a9f610fb3035,true,false,false,,JavaScript;CSS,,
freema/firefox-devtools-mcp,known_skill_repos.csv,False,SKILL.md,,main,main,,,,,,code_search,200,none,,,,2026-04-18T21:03:15Z,68,false,false,1,0,0,0,0,0,0,0,0,0,1072399993,freema/firefox-devtools-mcp,false,121,11,20,18,TypeScript,main,MIT,,68,68,4,721,2025-10-08T17:04:40Z,2026-02-27T10:19:59Z,2026-03-12T08:40:35Z,,2,,,,,,,2026-02-27T10:19:59Z,71752929703c548779947165f83cb4b8f828db83,true,false,false,,TypeScript;JavaScript;Dockerfile,,claude-code;firefox;mcp;mcp-server
futuresearch/everyrow-sdk,known_skill_repos.csv,False,SKILL.md,,main,main,,,,,,code_search,200,none,,,,2026-04-18T21:04:17Z,17,false,false,1,0,0,0,0,0,0,0,0,0,1134502076,futuresearch/everyrow-sdk,false,244,43,19,3,Python,main,MIT,https://everyrow.io,17,17,11,18033,2026-01-14T20:03:46Z,2026-03-13T20:10:53Z,2026-03-13T20:10:56Z,,3,,,,,,,2026-03-13T20:10:53Z,4b718df5ed46ff7a06bc378bb5d450ccc2120d9b,false,false,false,,Python;TypeScript;CSS;Dockerfile;Shell,,claude;claude-code;filtering;llm-agents;pandas-dataframe;ranking;semantic-analysis
gemini-cli-extensions/devops,known_skill_repos.csv,False,SKILL.md,,main,main,,,,,,code_search,200,none,,,,2026-04-18T21:06:12Z,24,false,false,1,1,0,1,0,0,0,0,0,0,1051260922,gemini-cli-extensions/devops,false,85,15,2,6,Go,main,Apache-2.0,,24,24,8,69577,2025-09-05T17:37:01Z,2026-03-15T00:48:40Z,2026-03-14T02:43:31Z,,4,,,,,,,2026-03-15T00:48:40Z,a8fd90586918e6bac7ffb0a4ac78e67c78b3db96,true,false,false,,Go;Shell,,
gitarbor/gitarbor-tui,known_skill_repos.csv,False,SKILL.md,,main,main,,,,,,code_search,200,none,,,,2026-04-18T21:10:19Z,37,false,false,0,0,0,0,0,0,0,0,0,0,1140327629,gitarbor/gitarbor-tui,false,149,5,3,3,TypeScript,main,MIT,https://gitarbor.com,37,37,1,16767,2026-01-23T05:58:12Z,2026-02-08T16:01:11Z,2026-03-10T01:11:24Z,,0,,,,,,,2026-02-08T16:01:11Z,5cee4206dd5f2c185a035c69473251b12589515f,false,false,false,,TypeScript;Vue;CSS;Shell;PowerShell,,git;git-client;lazygit;opentui;tui
gked2121/claude-skills,known_skill_repos.csv,False,SKILL.md,,main,main,,,,,,code_search,200,none,,,,2026-04-18T21:11:16Z,22,false,false,0,0,0,0,0,0,0,0,0,0,1081018756,gked2121/claude-skills,false,3,2,1,8,Python,main,MIT,,22,22,1,3656,2025-10-22T07:38:47Z,2025-11-07T05:37:10Z,2026-02-28T18:20:08Z,,0,,,,,,,2025-11-07T05:37:10Z,b3a018c2a13d7601ec96813730be760b4af56b92,true,false,false,,Python;HTML;JavaScript;Shell,,ai-skills;ai-tools;anthropic;automation;claude-ai;claude-code;developer-tools;marketing-automation;productivity;sales-automation
gmickel/gmickel-claude-marketplace,known_skill_repos.csv,False,SKILL.md,,main,main,,,,,,code_search,200,none,,,,2026-04-18T21:11:59Z,545,false,false,1,0,0,0,0,0,0,0,0,0,1123446919,gmickel/gmickel-claude-marketplace,false,541,12,72,37,Python,main,MIT,https://mickel.tech/apps/flow-next,545,545,7,5282,2025-12-26T22:27:07Z,2026-03-06T08:54:51Z,2026-03-12T22:46:50Z,,8,,,,,,,2026-03-06T08:54:51Z,cb72adc1f54e77ecd82a70e89f95260f4adb3437,true,false,false,,Python;TypeScript;Shell,,ai-agent;ai-workflow;anthropic;autonomous-agent;claude-code;claude-code-plugin;cli;code-review;execution;marketplace;planning;plugin;ralph-mode;workflow
go-johnnyhe/shadow,known_skill_repos.csv,False,SKILL.md,,main,main,,,,,,code_search,200,none,,,,2026-04-18T21:12:15Z,26,false,false,1,0,0,0,0,0,0,0,0,0,998194571,go-johnnyhe/shadow,false,110,1,34,0,Go,main,MIT,https://go-johnnyhe.github.io/shadow/,26,26,2,65008,2025-06-08T04:21:11Z,2026-03-14T19:23:15Z,2026-03-14T20:50:04Z,,1,,,,,,,2026-03-14T19:23:15Z,26a240c75493a3f9b6b92122db906a3c08b6f155,true,false,false,,Go;Swift;TypeScript;Astro;Shell;CSS;Vim Script;Lua;JavaScript,,
go-mizu/mizu,known_skill_repos.csv,False,SKILL.md,,main,main,,,,,,code_search,200,none,,,,2026-04-18T21:12:15Z,45,false,false,1,0,0,1,0,0,0,0,0,0,1087757431,go-mizu/mizu,false,1862,3,46,3,Go,main,MIT,https://docs.go-mizu.dev,45,45,2,36633,2025-11-01T15:27:58Z,2026-03-15T00:51:32Z,2026-03-12T04:21:50Z,,8,,,,,,,2026-03-15T00:51:32Z,ffd576ec517e74c9f50e803d41bb84d476de3469,true,false,false,,Go;TypeScript;HTML;CSS;JavaScript;Go Template;Python;Rust;Zig;Makefile;Swift;Shell;C;Dockerfile;Dart;Vue;Svelte,,framework;go
h3js/h3,known_skill_repos.csv,False,SKILL.md,,main,main,,,,,,code_search,200,none,,,,2026-04-18T21:19:04Z,5254,false,false,1,0,0,1,0,0,0,0,0,0,313641207,h3js/h3,false,1289,33,65,306,TypeScript,main,MIT,https://h3.dev,5254,5254,146,6617,2020-11-17T14:15:44Z,2026-03-14T22:02:33Z,2026-03-14T22:02:36Z,,71,,,,,,,2026-03-14T22:02:33Z,10bc7cee4842bae54c0e1f222c03ec5f4b400f1e,false,false,false,,TypeScript;JavaScript,,
hakoniwaa/Squirrel,known_skill_repos.csv,False,SKILL.md,,main,main,,,,,,code_search,200,none,,,,2026-04-18T21:20:06Z,94,false,false,0,0,0,0,0,0,0,0,0,0,1102017893,hakoniwaa/Squirrel,false,135,3,0,11,Rust,main,MIT,,94,94,2,156776,2025-11-22T17:04:40Z,2026-02-06T10:12:44Z,2026-03-14T04:53:55Z,,13,,,,,,,2026-02-06T10:12:44Z,30aa5c3c3771c9842e4eb4aaac58de347443712c,false,false,false,,Rust;HTML;Nix;Shell,,agent;agent-memory;ai-memory;claude-code-memory;mcp;memory;memory-mcp;vibe-coding
harlan-zw/skilld,known_skill_repos.csv,False,SKILL.md,,main,main,,,,,,code_search,200,none,,,,2026-04-18T21:22:49Z,219,false,false,1,0,0,0,0,0,0,0,0,0,1148941696,harlan-zw/skilld,false,297,3,58,4,TypeScript,main,MIT,,219,219,3,135134,2026-02-03T14:45:44Z,2026-03-14T13:36:27Z,2026-03-14T17:02:06Z,,8,,,,,,,2026-03-14T13:36:27Z,b2dbd6347c7637b716a74703eb00d2d30463e823,false,false,false,,TypeScript;JavaScript,,
heeyo-life/skillboss-skills,known_skill_repos.csv,False,SKILL.md,,main,main,,,,,,code_search,200,none,,,,2026-04-18T21:23:55Z,46,false,false,1,0,0,0,0,0,0,0,0,0,1149692757,heeyo-life/skillboss-skills,false,102,10,34,9,JavaScript,main,Apache-2.0,https://skillboss.co,46,46,5,367,2026-02-04T12:09:44Z,2026-03-14T15:52:18Z,2026-03-14T12:46:03Z,,0,,,,,,,2026-03-14T15:52:18Z,3ddf09a564a71d3d85a61098e4038b8ac5a89a86,true,false,false,,JavaScript;TypeScript;PowerShell;Shell;HTML;CSS,,agent-skills;ai-gateway;ai-skills;claude-code;codex;llm;mcp;mcp-server;openai-api;skillsmp
helenigtxu/blooket,known_skill_repos.csv,False,SKILL.md,,main,main,,,,,,code_search,200,none,,,,2026-04-18T21:24:04Z,129,false,false,0,0,0,0,0,0,0,0,0,0,1174978541,helenigtxu/blooket,false,6,1,0,1,Rust,main,MIT,,129,129,1,98,2026-03-07T04:11:09Z,2026-03-13T14:57:35Z,2026-03-14T16:49:11Z,,0,,,,,,,2026-03-13T14:57:35Z,526b1a5640dd9a6361ee6e945d97dfc07c588727,true,false,false,,Rust;Python;Shell;JavaScript,,ai;blooket;blooket-ai;blooket-api;blooket-bot;blooket-bots;blooket-claw;blooket-exploit;blooket-flooder;blooket-game;blooket-game-bot;blooket-gui;blooket-openclaw;blooket-utilities;openclaw;openclaw-blooket;skill-openclaw;skills-openclaw;solver-openclaw
helenigtxu/TradingView-Claw,known_skill_repos.csv,False,SKILL.md,,main,main,,,,,,code_search,200,none,,,,2026-04-18T21:24:01Z,461,false,false,0,0,0,0,0,0,0,0,0,0,1174547135,helenigtxu/TradingView-Claw,false,5,1,0,3,Python,main,MIT,,461,461,1,102,2026-03-06T15:10:35Z,2026-03-12T22:39:31Z,2026-03-14T22:45:44Z,,0,,,,,,,2026-03-12T22:39:31Z,7410521f744285a6835b314ce10af94ee8072c97,true,false,false,,Python;Shell;JavaScript,,ai-auto-trading;ai-trading;ai-trading-bots;al-trading;bot-trading;openclaw-skill;quantitave-trading;trading-api;trading-application;trading-calculator;trading-claw;trading-openclaw;trading-robots;trading-ui;tradingview;tradingview-claw;tradingview-openclaw;tradingview-skill;tradingview-skill-openclaw;tradingviewclaw
hhszzzz/MingAI,known_skill_repos.csv,False,SKILL.md,,master,master,,,,,,code_search,200,none,,,,2026-04-18T21:24:52Z,17,false,false,1,0,0,0,0,0,0,0,0,0,1127593436,hhszzzz/MingAI,false,276,2,0,5,TypeScript,master,Apache-2.0,https://mingai.fun,17,17,1,9020,2026-01-04T07:47:59Z,2026-03-13T15:12:23Z,2026-03-13T15:12:28Z,,0,,,,,,,2026-03-13T15:12:23Z,0ad1f211caf4db86484b93f22711470d8166c7cc,false,false,false,,TypeScript;JavaScript;PLpgSQL;CSS;Swift;Java;Dockerfile;HTML,,bazi;divination;fortune-teller;liuyao;mbti;mcp;skills;tarot;ziweidoushu
hzqst/CS2_VibeSignatures,known_skill_repos.csv,False,SKILL.md,,main,main,,,,,,code_search,200,none,,,,2026-04-18T21:32:00Z,22,false,false,1,0,0,0,0,0,0,0,0,0,1140248884,hzqst/CS2_VibeSignatures,false,666,4,0,2,Python,main,MIT,,22,22,3,2073,2026-01-23T02:45:56Z,2026-03-10T01:24:07Z,2026-03-10T21:23:21Z,,4,,,,,,,2026-03-10T01:24:07Z,f5524cf695ca1df2ffbbf0cb914a7a845c50ae00,true,false,false,,Python;C++,,
jackwener/bilibili-cli,known_skill_repos.csv,False,SKILL.md,,main,main,,,,,,code_search,200,none,,,,2026-04-18T21:37:00Z,455,false,false,1,0,0,0,0,0,0,0,0,0,1172405518,jackwener/bilibili-cli,false,81,1,0,47,Python,main,Apache-2.0,,455,455,3,1108,2026-03-04T09:17:54Z,2026-03-14T12:23:49Z,2026-03-15T01:12:03Z,,2,,,,,,,2026-03-14T12:23:49Z,dbe28551930df43b633baa52e9639832aeada967,true,false,false,,Python,,
jackwener/tg-cli,known_skill_repos.csv,False,SKILL.md,,main,main,,,,,,code_search,200,none,,,,2026-04-18T21:37:02Z,162,false,false,1,1,0,0,0,0,0,0,0,0,1175792045,jackwener/tg-cli,false,45,1,0,16,Python,main,Apache-2.0,,162,162,1,262,2026-03-08T07:06:26Z,2026-03-14T15:57:42Z,2026-03-15T01:28:56Z,,1,,,,,,,2026-03-14T15:57:42Z,85eddd7d85def0888cc1135b689d04e1316478d4,true,false,false,,Python,,
jackwener/twitter-cli,known_skill_repos.csv,False,SKILL.md,,main,main,,,,,,code_search,200,none,,,,2026-04-18T21:37:03Z,1854,false,false,1,0,0,0,0,0,0,0,0,0,1173308786,jackwener/twitter-cli,false,114,2,0,157,Python,main,Apache-2.0,,1854,1854,4,541,2026-03-05T08:18:37Z,2026-03-14T15:38:10Z,2026-03-15T01:09:51Z,,7,,,,,,,2026-03-14T15:38:10Z,165bb650483c1682643c30af09d62f27a4116eac,true,false,false,,Python,,
joeseesun/anything-to-notebooklm,known_skill_repos.csv,False,SKILL.md,,main,main,,,,,,code_search,200,none,,,,2026-04-18T21:42:58Z,539,false,false,1,0,0,0,0,0,0,0,0,0,1141853351,joeseesun/anything-to-notebooklm,false,7,1,2,71,Python,main,MIT,,539,539,1,50,2026-01-25T14:48:01Z,2026-01-25T15:17:30Z,2026-03-14T12:47:12Z,,1,,,,,,,2026-01-25T15:17:30Z,965051880b73873bb73d849eb6edd0c3eef20f03,true,false,false,,Python;Shell,,automation;claude;mcp;notebooklm;skill
josstei/maestro-gemini,known_skill_repos.csv,False,SKILL.md,,main,main,,,,,,code_search,200,none,,,,2026-04-18T21:44:02Z,109,false,false,1,1,0,1,0,0,0,0,0,0,1153318872,josstei/maestro-gemini,false,70,2,5,5,JavaScript,main,MIT,,109,109,1,752,2026-02-09T06:49:37Z,2026-03-15T01:22:18Z,2026-03-14T23:09:13Z,,4,,,,,,,2026-03-15T01:22:18Z,e43ca84913550b4763dbff8cfa8a101cfbda5167,true,false,false,,JavaScript,,agentic;ai-agents;ai-coding;cli-extension;code-review;developer-tools;gemini;gemini-cli;gemini-extension;multi-agent;orchestration;subagents
jwilger/eventcore,known_skill_repos.csv,False,SKILL.md,,main,main,,,,,,code_search,200,none,,,,2026-04-18T21:45:58Z,11,false,false,1,1,0,1,0,0,0,0,0,0,1009880356,jwilger/eventcore,false,384,2,30,1,Rust,main,MIT,https://jwilger.github.io/eventcore/,11,11,3,4009,2025-06-27T22:05:15Z,2026-03-13T15:39:26Z,2026-02-22T06:17:26Z,,21,,,,,,,2026-03-13T15:39:26Z,b166564439b56d3c2f41c162c33ec9c6d03282f8,false,false,false,,Rust;PLpgSQL;Nix;Shell,,
kaptinlin/gozod,known_skill_repos.csv,False,SKILL.md,,main,main,,,,,,code_search,200,none,,,,2026-04-18T21:47:05Z,18,false,false,1,0,0,0,0,0,0,0,0,0,998653898,kaptinlin/gozod,false,113,1,0,1,Go,main,MIT,,18,18,2,8792,2025-06-09T03:18:12Z,2026-03-01T03:22:46Z,2026-03-01T03:22:47Z,,0,,,,,,,2026-03-01T03:22:46Z,66a229e06ffe281143ded337e9a5f5fec2f043b5,false,false,false,,Go,,
leeovery/claude-laravel,known_skill_repos.csv,False,SKILL.md,,main,main,,,,,,code_search,200,none,,,,2026-04-18T22:00:06Z,36,false,false,1,0,0,0,0,0,0,0,0,0,1102351560,leeovery/claude-laravel,false,113,3,0,7,PHP,main,MIT,,36,36,3,444,2025-11-23T09:53:04Z,2026-01-20T16:20:48Z,2026-03-13T08:34:42Z,,0,,,,,,,2026-01-20T16:20:48Z,f815563ebf74295de3d30d131e138a2a97ba8244,true,false,false,,PHP;Python;Shell,,
lespaceman/athena-flow-cli,known_skill_repos.csv,False,SKILL.md,,main,main,,,,,,code_search,200,none,,,,2026-04-18T22:01:09Z,10,false,false,1,0,0,0,0,0,0,0,0,0,1141513601,lespaceman/athena-flow-cli,false,901,54,14,0,TypeScript,main,MIT,htttps://athenaflow.in,10,10,4,4130,2026-01-25T00:29:31Z,2026-03-10T20:18:55Z,2026-03-11T15:09:22Z,,1,,,,,,,2026-03-10T20:18:55Z,03e80a95cc582e2dbaa424fb7339dfa7ef0db1a4,false,false,false,,TypeScript;JavaScript,,ai;ai-agents;automation;claude-code;codex;llm;workflow;workflow-automation
letta-ai/letta,known_skill_repos.csv,False,SKILL.md,,main,main,,,,,,code_search,200,none,,,,2026-04-18T22:01:59Z,21577,false,false,1,1,0,0,0,0,0,0,0,0,703411624,letta-ai/letta,false,7287,66,175,2264,Python,main,Apache-2.0,https://docs.letta.com/,21577,21577,153,292846,2023-10-11T07:38:37Z,2026-03-13T06:05:31Z,2026-03-15T01:41:49Z,,79,,,,,,,2026-03-13T06:05:31Z,4cb2f21c65d571d807d7466335e51432826749ba,false,false,false,,Python;Go;Shell;TypeScript;C++;Java;Jinja;JavaScript;Dockerfile;Mako,,ai;ai-agents;llm;llm-agent
longbridge/longbridge-terminal,known_skill_repos.csv,False,SKILL.md,,main,main,,,,,,code_search,200,none,,,,2026-04-18T22:08:05Z,617,false,false,1,1,0,0,0,0,0,0,0,0,670015795,longbridge/longbridge-terminal,false,35,2,3,40,Rust,main,MIT,,617,617,2,265,2023-07-24T05:38:18Z,2026-03-13T11:03:28Z,2026-03-14T12:54:08Z,,1,,,,,,,2026-03-13T11:03:28Z,d52fceebd557ae0cb8943bb3a14a6aeb82284fe4,false,false,false,,Rust;Shell,,longbridge;ratatui;termainal;tui
mapbox/mcp-devkit-server,known_skill_repos.csv,False,SKILL.md,,main,main,,,,,,code_search,200,none,,,,2026-04-18T22:16:24Z,43,false,false,1,1,0,1,0,0,0,0,0,0,1027961562,mapbox/mcp-devkit-server,false,187,61,11,7,TypeScript,main,MIT,,43,43,7,89534,2025-07-28T19:56:35Z,2026-03-13T16:33:51Z,2026-03-05T16:32:51Z,,4,,,,,,,2026-03-13T16:33:51Z,961fec845765b2b86328686ec633d6549109e792,true,false,false,,TypeScript;JavaScript;Handlebars;Dockerfile;Shell,,
mark3labs/mcphost,known_skill_repos.csv,False,SKILL.md,,main,main,,,,,,code_search,200,none,,,,2026-04-18T22:17:27Z,1575,false,false,1,0,0,0,0,0,0,0,0,0,900381647,mark3labs/mcphost,false,247,31,62,231,Go,main,MIT,,1575,1575,25,1281,2024-12-08T16:27:27Z,2026-02-26T13:42:27Z,2026-03-14T00:38:39Z,,19,,,,,,,2026-02-26T13:42:27Z,7483bef1fa346d1b9b51a6226f7e34260841e90d,true,false,false,,Go;Shell,,
microsoft/PowerAppsCodeApps,known_skill_repos.csv,False,SKILL.md,,main,main,,,,,,code_search,200,none,,,,2026-04-18T22:29:15Z,341,false,false,1,0,0,1,0,0,0,0,0,0,980300859,microsoft/PowerAppsCodeApps,false,278,24,4,97,TypeScript,main,MIT,,341,341,20,21630,2025-05-08T22:54:28Z,2026-03-07T00:57:09Z,2026-03-13T22:41:37Z,,38,,,,,,,2026-03-07T00:57:09Z,6fd739c894e35a303718e9c5f61d58d7ebb01167,true,false,false,,TypeScript;CSS;JavaScript;HTML,,
mono424/spooky,known_skill_repos.csv,False,SKILL.md,,main,main,,,,,,code_search,200,none,,,,2026-04-18T22:40:20Z,17,false,false,1,0,0,0,0,0,0,0,0,0,1076774938,mono424/spooky,false,548,19,0,0,TypeScript,main,MIT,https://mono424.github.io/spooky/,17,17,2,125934,2025-10-15T10:24:35Z,2026-03-14T20:59:09Z,2026-03-14T20:59:10Z,,3,,,,,,,2026-03-14T20:59:09Z,c8346ac7dae8f561e9a9d4a96779b5d379193bfd,true,false,false,,TypeScript;Rust;MDX;JavaScript;SurrealQL;CSS;Astro;Dart;Go Template;Dockerfile;Shell;Vim Snippet;HTML,,
nirholas/agenti,known_skill_repos.csv,False,SKILL.md,,main,main,,,,,,code_search,200,none,,,,2026-04-18T22:48:13Z,42,false,false,1,0,0,0,0,0,0,0,0,0,253370253,nirholas/agenti,false,182,17,0,12,TypeScript,main,Apache-2.0,https://agenti.cash,42,42,4,183648,2020-04-06T01:45:19Z,2026-03-09T10:04:48Z,2026-03-13T02:39:05Z,,15,,,,,,,2026-03-09T10:04:48Z,05aa018934b1c58a54d54d58672d3d0a0b11ba5e,true,false,false,,TypeScript;HTML;Python;Go;JavaScript;Solidity;Shell;CSS;Rust;Java;MDX;Makefile;Ruby;Jinja;PHP;Dockerfile;HCL;PLpgSQL;JSON5;Go Template;Procfile,,api;automated;bot;claude;clawd;crypto;llm;mcp;payments;trade;trading;x402
ocrbase-hq/ocrbase,known_skill_repos.csv,False,SKILL.md,,main,main,,,,,,code_search,200,none,,,,2026-04-18T22:51:33Z,968,false,false,1,0,0,0,0,0,0,0,0,0,1137877076,ocrbase-hq/ocrbase,false,112,2,0,77,TypeScript,main,MIT,https://ocrbase.dev,968,968,3,3690,2026-01-20T00:42:56Z,2026-03-09T14:41:02Z,2026-03-14T20:31:28Z,,7,,,,,,,2026-03-09T14:41:02Z,8139fd1967b30e5d314cd3ab6b0ce855b75b9531,false,false,false,,TypeScript;MDX;CSS;Dockerfile;JavaScript,,ai;bun;document-processing;drizzle;elysia;json;markdown;ocr;paddleocr;pdf;react-hooks;self-hosted;typescript;websocket
open-pencil/open-pencil,known_skill_repos.csv,False,SKILL.md,,master,master,,,,,,code_search,200,none,,,,2026-04-18T22:57:25Z,2353,false,false,1,1,0,0,0,0,0,0,0,0,1168481509,open-pencil/open-pencil,false,817,55,16,208,TypeScript,master,MIT,https://openpencil.dev,2353,2353,7,9771,2026-02-27T12:48:35Z,2026-03-14T20:58:56Z,2026-03-15T01:08:59Z,,18,,,,,,,2026-03-14T20:58:56Z,c847eab75c656070b670d062418f4ccdd018f912,false,false,false,,TypeScript;Vue;Rust;JavaScript;HTML;CSS,,
openclaw-rocks/k8s-operator,known_skill_repos.csv,False,SKILL.md,,main,main,,,,,,code_search,200,none,,,,2026-04-18T22:58:29Z,198,false,false,1,1,0,0,0,0,0,0,0,0,1151230494,openclaw-rocks/k8s-operator,false,367,4,81,38,Go,main,Apache-2.0,https://openclaw.rocks,198,198,11,1634,2026-02-06T07:56:06Z,2026-03-14T21:38:19Z,2026-03-14T23:07:06Z,,4,,,,,,,2026-03-14T21:38:19Z,c8f9e369095faad918a1d75bbe13befa124e447e,false,false,false,,Go;Shell;Makefile;Go Template;Dockerfile,,kubernetes;kubernetes-operator;openclaw;openclaw-security
opendataloader-project/opendataloader-pdf,known_skill_repos.csv,False,SKILL.md,,main,main,,,,,,code_search,200,none,,,,2026-04-18T22:59:22Z,1966,false,false,1,1,0,1,0,0,0,0,0,0,982587624,opendataloader-project/opendataloader-pdf,false,469,5,49,137,Java,main,Apache-2.0,https://opendataloader.org,1966,1966,13,83954,2025-05-13T05:48:02Z,2026-03-13T06:31:15Z,2026-03-14T11:57:08Z,,10,,,,,,,2026-03-13T06:31:15Z,e574c3db47671f43bc613ba109be61be9f22158b,false,false,false,,Java;Python;MDX;JavaScript;TypeScript;Shell,,a11y;accessibility;ai;bounding-box;document-parsing;eaa;html;json;markdown;ocr;ocr-recognition;pdf;pdf-accessibility;pdf-converter;pdf-extraction;pdf-parser;pdf-ua;rag;tables;tagged-pdf
openguardrails/moltguard,known_skill_repos.csv,False,SKILL.md,,main,main,,,,,,code_search,200,none,,,,2026-04-18T22:59:26Z,14,false,false,0,0,0,0,0,0,0,0,0,0,1150675423,openguardrails/moltguard,false,23,1,0,4,TypeScript,main,MIT,https://moltguard.com,14,14,2,1025,2026-02-05T15:01:48Z,2026-02-23T10:10:49Z,2026-03-03T16:15:52Z,,3,,,,,,,2026-02-23T10:10:49Z,23095078706ae397801facd01afc21f43086fd08,true,false,false,,TypeScript;JavaScript,,clawdbot;moltbook;moltbot;openclaw;prompt-injection;security
optave/codegraph,known_skill_repos.csv,False,SKILL.md,,main,main,,,,,,code_search,200,none,,,,2026-04-18T23:02:23Z,27,false,false,1,1,0,1,0,0,0,0,0,0,1163218957,optave/codegraph,false,642,8,27,2,JavaScript,main,Apache-2.0,,27,27,3,8044,2026-02-21T09:31:55Z,2026-03-14T20:40:33Z,2026-03-14T20:35:09Z,,4,,,,,,,2026-03-14T20:40:33Z,52972f6f41383f316758e5b63e96185745eab17a,true,false,false,,JavaScript;Rust;Shell,,ai-agents;architecture;ci-cd;cli;code-analysis;code-quality;codeowners;complexity-metrics;dependency-graph;impact-analysis;incremental-builds;mcp-server;semantic-search;sqlite;static-analysis;tree-sitter
originsec/praxis,known_skill_repos.csv,False,SKILL.md,,main,main,,,,,,code_search,200,none,,,,2026-04-18T23:02:32Z,28,false,false,1,0,0,0,0,0,0,0,0,0,1143512913,originsec/praxis,false,29,9,10,8,Rust,main,Apache-2.0,,28,28,2,2463,2026-01-27T17:10:47Z,2026-03-04T13:44:01Z,2026-03-14T14:58:53Z,,1,,,,,,,2026-03-04T13:44:01Z,df9bd2b907abe235f4b64c220e436fb65b3b74ca,false,false,false,,Rust;TypeScript;Lua;Shell;CSS;PowerShell;Dockerfile;HTML;JavaScript,,
pacaplan/agent-gauntlet,known_skill_repos.csv,False,SKILL.md,,main,main,,,,,,code_search,200,none,,,,2026-04-18T23:05:32Z,19,false,false,1,0,0,0,0,0,0,0,0,0,1132464271,pacaplan/agent-gauntlet,false,730,12,22,1,TypeScript,main,MIT,,19,19,2,28625,2026-01-12T01:51:44Z,2026-03-13T03:52:42Z,2026-03-13T13:24:40Z,,1,,,,,,,2026-03-13T03:52:42Z,204e8cbe25555324f31b7fdf6a593ddf8fd37577,true,false,false,,TypeScript;JavaScript;Shell,,
psmarter/mini-infer,known_skill_repos.csv,False,SKILL.md,,main,main,,,,,,code_search,200,none,,,,2026-04-18T23:21:27Z,61,false,false,1,0,0,0,0,0,0,0,0,0,1125096708,psmarter/mini-infer,false,15,1,0,3,Python,main,MIT,,61,61,3,96,2025-12-30T06:20:29Z,2025-12-31T02:54:18Z,2026-03-13T05:14:37Z,,0,,,,,,,2025-12-31T02:54:18Z,9a3f593b1c895a6483412d95cc074858f4dcaa7e,true,false,false,,Python;Batchfile,,ai;cuda;deep-learning;gpu;inference;language-model;llm;machine-learning;pagedattention;python;pytorch;transformer;triton
pulsemcp/mcp-servers,known_skill_repos.csv,False,SKILL.md,,main,main,,,,,,code_search,200,none,,,,2026-04-18T23:21:32Z,62,false,false,1,1,0,0,0,0,0,0,0,0,982277834,pulsemcp/mcp-servers,false,375,34,112,6,TypeScript,main,MIT,,62,62,1,7786,2025-05-12T16:30:10Z,2026-03-13T23:10:18Z,2026-03-13T23:10:21Z,,12,,,,,,,2026-03-13T23:10:18Z,fc32eeb67cde818b369d8f477728ca0fb7536e34,false,false,false,,TypeScript;JavaScript;Shell,,
quiet-circles/hyperlocalise,known_skill_repos.csv,False,SKILL.md,,main,main,,,,,,code_search,200,none,,,,2026-04-18T23:26:24Z,13,false,false,1,1,0,0,0,0,0,0,0,0,1163930045,quiet-circles/hyperlocalise,false,147,9,13,2,Go,main,MIT,,13,13,3,2253,2026-02-22T11:29:57Z,2026-03-14T13:21:29Z,2026-03-14T13:21:31Z,,4,,,,,,,2026-03-14T13:21:29Z,9643a7049cacceea9489db091a5c812bfc2ee103,false,false,false,,Go;Starlark;Shell;MDX;Makefile;CSS;TypeScript;HTML,,
qxkjsoft/ginfast,known_skill_repos.csv,False,SKILL.md,,main,main,,,,,,code_search,200,none,,,,2026-04-18T23:26:28Z,87,false,false,1,0,0,0,0,0,0,0,0,0,1076763575,qxkjsoft/ginfast,false,118,1,0,27,Go,main,MIT,,87,87,3,123591,2025-10-15T10:03:59Z,2026-03-13T09:51:05Z,2026-03-13T09:51:09Z,,0,,,,,,,2026-03-13T09:51:05Z,a79c4dbcd369d164f5feef44495b8f9a7f922ac5,true,false,false,,Go;Go Template;Batchfile;Shell,,
redclawsystems/clawbernetes,known_skill_repos.csv,False,SKILL.md,,main,main,,,,,,code_search,200,none,,,,2026-04-18T23:30:32Z,35,false,false,0,0,0,0,0,0,0,0,0,0,1152424013,redclawsystems/clawbernetes,false,2,1,0,1,Rust,main,MIT,,35,35,1,1604,2026-02-07T21:19:08Z,2026-03-04T00:39:03Z,2026-03-14T23:31:00Z,,1,,,,,,,2026-03-04T00:39:03Z,780764ca6058c0515bbb17df614837883de1bddd,false,false,false,,Rust;Shell;TypeScript;Makefile,,
riii111/sabiql,known_skill_repos.csv,False,SKILL.md,,main,main,,,,,,code_search,200,none,,,,2026-04-18T23:35:30Z,138,false,false,1,0,0,0,0,0,0,0,0,0,1123541397,riii111/sabiql,false,1121,2,17,4,Rust,main,MIT,,138,138,3,2744,2025-12-27T05:01:13Z,2026-03-14T21:03:27Z,2026-03-14T21:03:24Z,,0,,,,,,,2026-03-14T21:03:27Z,4b9b55ff04b2c27b0a0de8c21052b51929a3046d,false,false,false,,Rust;PLpgSQL;Shell,,postgresql;ratatui;rust;tui
rohanpatriot/nextjs-directory-boilerplate,known_skill_repos.csv,False,SKILL.md,,main,main,,,,,,code_search,200,none,,,,2026-04-18T23:37:32Z,14,false,false,1,0,0,0,0,0,0,0,0,0,884544522,rohanpatriot/nextjs-directory-boilerplate,false,61,5,0,3,TypeScript,main,MIT,https://nextjs-directory-boilerplate.vercel.app,14,14,3,694,2024-11-07T00:14:03Z,2026-03-14T20:04:55Z,2026-03-14T20:05:00Z,,6,,,,,,,2026-03-14T20:04:55Z,3fab2c2509605965868e86a62cda27fc19104035,true,false,false,,TypeScript;MDX;CSS;JavaScript,,blog;directory;mdx;nextj;shadcn-ui
s87343472/backlink-pilot,known_skill_repos.csv,False,SKILL.md,,main,main,,,,,,code_search,200,none,,,,2026-04-18T23:43:28Z,54,false,false,1,1,0,0,0,0,0,0,0,0,1158894944,s87343472/backlink-pilot,false,7,1,0,9,JavaScript,main,MIT,,54,54,1,58,2026-02-16T03:48:48Z,2026-03-04T09:08:44Z,2026-03-14T07:19:26Z,,1,,,,,,,2026-03-04T09:08:44Z,7d18ac3d35b2dd6a9d21a78e27ef1126d98d80ad,true,false,false,,JavaScript;Shell,,automation;awesome-lists;backlinks;directory-submission;indie-hacker;link-building;marketing;openclaw;playwright;seo
scitrera/sparkrun,known_skill_repos.csv,False,SKILL.md,,main,main,,,,,,code_search,200,none,,,,2026-04-18T23:47:31Z,38,false,false,1,0,0,0,0,0,0,0,0,0,1159456624,scitrera/sparkrun,false,338,2,14,6,Python,main,Apache-2.0,https://sparkrun.dev,38,38,4,33942,2026-02-16T18:48:55Z,2026-03-14T17:52:41Z,2026-03-14T12:27:35Z,,7,,,,,,,2026-03-14T17:52:41Z,f7c971c3a126c45cd704c9e3a72c997af8876d37,true,false,false,,Python;MDX;Shell;CSS;TypeScript;JavaScript;Astro,,dgx-spark;inference;llama-cpp;sglang;vllm
shadcraft/shadcraft-free,known_skill_repos.csv,False,SKILL.md,,main,main,,,,,,code_search,200,none,,,,2026-04-18T23:52:28Z,30,false,false,1,0,0,0,0,0,0,0,0,0,1103525385,shadcraft/shadcraft-free,false,108,2,0,3,TypeScript,main,Apache-2.0,https://free.shadcraft.com,30,30,2,2124,2025-11-25T01:42:07Z,2026-03-03T22:26:01Z,2026-03-03T22:26:05Z,,1,,,,,,,2026-03-03T22:26:01Z,5fb3f23fbef2d53006536d217343283bc6705976,false,false,false,,TypeScript;CSS;JavaScript,,nextjs;react;registry;shadcn;tailwindcss
srbhr/Resume-Matcher,known_skill_repos.csv,False,SKILL.md,,main,main,,,,,,code_search,200,none,,,,2026-04-19T00:08:25Z,26305,false,false,1,1,0,1,0,0,0,0,0,0,253975496,srbhr/Resume-Matcher,false,1055,10,5,4742,TypeScript,main,Apache-2.0,https://resumematcher.fyi/,26305,26305,73,161353,2020-04-08T03:26:49Z,2026-03-14T06:52:14Z,2026-03-14T23:40:04Z,,46,,,,,,,2026-03-14T06:52:14Z,5ec23d699139e295ea9857d6959fa9428acc761d,false,false,false,,TypeScript;Python;Shell;CSS;JavaScript;HTML;Dockerfile,,applicant-tracking-system;ats;hacktoberfest;machine-learning;natural-language-processing;nextjs;python;resume;resume-builder;resume-parser;text-similarity;typescript;vector-search;word-embeddings
sswym/oh-my-iflow,known_skill_repos.csv,False,SKILL.md,,main,main,,,,,,code_search,200,none,,,,2026-04-19T00:08:34Z,51,false,false,1,0,0,0,0,0,0,0,0,0,1169157559,sswym/oh-my-iflow,false,28,1,0,4,TypeScript,main,MIT,,51,51,2,893,2026-02-28T09:02:49Z,2026-03-12T06:40:31Z,2026-03-14T08:51:01Z,,1,,,,,,,2026-03-12T06:40:31Z,295d79f61fb8fb596bd498843ca10a0174b48647,true,false,false,,TypeScript;CSS;Shell;JavaScript;HTML;Python,,
steveyegge/beads,known_skill_repos.csv,False,SKILL.md,,main,main,,,,,,code_search,200,none,,,,2026-04-19T00:10:34Z,19046,false,false,1,1,0,0,0,0,0,0,0,0,1074561042,steveyegge/beads,false,7684,33,82,1229,Go,main,MIT,,19046,19046,307,6876134,2025-10-12T03:09:46Z,2026-03-14T20:35:33Z,2026-03-15T01:55:45Z,,50,,,,,,,2026-03-14T20:35:33Z,30340153fea212008e7165005614b76c0423bccb,false,false,false,,Go;Python;Shell;Go Template;JavaScript;PowerShell;TypeScript;Makefile;Nix;CSS,,agents;claude-code;coding
steveyegge/gastown,known_skill_repos.csv,False,SKILL.md,,main,main,,,,,,code_search,200,none,,,,2026-04-19T00:10:34Z,12114,false,false,1,1,0,1,0,0,0,0,0,0,1117184424,steveyegge/gastown,false,6345,2,7,1018,Go,main,MIT,,12114,12114,237,16336850,2025-12-16T00:33:33Z,2026-03-14T19:56:23Z,2026-03-15T02:00:45Z,,122,,,,,,,2026-03-14T19:56:23Z,f28273a1e2f3393ef440a15c4eeb7cd49ac5c292,false,false,false,,Go;Shell;JavaScript;Go Template;CSS;HTML;Python;Makefile;TypeScript;Nix;Dockerfile,,
stevezau/plex_generate_vid_previews,known_skill_repos.csv,False,SKILL.md,,dev,dev,,,,,,code_search,200,none,,,,2026-04-19T00:10:35Z,180,false,false,1,1,0,0,0,0,0,0,0,0,485100230,stevezau/plex_generate_vid_previews,false,369,2,50,27,Python,dev,MIT,https://hub.docker.com/r/stevezzau/plex_generate_vid_previews,180,180,16,1713,2022-04-24T17:55:59Z,2026-03-14T23:14:16Z,2026-03-15T00:44:34Z,,2,,,,,,,2026-03-14T23:14:16Z,6fac6cae819e9c454ac7fb6fb031910c8c3e5cd2,true,false,false,,Python;HTML;JavaScript;CSS;Dockerfile;Shell,,bif;docker;ffmpeg;hardware-acceleration;media-server;media-server-automation;nvidia-gpu;plex;plex-media-server;thumbnails;thumbnails-preview;unraid;video-previews
strangeadvancedmarketing/Adam,known_skill_repos.csv,False,SKILL.md,,master,master,,,,,,code_search,200,none,,,,2026-04-19T00:11:35Z,31,false,false,0,0,0,0,0,0,0,0,0,0,1172038595,strangeadvancedmarketing/Adam,false,81,1,4,5,Python,master,MIT,https://strangeadvancedmarketing.github.io/Adam/,31,31,3,475,2026-03-03T22:05:46Z,2026-03-14T22:28:41Z,2026-03-14T22:28:44Z,,2,,,,,,,2026-03-14T22:28:41Z,5314223bc3f97d784a9eb095da810312aa7a91b5,false,false,false,,Python;HTML;Shell;PowerShell,,agent-memory;ai-agent;ai-framework;identity-sovereignty;llm;local-ai;memory-layer;openai;openclaw;persistent-memory;python;self-hosted;telegram-bot;voice-agent;windows
swiftwasm/skills,known_skill_repos.csv,False,SKILL.md,,main,main,,,,,,code_search,200,none,,,,2026-04-19T00:16:34Z,31,false,false,1,0,0,1,0,0,0,0,0,0,1132072224,swiftwasm/skills,false,11,2,0,1,Python,main,MIT,,31,31,3,45,2026-01-11T09:11:14Z,2026-02-17T14:11:26Z,2026-02-25T14:13:39Z,,0,,,,,,,2026-02-17T14:11:26Z,565c980be7111026783bf2abe3e0d40db5ed02bd,false,false,false,,Python,,
theam/autonomous-researcher,known_skill_repos.csv,False,SKILL.md,,main,main,,,,,,code_search,200,none,,,,2026-04-19T00:23:34Z,18,false,false,1,0,0,0,0,0,0,0,0,0,1176141868,theam/autonomous-researcher,false,12,1,0,2,Python,main,MIT,,18,18,1,86,2026-03-08T17:13:31Z,2026-03-08T17:40:41Z,2026-03-14T10:04:36Z,,0,,,,,,,2026-03-08T17:40:41Z,0ab3fbc6d1b044b7bc62f91a1b4e835426c8da30,true,false,false,,Python,,
varadhjain/granola-claude-plugin,known_skill_repos.csv,False,SKILL.md,,main,main,,,,,,code_search,200,none,,,,2026-04-19T00:38:38Z,51,false,false,1,0,0,0,0,0,0,0,0,0,1135444890,varadhjain/granola-claude-plugin,false,11,1,0,2,Python,main,MIT,,51,51,1,40,2026-01-16T05:27:24Z,2026-01-24T22:48:45Z,2026-02-08T17:49:48Z,,0,,,,,,,2026-01-24T22:48:45Z,8268f81fbff8124706191d45ba33837b9f89009f,true,false,false,,Python,,ai;claude-code;gpt-5;granola;meeting-notes;openai
wieslawsoltes/xaml-csharp-development-skill-for-avalonia,known_skill_repos.csv,False,SKILL.md,,main,main,,,,,,code_search,200,none,,,,2026-04-19T00:54:35Z,41,false,false,1,0,0,0,0,0,0,0,0,0,1158404312,wieslawsoltes/xaml-csharp-development-skill-for-avalonia,false,49,1,0,4,Python,main,MIT,https://wieslawsoltes.github.io/xaml-csharp-development-skill-for-avalonia/,41,41,1,1547,2026-02-15T10:10:11Z,2026-03-14T19:09:53Z,2026-03-14T21:54:58Z,,0,,,,,,,2026-03-14T19:09:53Z,5d4820af8ec6cda4986ace6570dfbecd4c7b4aae,false,false,false,,Python,,agents;ai;avalonia;avaloniaui;chatgpt;claude;codex;copilot;gemini;openai;skill
xuey490/project,known_skill_repos.csv,False,SKILL.md,,main,main,,,,,,code_search,200,none,,,,2026-04-19T01:00:39Z,12,false,false,1,1,0,0,0,0,0,0,0,0,1073728765,xuey490/project,false,773,40,19,0,PHP,main,MIT,,12,12,1,31095,2025-10-10T14:29:30Z,2026-03-12T08:36:38Z,2026-02-09T14:01:02Z,,13,,,,,,,2026-03-12T08:36:38Z,57bc25fa05c22d29d0d132b51a049ddf4aafdf78,true,false,false,,PHP;Twig;HTML;Batchfile,,dependency-injection;psr-11;psr-15;symfony;thinkorm;workerman
yhvh-chen/Olav,known_skill_repos.csv,False,SKILL.md,,main,main,,,,,,code_search,200,none,,,,2026-04-19T01:03:37Z,11,false,false,0,0,0,0,0,0,0,0,0,0,1118545886,yhvh-chen/Olav,false,259,2,0,4,Python,main,MIT,,11,11,1,9345,2025-12-17T23:27:55Z,2026-01-14T02:06:37Z,2026-01-15T02:48:57Z,,0,,,,,,,2026-01-14T02:06:37Z,f9dc5cb51f1b8d423a856b77d9f41e0b48b2d8a8,true,false,false,,Python;Dockerfile,,
zhayujie/chatgpt-on-wechat,known_skill_repos.csv,False,SKILL.md,,master,master,,,,,,code_search,200,none,,,,2026-04-19T01:09:40Z,42208,false,false,1,0,0,0,0,0,0,0,0,0,522158088,zhayujie/chatgpt-on-wechat,false,1569,15,66,9827,Python,master,MIT,https://cowagent.ai,42208,42208,102,5815,2022-08-07T08:33:41Z,2026-03-12T12:49:51Z,2026-03-15T01:37:42Z,,354,,,,,,,2026-03-12T12:49:51Z,4b91140f315ca95ada66b01c4360fc376ff5e8b8,true,false,false,,Python;JavaScript;HTML;Shell;CSS;Dockerfile,,ai;ai-agent;chatgpt;claude;deepseek;dingtalk;feishu-bot;gemini;kimi;linkai;llm;mcp;multi-agent;openai;openclaw;python3;qwen;skills;wechat
